id_mahasiswa;Marital_status;Application_mode;Application_order;Course;Daytime_evening_attendance;Previous_qualification;Previous_qualification_grade;Nacionality;Mothers_qualification;Fathers_qualification;Mothers_occupation;Fathers_occupation;Admission_grade;Displaced;Educational_special_needs;Debtor;Tuition_fees_up_to_date;Gender;Scholarship_holder;Age_at_enrollment;International;Curricular_units_1st_sem_credited;Curricular_units_1st_sem_enrolled;Curricular_units_1st_sem_evaluations;Curricular_units_1st_sem_approved;Curricular_units_1st_sem_grade;Curricular_units_1st_sem_without_evaluations;Curricular_units_2nd_sem_credited;Curricular_units_2nd_sem_enrolled;Curricular_units_2nd_sem_evaluations;Curricular_units_2nd_sem_approved;Curricular_units_2nd_sem_grade;Curricular_units_2nd_sem_without_evaluations;Unemployment_rate;Inflation_rate;GDP;Status;skor_kartu;peringkat;asal_data;profil
MHS0001;1;17;5;171;1;1;122.0;1;19;12;5;9;127.3;1;0;0;1;1;0;20;0;0;0;0;0;0.0;0;0;0;0;0;0.0;0;10.8;1.4;1.74;Dropout;551;D;data latih;Menghilang dari kelas
MHS0002;1;15;1;9254;1;1;160.0;1;1;3;3;3;142.5;1;0;0;0;1;0;19;0;0;6;6;6;14.0;0;0;6;6;6;13.666666666666666;0;13.9;-0.3;0.79;Graduate;605;C;data latih;Tidak dipanggil
MHS0003;1;1;5;9070;1;1;122.0;1;37;37;9;9;124.8;1;0;0;0;1;0;19;0;0;6;0;0;0.0;0;0;6;0;0;0.0;0;10.8;1.4;1.74;Dropout;489;E;data latih;Menghilang dari kelas
MHS0004;1;17;2;9773;1;1;122.0;1;38;37;5;3;119.6;1;0;0;1;0;0;20;0;0;6;8;6;13.428571428571429;0;0;6;10;5;12.4;0;9.4;-0.8;-3.12;Graduate;641;C;data latih;Tidak dipanggil
MHS0005;2;39;1;8014;0;1;100.0;1;37;38;9;9;141.5;0;0;0;1;0;0;45;0;0;6;9;5;12.333333333333334;0;0;6;6;6;13.0;0;13.9;-0.3;0.79;Graduate;638;C;data latih;Tidak dipanggil
MHS0006;2;39;1;9991;0;19;133.1;1;37;37;9;7;114.8;0;0;1;1;1;0;50;0;0;5;10;5;11.857142857142858;0;0;5;17;5;11.5;5;16.2;0.3;-0.92;Graduate;527;E;data latih;Berjuang secara akademik
MHS0007;1;1;1;9500;1;1;142.0;1;19;38;7;10;128.4;1;0;0;1;0;1;18;0;0;7;9;7;13.3;0;0;8;8;8;14.345;0;15.5;2.8;-4.06;Graduate;733;A;data latih;Tidak dipanggil
MHS0008;1;18;4;9254;1;1;119.0;1;37;37;9;9;113.1;1;0;0;0;1;0;22;0;0;5;5;0;0.0;0;0;5;5;0;0.0;0;15.5;2.8;-4.06;Dropout;464;E;data latih;Terhalang biaya
MHS0009;1;1;3;9238;1;1;137.0;62;1;1;9;9;129.3;0;0;0;1;0;1;21;1;0;6;8;6;13.875;0;0;6;7;6;14.142857142857142;0;16.2;0.3;-0.92;Graduate;732;A;data uji;Tidak dipanggil
MHS0010;1;1;1;9238;1;1;138.0;1;1;19;4;7;123.0;1;0;1;0;0;0;18;0;0;6;9;5;11.4;0;0;6;14;2;13.5;0;8.9;1.4;3.51;Dropout;534;E;data uji;Terhalang biaya
MHS0011;1;1;1;9670;1;1;139.0;1;38;19;5;7;130.6;1;0;0;1;0;0;18;0;0;6;6;6;12.333333333333334;0;0;6;7;5;14.2;0;13.9;-0.3;0.79;Graduate;656;C;data latih;Tidak dipanggil
MHS0012;1;1;1;9500;1;1;136.0;1;19;38;9;9;119.3;1;0;0;1;0;1;18;0;0;8;8;7;13.214285714285714;0;0;8;8;7;13.214285714285714;0;12.7;3.7;-1.7;Graduate;728;A;data latih;Tidak dipanggil
MHS0013;1;1;2;9853;1;1;133.0;1;19;37;4;9;130.2;1;0;0;1;0;0;19;0;0;6;6;0;0.0;0;0;6;0;0;0.0;0;12.7;3.7;-1.7;Dropout;555;D;data uji;Menghilang dari kelas
MHS0014;1;53;1;9254;1;42;110.0;1;1;1;4;7;111.8;1;0;0;1;0;1;21;0;0;6;7;6;10.571428571428571;0;0;6;8;5;11.0;0;8.9;1.4;3.51;Graduate;628;C;data latih;Tidak dipanggil
MHS0015;1;1;1;9085;1;1;149.0;1;38;37;5;5;137.1;1;0;0;1;0;1;18;0;0;5;7;4;13.25;0;0;5;5;5;12.0;0;10.8;1.4;1.74;Graduate;665;B;data latih;Tidak dipanggil
MHS0016;1;1;1;9773;1;1;127.0;1;19;37;9;3;120.7;1;0;0;1;0;0;20;0;0;6;6;5;13.2;0;0;6;7;0;0.0;0;15.5;2.8;-4.06;Dropout;605;C;data latih;Tidak dipanggil
MHS0017;1;18;1;9238;1;1;137.0;1;19;38;5;8;137.4;1;0;0;1;0;0;18;0;0;6;10;1;12.0;0;0;6;14;2;11.0;0;10.8;1.4;1.74;Enrolled;578;D;mahasiswa aktif;Berjuang secara akademik
MHS0018;1;17;2;9500;1;1;135.0;1;19;1;5;4;127.3;1;0;0;1;0;0;18;0;0;7;8;7;13.30625;0;0;8;8;8;14.545;0;15.5;2.8;-4.06;Graduate;697;A;data latih;Tidak dipanggil
MHS0019;1;1;1;9130;1;1;137.0;1;3;19;3;5;136.3;1;0;0;1;0;0;20;0;0;5;8;4;12.5;1;0;5;8;4;12.25;2;10.8;1.4;1.74;Graduate;618;C;data uji;Tidak dipanggil
MHS0020;1;1;1;9853;1;1;140.0;1;19;19;7;7;124.6;1;0;0;1;0;0;18;0;0;7;7;6;11.666666666666666;0;0;7;8;6;13.5;0;16.2;0.3;-0.92;Enrolled;675;B;mahasiswa aktif;Tidak dipanggil
MHS0021;1;1;3;171;1;1;122.0;1;1;1;9;8;120.3;0;0;0;1;0;1;21;0;0;0;0;0;0.0;0;0;0;0;0;0.0;0;11.1;0.6;2.02;Graduate;587;D;data latih;Menghilang dari kelas
MHS0022;1;18;4;9556;1;1;127.0;1;1;38;4;7;121.8;1;0;0;1;0;0;20;0;0;7;14;7;11.4375;0;0;8;9;8;11.425;0;12.7;3.7;-1.7;Enrolled;631;C;mahasiswa aktif;Tidak dipanggil
MHS0023;1;1;4;9500;1;1;142.0;1;19;19;1;1;125.5;1;0;0;1;0;0;18;0;0;8;12;7;12.857142857142858;0;0;8;12;7;12.857142857142858;0;12.7;3.7;-1.7;Graduate;699;A;data latih;Tidak dipanggil
MHS0024;1;1;4;9670;1;1;125.0;1;1;38;4;7;114.9;1;0;0;1;0;1;19;0;0;6;8;6;13.375;0;0;6;7;6;12.285714285714286;0;11.1;0.6;2.02;Graduate;713;A;data uji;Tidak dipanggil
MHS0025;1;1;1;9500;1;1;126.0;1;19;19;3;7;123.9;0;0;0;1;0;0;19;0;0;7;8;6;13.296666666666669;0;0;8;9;7;14.114285714285714;0;11.1;0.6;2.02;Graduate;702;A;data latih;Tidak dipanggil
MHS0026;1;1;1;9238;1;1;151.0;1;19;38;9;9;157.0;1;0;1;1;0;1;18;0;0;6;8;5;11.6;0;0;6;12;4;11.0;0;7.6;2.6;0.32;Enrolled;608;C;mahasiswa aktif;Tidak dipanggil
MHS0027;1;17;2;9238;1;1;115.0;1;19;38;7;8;116.4;1;0;0;1;0;0;21;0;0;6;9;6;11.375;0;0;6;9;6;13.285714285714286;0;16.2;0.3;-0.92;Graduate;679;B;data latih;Tidak dipanggil
MHS0028;1;1;1;9085;1;1;138.0;1;19;19;3;3;131.0;1;0;0;1;0;0;18;0;0;5;9;5;12.666666666666666;2;0;5;7;4;13.0;0;9.4;-0.8;-3.12;Enrolled;638;C;mahasiswa aktif;Tidak dipanggil
MHS0029;1;1;1;9147;1;1;135.0;1;19;1;9;9;122.1;1;0;0;1;0;0;20;0;0;5;6;5;12.0;0;0;5;6;5;12.333333333333334;0;16.2;0.3;-0.92;Graduate;617;C;data latih;Tidak dipanggil
MHS0030;1;17;2;9500;1;1;127.0;1;3;3;1;10;118.8;1;0;0;1;1;0;19;0;0;7;9;6;12.933333333333332;0;0;7;7;6;13.716666666666669;0;16.2;0.3;-0.92;Enrolled;692;B;mahasiswa aktif;Tidak dipanggil
MHS0031;1;44;1;9003;1;39;150.0;1;4;5;4;2;150.0;0;0;0;1;1;0;21;0;0;6;15;5;11.857142857142858;0;0;6;17;5;10.571428571428571;0;16.2;0.3;-0.92;Enrolled;581;D;mahasiswa aktif;Berjuang secara akademik
MHS0032;1;51;1;9070;1;1;125.0;1;42;3;125;124;130.0;1;0;0;1;1;0;20;0;2;6;7;6;12.833333333333334;0;0;6;9;4;13.4;0;8.9;1.4;3.51;Graduate;646;C;data uji;Tidak dipanggil
MHS0033;1;1;1;9147;1;1;143.0;1;1;1;4;6;138.8;0;0;0;0;1;0;18;0;0;5;9;3;11.333333333333334;0;0;5;8;2;13.5;0;8.9;1.4;3.51;Enrolled;549;E;mahasiswa aktif;Terhalang biaya
MHS0034;1;18;1;8014;0;1;138.0;1;19;1;9;5;134.5;1;0;0;1;0;0;19;0;0;6;6;6;12.666666666666666;0;0;6;8;6;14.375;0;12.4;0.5;1.79;Graduate;685;B;data latih;Tidak dipanggil
MHS0035;1;1;1;9991;0;1;130.0;1;2;37;3;9;131.4;0;0;0;1;1;0;34;0;0;5;6;5;12.4;0;0;5;9;5;13.428571428571429;0;13.9;-0.3;0.79;Graduate;614;C;data latih;Tidak dipanggil
MHS0036;1;39;1;33;1;1;130.0;1;38;37;9;6;102.5;0;0;1;0;1;0;37;0;0;7;7;0;0.0;0;0;7;7;1;10.0;0;8.9;1.4;3.51;Dropout;420;E;data latih;Terhalang biaya
MHS0037;1;39;1;9119;1;10;133.1;1;34;37;0;0;128.8;1;0;0;1;1;0;43;0;0;5;0;0;0.0;0;0;5;0;0;0.0;0;7.6;2.6;0.32;Dropout;508;E;data uji;Menghilang dari kelas
MHS0038;1;43;1;9147;1;1;140.0;1;37;37;6;6;122.9;0;0;0;1;0;0;55;0;0;5;10;1;10.0;0;0;5;8;2;12.0;2;16.2;0.3;-0.92;Dropout;560;D;data latih;Berjuang secara akademik
MHS0039;4;39;1;9991;0;1;120.0;1;19;19;9;3;113.9;1;0;0;1;0;0;39;0;0;5;8;5;11.0;0;0;5;5;5;11.6;0;7.6;2.6;0.32;Graduate;553;D;data latih;Berjuang secara akademik
MHS0040;1;44;1;9130;1;39;120.0;6;4;4;3;6;120.0;0;0;1;0;0;0;20;1;2;6;13;3;11.666666666666666;0;1;6;11;3;12.0;0;12.4;0.5;1.79;Dropout;500;E;data latih;Terhalang biaya
MHS0041;1;1;5;9773;1;1;126.0;1;3;3;2;2;121.1;0;0;1;1;0;0;18;0;0;6;6;4;12.75;0;0;5;5;0;0.0;0;12.7;3.7;-1.7;Dropout;580;D;data uji;Berjuang secara akademik
MHS0042;1;1;2;9147;1;1;133.0;1;3;19;2;7;120.4;1;0;0;1;0;0;22;0;0;5;5;5;14.8;0;0;5;5;5;15.8;0;8.9;1.4;3.51;Graduate;630;C;data latih;Tidak dipanggil
MHS0043;1;1;6;9500;1;1;103.0;1;1;3;2;2;100.6;1;1;0;1;0;0;22;0;0;7;9;5;13.928;0;0;8;9;7;14.342857142857142;0;11.1;0.6;2.02;Graduate;677;B;data latih;Tidak dipanggil
MHS0044;1;17;1;9773;1;1;120.0;1;1;38;5;5;121.4;0;0;0;0;0;0;20;0;0;6;7;4;13.0;0;0;6;7;5;13.8;0;12.4;0.5;1.79;Dropout;558;D;data latih;Terhalang biaya
MHS0045;1;39;1;9991;0;1;133.1;1;37;37;9;9;109.7;0;0;0;1;0;0;29;0;0;5;0;0;0.0;0;0;5;0;0;0.0;0;16.2;0.3;-0.92;Dropout;520;E;data latih;Menghilang dari kelas
MHS0046;1;17;1;9991;0;1;154.0;1;38;38;4;5;134.1;0;0;0;1;0;0;24;0;0;5;9;2;11.5;0;0;5;11;3;14.333333333333334;1;7.6;2.6;0.32;Enrolled;607;C;mahasiswa aktif;Tidak dipanggil
MHS0047;1;17;2;9238;1;1;130.0;1;19;19;9;9;127.6;1;0;0;1;0;0;18;0;0;6;6;6;11.666666666666666;0;0;6;8;5;13.2;0;11.1;0.6;2.02;Graduate;646;C;data latih;Tidak dipanggil
MHS0048;1;17;6;9500;1;1;132.0;1;37;19;7;7;132.4;1;0;0;1;0;1;22;0;0;7;8;6;13.516666666666666;0;0;8;9;7;13.771428571428572;0;11.1;0.6;2.02;Graduate;708;A;data latih;Tidak dipanggil
MHS0049;1;44;1;8014;0;39;130.0;1;1;19;9;9;133.4;0;0;0;1;0;1;21;0;3;6;6;6;11.5;0;2;6;7;6;13.285714285714286;0;12.4;0.5;1.79;Graduate;701;A;data latih;Tidak dipanggil
MHS0050;1;1;1;9238;1;1;139.0;1;37;38;9;9;126.1;0;0;0;1;0;1;19;0;0;6;7;5;12.333333333333334;0;0;6;7;6;12.833333333333334;0;12.7;3.7;-1.7;Graduate;708;A;data latih;Tidak dipanggil
MHS0051;1;39;1;9254;1;1;130.0;1;19;38;9;7;113.5;0;0;0;1;0;1;24;0;0;6;6;6;13.666666666666666;0;0;6;6;6;14.166666666666666;0;12.4;0.5;1.79;Graduate;690;B;data latih;Tidak dipanggil
MHS0052;1;1;1;9500;1;1;139.0;1;37;38;6;6;121.3;1;0;0;1;0;1;19;0;0;8;10;6;11.833333333333334;0;0;8;10;6;11.833333333333334;0;9.4;-0.8;-3.12;Enrolled;713;A;mahasiswa aktif;Tidak dipanggil
MHS0053;1;1;1;9773;1;1;127.0;1;1;19;7;7;121.8;1;0;0;1;0;1;20;0;0;6;11;4;14.0;0;0;6;12;3;11.0;0;9.4;-0.8;-3.12;Enrolled;636;C;mahasiswa aktif;Tidak dipanggil
MHS0054;1;1;3;9130;1;1;167.0;1;37;37;90;90;159.3;0;0;0;1;0;0;19;0;0;5;7;5;14.714285714285714;0;0;5;5;5;15.8;0;7.6;2.6;0.32;Graduate;635;C;data uji;Tidak dipanggil
MHS0055;1;39;1;9991;0;1;130.0;1;38;38;9;9;120.0;0;0;0;1;0;0;27;0;0;5;12;5;10.6;0;0;5;10;5;11.0;0;9.4;-0.8;-3.12;Dropout;555;D;data uji;Berjuang secara akademik
MHS0056;1;1;1;9500;1;1;130.0;1;1;19;5;5;129.1;1;0;0;1;0;0;18;0;0;7;9;7;13.044444444444444;0;0;8;10;8;13.595;0;15.5;2.8;-4.06;Graduate;699;A;data latih;Tidak dipanggil
MHS0057;2;7;1;9254;1;3;130.0;1;1;3;4;3;130.0;0;0;0;1;0;0;39;0;0;6;10;0;0.0;0;0;6;6;0;0.0;0;12.4;0.5;1.79;Dropout;525;E;data uji;Berjuang secara akademik
MHS0058;1;39;1;9130;1;40;129.0;1;3;3;2;2;155.3;1;0;0;1;0;0;27;0;0;6;9;5;13.0;0;5;11;13;10;12.9;0;12.4;0.5;1.79;Dropout;630;C;data latih;Tidak dipanggil
MHS0059;1;17;1;9500;1;1;141.0;1;38;38;7;10;139.8;1;0;0;1;0;0;18;0;0;8;8;8;14.935;0;0;8;8;8;14.935;0;9.4;-0.8;-3.12;Graduate;699;A;data latih;Tidak dipanggil
MHS0060;1;1;3;171;1;1;125.0;1;38;37;4;9;115.2;1;0;0;1;0;0;18;0;0;0;0;0;0.0;0;0;0;0;0;0.0;0;7.6;2.6;0.32;Enrolled;562;D;mahasiswa aktif;Menghilang dari kelas
MHS0061;1;1;2;9500;1;1;125.0;1;19;19;9;9;114.9;0;0;0;1;0;0;18;0;0;7;8;6;13.133333333333333;0;0;8;12;7;12.221428571428572;0;16.2;0.3;-0.92;Graduate;694;B;data latih;Tidak dipanggil
MHS0062;1;44;1;9238;1;39;130.0;1;19;1;9;9;131.9;0;0;0;1;0;1;21;0;3;6;7;6;12.0;0;2;6;7;6;12.0;0;13.9;-0.3;0.79;Graduate;702;A;data uji;Tidak dipanggil
MHS0063;1;17;3;171;1;1;133.0;1;1;37;4;7;126.0;1;0;0;1;1;1;19;0;0;0;0;0;0.0;0;0;0;0;0;0.0;0;10.8;1.4;1.74;Enrolled;582;D;mahasiswa aktif;Menghilang dari kelas
MHS0064;1;17;1;9070;1;1;127.0;1;1;1;3;4;130.2;1;0;0;1;1;0;19;0;0;6;6;5;11.4;0;0;6;8;1;10.0;0;10.8;1.4;1.74;Enrolled;592;D;mahasiswa aktif;Berjuang secara akademik
MHS0065;1;43;1;9070;1;1;116.0;1;1;1;3;3;120.9;0;0;0;1;1;0;24;0;0;6;6;0;0.0;0;0;6;6;0;0.0;0;12.7;3.7;-1.7;Enrolled;542;E;mahasiswa aktif;Menghilang dari kelas
MHS0066;4;42;1;9500;1;19;133.1;1;1;1;5;5;126.0;1;0;0;1;1;0;29;0;2;7;10;5;11.9;0;1;8;10;5;11.0;0;13.9;-0.3;0.79;Dropout;582;D;data latih;Berjuang secara akademik
MHS0067;1;1;3;171;1;1;139.0;1;19;19;5;3;128.2;1;0;0;1;1;1;19;0;0;0;0;0;0.0;0;0;0;0;0;0.0;0;10.8;1.4;1.74;Graduate;589;D;data latih;Menghilang dari kelas
MHS0068;1;44;1;9003;1;39;130.0;1;19;37;9;9;130.0;1;0;0;1;1;0;23;0;0;6;8;6;12.571428571428571;0;0;6;7;6;12.428571428571429;0;8.9;1.4;3.51;Graduate;659;B;data latih;Tidak dipanggil
MHS0069;1;1;3;9147;1;1;125.0;1;1;38;7;7;120.1;0;0;1;1;1;0;19;0;0;5;8;5;11.2;0;0;5;10;4;10.75;3;16.2;0.3;-0.92;Dropout;566;D;data uji;Berjuang secara akademik
MHS0070;1;39;1;9254;1;1;160.0;1;19;37;7;10;100.0;0;0;0;1;1;0;26;0;0;6;7;6;12.0;0;0;6;8;5;10.8;0;12.7;3.7;-1.7;Enrolled;577;D;mahasiswa aktif;Berjuang secara akademik
MHS0071;1;17;1;9147;1;1;148.0;1;38;37;5;5;134.0;0;0;0;1;1;0;18;0;0;5;9;0;0.0;0;0;5;5;0;0.0;0;7.6;2.6;0.32;Enrolled;554;D;mahasiswa aktif;Menghilang dari kelas
MHS0072;1;17;1;9500;1;1;150.0;1;37;19;8;4;130.8;0;0;0;1;1;0;24;0;0;7;8;7;11.975;0;0;8;8;8;13.75;0;13.9;-0.3;0.79;Graduate;669;B;data latih;Tidak dipanggil
MHS0073;1;1;1;171;1;1;141.0;1;19;19;5;10;135.8;1;0;0;1;1;0;19;0;0;0;0;0;0.0;0;0;0;0;0;0.0;0;15.5;2.8;-4.06;Dropout;560;D;data latih;Menghilang dari kelas
MHS0074;1;17;4;9254;1;1;118.0;1;38;37;5;7;111.7;1;0;0;1;1;0;18;0;0;6;12;3;11.666666666666666;0;0;6;12;1;12.0;0;12.4;0.5;1.79;Dropout;616;C;data uji;Tidak dipanggil
MHS0075;1;1;2;9773;1;1;142.0;1;38;38;9;9;132.9;1;0;0;1;1;0;18;0;0;6;8;6;12.333333333333334;0;0;6;11;3;12.333333333333334;0;10.8;1.4;1.74;Graduate;649;C;data latih;Tidak dipanggil
MHS0076;1;17;3;9147;1;1;120.0;1;19;19;4;7;115.5;1;0;1;1;1;0;18;0;0;5;8;3;10.333333333333334;0;0;5;11;3;10.857142857142858;0;10.8;1.4;1.74;Dropout;546;E;data latih;Berjuang secara akademik
MHS0077;1;18;4;9254;1;1;106.0;1;19;37;7;7;106.0;1;0;0;1;1;1;21;0;0;6;8;4;10.5;0;0;6;11;1;11.0;0;9.4;-0.8;-3.12;Dropout;612;C;data latih;Tidak dipanggil
MHS0078;1;17;4;9773;1;1;121.0;1;1;19;9;8;120.3;1;0;1;1;1;1;19;0;0;6;6;6;13.666666666666666;0;0;6;6;6;13.333333333333334;0;8.9;1.4;3.51;Graduate;688;B;data latih;Tidak dipanggil
MHS0079;1;17;4;9500;1;1;150.0;1;38;37;9;9;130.8;0;0;0;1;1;1;22;0;0;7;7;7;14.842857142857142;0;0;8;9;8;15.055555555555555;0;16.2;0.3;-0.92;Graduate;715;A;data uji;Tidak dipanggil
MHS0080;2;39;1;8014;0;1;120.0;1;37;37;9;6;117.0;0;0;0;1;1;0;33;0;0;6;8;6;12.0;0;0;6;6;6;11.666666666666666;0;10.8;1.4;1.74;Graduate;615;C;data latih;Tidak dipanggil
MHS0081;1;1;6;9853;1;1;114.0;1;19;19;9;9;110.2;1;0;0;1;1;0;20;0;0;6;8;5;12.2;0;0;6;7;5;12.2;0;10.8;1.4;1.74;Dropout;620;C;data uji;Tidak dipanggil
MHS0082;1;39;1;9991;0;2;140.0;1;3;3;2;2;155.7;1;0;0;1;1;0;35;0;0;1;1;0;0.0;1;0;5;0;0;0.0;0;10.8;1.4;1.74;Dropout;520;E;data uji;Menghilang dari kelas
MHS0083;1;39;1;9003;1;4;160.0;1;3;3;4;2;180.4;0;0;1;1;1;0;24;0;6;12;17;6;12.166666666666666;0;7;12;14;10;13.3;0;12.4;0.5;1.79;Dropout;622;C;data latih;Tidak dipanggil
MHS0084;1;17;1;9254;1;1;120.0;1;19;19;4;4;125.5;0;0;0;1;1;0;18;0;0;5;6;5;12.0;0;0;5;8;3;11.333333333333334;0;12.7;3.7;-1.7;Enrolled;589;D;mahasiswa aktif;Berjuang secara akademik
MHS0085;2;39;1;8014;0;1;130.0;1;37;37;9;6;110.0;1;0;0;1;0;0;33;0;0;6;7;6;11.0;0;0;6;11;5;11.0;0;9.4;-0.8;-3.12;Graduate;578;D;data latih;Berjuang secara akademik
MHS0086;1;42;1;9500;1;1;160.0;1;37;38;9;7;161.0;1;0;0;1;0;1;22;0;0;8;8;7;13.08;0;0;8;8;7;13.08;0;10.8;1.4;1.74;Graduate;706;A;data latih;Tidak dipanggil
MHS0087;1;39;1;9670;1;1;120.0;1;1;19;4;5;100.0;0;0;0;1;0;1;25;0;0;5;7;4;10.5;0;0;5;7;5;11.6;0;9.4;-0.8;-3.12;Graduate;590;D;data latih;Berjuang secara akademik
MHS0088;1;17;1;9070;1;1;124.0;1;19;38;4;0;117.6;1;0;0;1;1;0;20;0;0;6;9;6;10.666666666666666;1;0;6;6;5;11.2;0;7.6;2.6;0.32;Graduate;606;C;data uji;Tidak dipanggil
MHS0089;1;1;6;9147;1;1;143.0;1;38;37;9;9;128.7;1;0;0;1;1;0;23;0;0;5;6;4;14.0;0;0;5;5;5;13.8;0;11.1;0.6;2.02;Enrolled;630;C;mahasiswa aktif;Tidak dipanggil
MHS0090;1;43;2;9119;1;1;115.0;1;38;19;9;6;112.2;1;0;1;1;1;0;18;0;0;5;9;2;10.0;0;0;5;9;0;0.0;0;15.5;2.8;-4.06;Enrolled;524;E;mahasiswa aktif;Berjuang secara akademik
MHS0091;1;39;1;9500;1;1;133.1;1;1;1;4;10;100.8;0;0;0;1;1;0;24;0;0;7;18;0;0.0;0;0;7;7;0;0.0;0;13.9;-0.3;0.79;Dropout;538;E;data latih;Berjuang secara akademik
MHS0092;1;17;2;9773;1;1;133.1;41;19;1;9;9;105.0;1;0;0;0;0;0;21;1;0;6;6;6;14.0;0;0;6;6;6;13.5;0;8.9;1.4;3.51;Graduate;608;C;data uji;Tidak dipanggil
MHS0093;1;15;1;9130;1;1;133.1;41;1;1;4;4;100.0;0;0;0;1;0;0;26;1;0;6;7;2;12.0;1;0;6;6;0;0.0;0;8.9;1.4;3.51;Dropout;566;D;data latih;Berjuang secara akademik
MHS0094;2;39;1;9853;1;10;133.1;1;37;34;0;0;115.5;0;0;0;1;0;0;39;0;0;6;12;3;12.666666666666666;0;0;6;14;0;0.0;1;7.6;2.6;0.32;Dropout;560;D;data uji;Berjuang secara akademik
MHS0095;2;39;1;8014;0;1;133.1;1;37;19;9;9;114.0;0;0;0;1;0;0;44;0;2;8;11;8;11.875;0;0;6;7;6;12.333333333333334;0;12.7;3.7;-1.7;Graduate;642;C;data latih;Tidak dipanggil
MHS0096;1;15;1;9119;1;1;130.0;26;38;3;9;2;137.0;1;0;0;1;1;0;19;1;0;5;9;5;14.0;0;0;5;11;3;13.25;0;13.9;-0.3;0.79;Enrolled;611;C;mahasiswa aktif;Tidak dipanggil
MHS0097;1;1;5;9773;1;1;135.0;1;37;1;5;5;124.9;1;0;0;1;0;0;18;0;0;6;6;6;13.666666666666666;0;0;6;6;6;13.333333333333334;0;8.9;1.4;3.51;Graduate;694;B;data uji;Tidak dipanggil
MHS0098;1;1;5;9500;1;1;132.0;1;37;37;7;7;120.3;1;0;0;1;0;1;18;0;0;7;7;7;13.75;0;0;8;9;8;14.47777777777778;0;12.4;0.5;1.79;Graduate;735;A;data latih;Tidak dipanggil
MHS0099;1;1;1;9085;1;1;135.0;1;1;2;9;1;134.3;1;0;0;1;0;0;19;0;0;5;7;5;14.2;2;0;5;7;5;13.8;0;12.7;3.7;-1.7;Enrolled;646;C;mahasiswa aktif;Tidak dipanggil
MHS0100;1;1;4;9500;1;1;115.0;1;3;3;2;2;111.5;1;0;1;0;0;0;19;0;0;7;10;4;11.96;0;0;7;7;0;0.0;0;13.9;-0.3;0.79;Dropout;501;E;data latih;Terhalang biaya
MHS0101;1;53;1;9085;1;42;130.0;1;38;38;9;9;128.8;0;0;0;1;0;0;21;0;7;10;12;8;12.875;0;4;9;14;5;13.4;0;8.9;1.4;3.51;Dropout;644;C;data latih;Tidak dipanggil
MHS0102;1;1;4;171;1;1;133.1;1;1;1;9;10;110.0;1;0;0;1;0;0;20;0;0;0;0;0;0.0;0;0;0;0;0;0.0;0;16.2;0.3;-0.92;Graduate;558;D;data uji;Menghilang dari kelas
MHS0103;2;39;1;8014;0;1;130.0;1;37;37;6;5;113.5;1;0;0;1;0;0;36;0;0;6;0;0;0.0;0;0;6;0;0;0.0;0;9.4;-0.8;-3.12;Dropout;529;E;data latih;Menghilang dari kelas
MHS0104;4;39;1;9003;1;12;133.1;1;37;37;9;6;160.0;0;0;0;1;0;0;43;0;13;18;19;18;14.63157894736842;0;10;13;14;13;14.23076923076923;1;15.5;2.8;-4.06;Graduate;656;C;data latih;Tidak dipanggil
MHS0105;1;18;1;9853;1;1;123.0;1;19;19;9;7;117.4;1;0;0;1;0;0;19;0;0;6;0;0;0.0;0;0;6;0;0;0.0;0;11.1;0.6;2.02;Dropout;546;E;data latih;Menghilang dari kelas
MHS0106;1;51;1;9070;1;1;130.0;1;3;1;2;8;122.2;0;0;1;1;0;0;20;0;4;10;12;10;13.0;0;5;11;11;11;12.272727272727272;0;11.1;0.6;2.02;Graduate;650;C;data latih;Tidak dipanggil
MHS0107;1;1;2;9238;1;1;122.0;1;37;38;4;7;118.2;1;0;0;1;0;0;19;0;0;6;0;0;0.0;0;0;6;0;0;0.0;0;16.2;0.3;-0.92;Dropout;570;D;data latih;Menghilang dari kelas
MHS0108;1;1;1;9085;1;1;113.0;1;1;1;4;4;106.7;1;0;0;1;0;0;20;0;0;6;15;4;14.2;0;0;6;17;4;13.25;0;15.5;2.8;-4.06;Dropout;639;C;data latih;Tidak dipanggil
MHS0109;1;1;5;9500;1;1;111.0;1;3;4;4;3;108.2;1;0;0;1;0;0;20;0;2;7;9;6;13.266666666666666;0;0;7;10;5;12.3;0;12.4;0.5;1.79;Dropout;655;C;data latih;Tidak dipanggil
MHS0110;1;17;2;9853;1;1;133.1;1;19;1;9;3;107.0;1;0;0;1;0;0;20;0;0;7;12;6;11.666666666666666;0;0;7;10;3;13.0;0;16.2;0.3;-0.92;Enrolled;627;C;mahasiswa aktif;Tidak dipanggil
MHS0111;1;1;1;9238;1;1;142.0;1;37;37;6;7;136.1;1;0;0;1;0;0;18;0;0;6;8;6;13.857142857142858;0;0;6;6;6;15.0;0;13.9;-0.3;0.79;Graduate;707;A;data latih;Tidak dipanggil
MHS0112;1;17;2;9147;1;1;123.0;1;1;38;4;7;115.3;1;0;0;1;0;1;18;0;0;5;9;3;13.0;0;0;5;11;3;11.0;0;8.9;1.4;3.51;Enrolled;626;C;mahasiswa aktif;Tidak dipanggil
MHS0113;1;1;1;9085;1;1;131.0;1;19;19;9;9;139.8;1;0;0;1;0;0;19;0;0;5;6;5;13.4;0;0;5;5;5;12.8;0;10.8;1.4;1.74;Graduate;634;C;data latih;Tidak dipanggil
MHS0114;1;1;3;9773;1;1;158.0;1;1;38;4;7;157.0;1;0;0;1;0;0;18;0;0;6;6;6;12.666666666666666;0;0;6;7;6;12.571428571428571;0;10.8;1.4;1.74;Graduate;686;B;data latih;Tidak dipanggil
MHS0115;1;17;2;9500;1;1;122.0;1;37;37;9;9;131.0;1;0;0;1;0;0;18;0;0;7;7;6;12.516666666666666;1;0;7;7;6;12.516666666666666;1;7.6;2.6;0.32;Dropout;686;B;data latih;Tidak dipanggil
MHS0116;1;43;1;9500;1;1;130.0;1;38;38;9;5;100.0;0;0;0;1;0;0;20;0;0;7;11;6;11.616666666666667;0;0;7;7;7;13.0;0;13.9;-0.3;0.79;Enrolled;672;B;mahasiswa aktif;Tidak dipanggil
MHS0117;1;17;1;9238;1;1;154.0;1;19;37;9;7;140.4;1;0;0;1;0;1;20;0;0;6;13;2;10.0;0;0;6;12;4;10.75;0;7.6;2.6;0.32;Enrolled;608;C;mahasiswa aktif;Tidak dipanggil
MHS0118;1;17;1;9147;1;1;120.0;1;19;19;3;3;113.4;0;0;0;1;0;0;20;0;0;5;11;3;10.333333333333334;0;0;5;10;3;10.666666666666666;0;12.4;0.5;1.79;Enrolled;568;D;mahasiswa aktif;Berjuang secara akademik
MHS0119;1;1;2;9085;1;1;140.0;1;37;38;9;7;137.0;0;0;0;1;0;0;18;0;0;5;12;5;13.142857142857142;2;0;5;6;5;11.4;0;9.4;-0.8;-3.12;Graduate;609;C;data latih;Tidak dipanggil
MHS0120;1;1;1;9147;1;1;127.0;1;2;19;4;5;121.8;0;0;0;1;0;0;18;0;0;5;5;5;12.6;0;0;5;5;5;14.0;0;11.1;0.6;2.02;Graduate;638;C;data latih;Tidak dipanggil
MHS0121;1;17;1;9254;1;1;133.1;1;1;1;4;5;131.0;1;0;0;1;0;0;21;0;0;6;12;3;11.0;0;0;6;12;2;11.0;0;9.4;-0.8;-3.12;Dropout;585;D;data latih;Berjuang secara akademik
MHS0122;1;1;2;9147;1;1;120.0;1;19;19;9;7;118.6;1;0;0;1;0;0;19;0;0;5;8;5;10.8;0;0;5;9;4;11.25;2;16.2;0.3;-0.92;Graduate;592;D;data latih;Berjuang secara akademik
MHS0123;1;1;1;171;1;1;137.0;1;3;19;2;9;122.3;0;0;0;1;0;0;19;0;0;0;0;0;0.0;0;0;0;0;0;0.0;0;10.8;1.4;1.74;Dropout;560;D;data latih;Menghilang dari kelas
MHS0124;1;1;1;9670;1;1;131.0;1;38;38;9;9;127.9;0;0;0;1;0;1;19;0;0;5;5;5;12.8;0;0;5;5;5;14.2;0;9.4;-0.8;-3.12;Graduate;667;B;data latih;Tidak dipanggil
MHS0125;1;1;1;9085;1;1;130.0;1;19;38;4;7;121.3;1;0;0;1;0;0;19;0;0;6;15;6;14.166666666666666;0;0;6;13;6;12.2;0;15.5;2.8;-4.06;Graduate;689;B;data uji;Tidak dipanggil
MHS0126;1;17;6;9556;1;1;122.0;1;1;1;4;5;117.1;1;0;0;1;0;0;19;0;0;7;12;5;12.1;0;0;7;0;0;0.0;0;13.9;-0.3;0.79;Dropout;591;D;data latih;Menghilang dari kelas
MHS0127;1;44;1;9085;1;39;160.0;1;37;37;9;9;160.0;1;0;0;1;0;0;20;0;1;6;7;6;14.166666666666666;0;1;6;17;5;13.77777777777778;0;12.4;0.5;1.79;Graduate;647;C;data latih;Tidak dipanggil
MHS0128;1;1;1;9853;1;1;146.0;1;19;38;9;3;145.3;1;0;0;1;0;1;18;0;0;6;8;5;12.8;0;0;6;7;5;13.4;0;9.4;-0.8;-3.12;Enrolled;658;B;mahasiswa aktif;Tidak dipanggil
MHS0129;1;17;3;9238;1;1;131.0;1;1;39;5;3;122.6;1;0;0;1;0;0;18;0;0;6;7;6;13.0;0;0;6;6;6;13.666666666666666;0;12.4;0.5;1.79;Graduate;693;B;data latih;Tidak dipanggil
MHS0130;1;17;6;9500;1;1;132.0;1;1;37;8;9;128.0;1;0;0;1;0;0;19;0;0;7;7;7;13.467142857142855;0;0;8;9;8;15.011111111111113;0;12.4;0.5;1.79;Graduate;695;A;data latih;Tidak dipanggil
MHS0131;1;1;3;9500;1;1;138.0;1;19;19;5;8;124.9;1;0;0;1;0;1;18;0;0;7;9;7;13.2375;0;0;8;9;7;13.742857142857144;0;13.9;-0.3;0.79;Dropout;728;A;data uji;Tidak dipanggil
MHS0132;1;17;2;9070;1;1;130.0;1;37;37;9;9;123.7;1;0;0;1;0;0;18;0;0;6;6;6;12.333333333333334;0;0;6;6;6;13.0;0;7.6;2.6;0.32;Graduate;686;B;data latih;Tidak dipanggil
MHS0133;1;1;4;9147;1;1;126.0;1;1;19;4;8;120.1;1;0;0;1;0;0;19;0;0;5;7;5;12.4;0;0;5;5;5;14.6;0;8.9;1.4;3.51;Graduate;636;C;data latih;Tidak dipanggil
MHS0134;1;17;6;9500;1;1;148.0;1;1;19;3;3;131.7;1;0;0;1;0;0;19;0;0;7;8;5;14.0;0;0;7;7;0;0.0;0;13.9;-0.3;0.79;Dropout;609;C;data uji;Tidak dipanggil
MHS0135;1;43;1;9238;1;1;130.0;1;38;37;9;7;133.2;0;0;0;1;0;0;20;0;5;9;15;9;11.666666666666666;0;2;7;8;7;11.714285714285714;0;7.6;2.6;0.32;Graduate;639;C;data latih;Tidak dipanggil
MHS0136;1;1;1;9670;1;1;117.0;1;1;38;3;9;109.3;0;0;1;0;0;1;19;0;0;6;7;5;12.0;0;0;6;9;4;12.5;0;12.4;0.5;1.79;Dropout;547;E;data uji;Terhalang biaya
MHS0137;1;17;1;9670;1;1;120.0;1;19;19;5;5;113.0;1;0;0;1;0;0;20;0;0;5;7;4;12.2;0;0;5;5;4;11.5;0;7.6;2.6;0.32;Graduate;592;D;data latih;Berjuang secara akademik
MHS0138;1;1;1;9773;1;1;153.0;1;1;1;141;175;157.9;0;0;1;1;0;1;18;0;0;6;6;6;14.833333333333334;0;0;6;6;6;14.833333333333334;0;8.9;1.4;3.51;Graduate;704;A;data latih;Tidak dipanggil
MHS0139;1;1;2;9500;1;1;117.0;1;19;1;4;7;112.1;0;0;0;1;0;1;20;0;0;7;9;5;13.188;0;0;8;9;7;12.892857142857142;0;11.1;0.6;2.02;Enrolled;708;A;mahasiswa aktif;Tidak dipanggil
MHS0140;1;18;1;9500;1;1;178.0;1;19;1;4;8;174.7;0;0;0;1;0;0;18;0;0;7;8;7;17.125;0;0;8;8;8;17.5875;0;13.9;-0.3;0.79;Graduate;697;A;data latih;Tidak dipanggil
MHS0141;1;1;5;9500;1;1;129.0;1;37;37;9;9;128.8;1;0;0;1;0;0;19;0;0;7;7;6;12.666666666666666;0;0;7;7;6;12.666666666666666;0;7.6;2.6;0.32;Graduate;691;B;data uji;Tidak dipanggil
MHS0142;1;1;6;9773;1;1;116.0;1;19;1;4;4;110.1;1;0;0;1;0;1;19;0;0;6;8;6;12.666666666666666;0;0;6;10;5;12.0;0;12.4;0.5;1.79;Graduate;676;B;data latih;Tidak dipanggil
MHS0143;1;51;1;9147;1;1;99.0;1;3;1;3;3;99.7;1;0;1;0;0;0;22;0;0;5;8;0;0.0;0;0;5;7;0;0.0;0;8.9;1.4;3.51;Enrolled;436;E;mahasiswa aktif;Terhalang biaya
MHS0144;1;1;3;9238;1;1;135.0;1;1;12;9;10;121.0;1;0;0;1;0;1;19;0;0;6;7;6;11.333333333333334;0;0;6;6;6;11.5;0;12.4;0.5;1.79;Graduate;685;B;data latih;Tidak dipanggil
MHS0145;1;1;3;9500;1;1;141.0;1;19;19;9;7;131.7;1;0;0;1;0;1;19;0;0;7;10;7;13.605;0;0;8;11;8;12.33125;0;15.5;2.8;-4.06;Graduate;721;A;data latih;Tidak dipanggil
MHS0146;1;17;5;9853;1;1;132.0;1;37;38;5;6;119.1;1;0;0;1;0;1;19;0;0;6;10;5;12.0;0;0;6;9;5;10.8;0;9.4;-0.8;-3.12;Graduate;610;C;data uji;Tidak dipanggil
MHS0147;1;1;4;9254;1;1;132.0;1;12;19;9;9;124.7;1;0;0;1;0;0;19;0;0;5;10;0;0.0;0;0;5;10;0;0.0;0;7.6;2.6;0.32;Dropout;561;D;data latih;Berjuang secara akademik
MHS0148;1;17;1;9254;1;1;113.0;1;1;37;9;10;117.2;1;0;0;1;0;0;20;0;0;6;8;5;11.2;0;0;6;12;3;11.666666666666666;0;7.6;2.6;0.32;Dropout;585;D;data uji;Berjuang secara akademik
MHS0149;1;1;1;9147;1;1;134.0;1;3;19;2;10;128.8;0;0;0;1;0;0;18;0;0;5;10;5;13.375;0;0;5;9;5;14.166666666666666;0;13.9;-0.3;0.79;Graduate;641;C;data latih;Tidak dipanggil
MHS0150;1;1;1;9500;1;1;136.0;1;1;19;9;9;131.5;0;0;0;1;0;1;20;0;0;7;8;6;13.863333333333337;0;0;8;9;7;14.178571428571429;0;11.1;0.6;2.02;Graduate;731;A;data latih;Tidak dipanggil
MHS0151;1;1;1;171;1;1;136.0;1;3;37;2;8;121.7;1;0;0;1;0;0;18;0;0;0;0;0;0.0;0;0;0;0;0;0.0;0;9.4;-0.8;-3.12;Enrolled;562;D;mahasiswa aktif;Menghilang dari kelas
MHS0152;1;1;1;9085;1;1;129.0;1;1;38;4;7;123.4;0;0;0;1;0;0;19;0;0;5;6;5;12.4;0;0;5;6;5;13.4;0;7.6;2.6;0.32;Graduate;636;C;data latih;Tidak dipanggil
MHS0153;1;17;1;9853;1;1;138.0;1;38;38;7;6;124.7;1;0;0;1;0;0;18;0;0;6;11;3;12.333333333333334;0;0;6;10;5;10.833333333333334;0;9.4;-0.8;-3.12;Enrolled;590;D;mahasiswa aktif;Berjuang secara akademik
MHS0154;1;1;1;9853;1;1;137.0;1;37;37;9;9;132.8;1;0;0;1;0;0;18;0;0;6;7;6;13.333333333333334;0;0;6;8;5;11.8;0;7.6;2.6;0.32;Graduate;616;C;data latih;Tidak dipanggil
MHS0155;1;43;1;9853;1;1;115.0;1;3;37;2;5;108.7;1;0;0;1;0;0;21;0;0;6;10;3;12.666666666666666;0;0;6;12;3;10.0;0;9.4;-0.8;-3.12;Dropout;580;D;data latih;Berjuang secara akademik
MHS0156;1;1;1;9853;1;1;129.0;1;38;37;6;6;138.1;0;0;0;1;0;0;19;0;0;6;8;6;12.0;0;0;6;10;4;11.5;0;7.6;2.6;0.32;Dropout;604;C;data latih;Tidak dipanggil
MHS0157;1;1;1;9147;1;1;131.0;1;38;38;9;9;126.5;0;0;0;1;0;1;18;0;0;5;5;5;10.6;0;0;5;5;5;11.8;0;12.4;0.5;1.79;Graduate;623;C;data uji;Tidak dipanggil
MHS0158;1;17;2;9238;1;1;133.0;1;1;37;7;9;127.4;1;0;0;1;0;1;18;0;0;6;8;6;12.25;0;0;6;7;6;11.857142857142858;0;12.7;3.7;-1.7;Graduate;714;A;data uji;Tidak dipanggil
MHS0159;1;1;3;9238;1;1;125.0;1;19;1;9;10;123.6;1;0;0;1;0;0;20;0;0;6;10;4;11.0;0;0;6;9;6;11.833333333333334;0;9.4;-0.8;-3.12;Graduate;665;B;data latih;Tidak dipanggil
MHS0160;1;39;1;8014;0;1;120.0;1;1;19;6;8;122.0;0;0;0;1;0;1;24;0;0;6;11;5;11.0;0;0;6;9;5;12.6;0;11.1;0.6;2.02;Graduate;620;C;data latih;Tidak dipanggil
MHS0161;1;1;1;9670;1;1;128.0;1;19;1;4;1;118.2;0;0;0;1;0;0;19;0;0;6;6;6;13.166666666666666;0;0;6;9;6;13.0;0;10.8;1.4;1.74;Dropout;689;B;data uji;Tidak dipanggil
MHS0162;1;1;1;9500;1;1;127.0;1;19;37;9;7;123.9;1;0;0;1;0;1;18;0;0;7;9;7;12.855555555555554;0;0;8;12;7;12.761111111111113;0;15.5;2.8;-4.06;Graduate;723;A;data latih;Tidak dipanggil
MHS0163;1;1;2;9500;1;1;134.0;1;19;19;9;9;125.8;1;0;0;1;0;0;18;0;0;7;8;7;14.91875;0;0;8;8;8;15.355;0;15.5;2.8;-4.06;Graduate;706;A;data latih;Tidak dipanggil
MHS0164;1;17;5;9853;1;1;132.0;1;12;12;4;4;123.3;1;0;0;1;0;0;21;0;0;6;13;4;11.5;0;0;6;10;3;11.0;0;10.8;1.4;1.74;Dropout;579;D;data latih;Berjuang secara akademik
MHS0165;1;17;2;9670;1;1;124.0;1;1;19;5;4;124.4;0;0;0;1;0;0;19;0;0;5;5;5;14.2;0;0;5;5;5;14.2;0;7.6;2.6;0.32;Graduate;636;C;data uji;Tidak dipanggil
MHS0166;1;17;1;9773;1;1;133.1;1;19;37;7;7;126.0;0;0;0;1;0;1;19;0;0;6;6;6;12.5;0;0;6;7;6;13.0;0;15.5;2.8;-4.06;Graduate;711;A;data uji;Tidak dipanggil
MHS0167;3;39;1;9003;1;1;170.0;1;1;37;6;6;170.0;0;0;1;1;0;0;47;0;0;1;1;0;0.0;0;0;6;0;0;0.0;0;8.9;1.4;3.51;Enrolled;497;E;mahasiswa aktif;Menghilang dari kelas
MHS0168;1;17;3;9238;1;1;125.0;1;19;19;7;8;121.5;0;0;0;1;0;0;19;0;0;6;10;5;11.666666666666666;0;0;6;12;4;11.0;0;13.9;-0.3;0.79;Graduate;596;D;data latih;Berjuang secara akademik
MHS0169;1;39;1;9500;1;3;130.0;1;2;2;1;1;130.0;0;0;0;1;0;0;29;0;1;8;8;7;14.257142857142856;0;1;8;8;7;14.257142857142856;0;12.7;3.7;-1.7;Graduate;669;B;data latih;Tidak dipanggil
MHS0170;1;43;1;9238;1;1;125.0;1;19;19;4;8;117.0;1;0;0;1;0;0;21;0;0;6;13;3;12.0;0;0;6;12;2;11.333333333333334;0;16.2;0.3;-0.92;Dropout;588;D;data latih;Berjuang secara akademik
MHS0171;1;39;1;9085;1;1;130.0;1;37;19;9;7;130.0;1;0;0;1;0;0;28;0;0;5;13;4;11.25;1;0;5;11;4;10.5;0;12.7;3.7;-1.7;Enrolled;564;D;mahasiswa aktif;Berjuang secara akademik
MHS0172;1;17;2;9556;1;1;133.1;1;37;37;3;10;108.0;0;0;0;1;0;0;20;0;0;7;8;7;12.457142857142856;0;0;8;8;8;13.5625;0;15.5;2.8;-4.06;Graduate;672;B;data latih;Tidak dipanggil
MHS0173;1;17;1;9500;1;1;131.0;1;2;38;4;5;132.3;1;0;0;1;0;0;19;0;0;7;7;6;11.683333333333332;0;0;7;7;6;11.683333333333332;0;7.6;2.6;0.32;Graduate;650;C;data latih;Tidak dipanggil
MHS0174;1;42;1;8014;0;1;150.0;1;19;2;4;6;148.0;0;0;0;1;0;0;26;0;0;6;10;3;11.666666666666666;0;0;6;8;5;12.0;0;9.4;-0.8;-3.12;Graduate;604;C;data latih;Tidak dipanggil
MHS0175;1;17;2;9254;1;1;125.0;1;37;37;9;8;122.6;1;0;1;0;0;0;20;0;0;6;8;4;11.75;0;0;6;6;6;13.166666666666666;0;11.1;0.6;2.02;Dropout;551;D;data latih;Terhalang biaya
MHS0176;1;1;1;9670;1;1;131.0;1;37;37;9;9;123.0;1;0;0;1;0;1;18;0;0;5;6;3;11.666666666666666;0;0;5;6;4;13.5;0;7.6;2.6;0.32;Enrolled;657;B;mahasiswa aktif;Tidak dipanggil
MHS0177;1;39;1;9853;1;1;130.0;1;37;19;9;5;102.5;0;0;0;1;0;0;27;0;0;6;9;5;13.2;0;0;6;10;5;12.0;0;7.6;2.6;0.32;Graduate;592;D;data uji;Berjuang secara akademik
MHS0178;1;1;2;9500;1;1;123.0;1;34;34;90;90;113.3;1;0;0;1;0;0;20;0;0;7;8;4;11.95;0;0;7;8;4;11.95;0;7.6;2.6;0.32;Dropout;629;C;data uji;Tidak dipanggil
MHS0179;1;1;5;9853;1;1;141.0;1;37;19;9;5;133.0;1;0;0;1;0;0;18;0;0;6;8;5;12.4;0;0;6;12;5;10.4;0;9.4;-0.8;-3.12;Dropout;597;D;data latih;Berjuang secara akademik
MHS0180;1;7;1;9500;1;3;140.0;1;1;1;9;5;140.0;0;0;0;1;0;0;33;0;2;7;8;6;14.35;0;3;8;10;6;14.583333333333334;0;16.2;0.3;-0.92;Dropout;670;B;data latih;Tidak dipanggil
MHS0181;1;43;1;9853;1;1;140.0;1;3;1;3;3;128.3;1;0;0;1;0;0;35;0;19;21;21;21;12.61904761904762;0;13;19;19;19;12.789473684210526;0;12.4;0.5;1.79;Graduate;647;C;data uji;Tidak dipanggil
MHS0182;1;44;1;9991;0;39;140.0;1;37;19;9;8;140.0;0;0;0;1;0;1;26;0;2;6;7;6;12.666666666666666;0;2;6;7;6;13.166666666666666;1;9.4;-0.8;-3.12;Enrolled;690;B;mahasiswa aktif;Tidak dipanggil
MHS0183;1;39;1;9773;1;19;133.1;1;19;19;3;4;104.0;0;0;1;0;0;0;27;0;0;6;6;5;12.0;0;0;6;6;0;0.0;0;11.1;0.6;2.02;Dropout;461;E;data latih;Terhalang biaya
MHS0184;1;18;3;9070;1;1;131.0;1;1;37;5;5;122.3;1;0;0;0;0;0;19;0;0;6;6;6;12.166666666666666;0;0;6;6;0;0.0;0;15.5;2.8;-4.06;Dropout;536;E;data latih;Terhalang biaya
MHS0185;1;17;2;9254;1;1;143.0;1;1;19;4;6;135.0;0;0;0;1;0;0;20;0;0;6;0;0;0.0;0;0;6;0;0;0.0;0;11.1;0.6;2.02;Dropout;552;D;data latih;Menghilang dari kelas
MHS0186;1;18;2;9147;1;1;132.0;1;3;3;5;7;119.1;1;0;1;0;0;0;20;0;0;5;9;3;10.0;0;0;5;9;3;10.571428571428571;0;10.8;1.4;1.74;Dropout;463;E;data latih;Terhalang biaya
MHS0187;1;43;1;9238;1;1;143.0;1;1;37;5;9;126.6;0;0;1;0;0;0;21;0;5;10;18;8;11.5;0;0;6;12;4;10.0;0;9.4;-0.8;-3.12;Enrolled;501;E;mahasiswa aktif;Terhalang biaya
MHS0188;1;17;3;9500;1;1;141.0;1;38;1;9;4;129.0;1;0;0;1;0;1;18;0;0;7;7;6;13.05;0;0;7;7;6;13.05;0;7.6;2.6;0.32;Graduate;723;A;data latih;Tidak dipanggil
MHS0189;1;39;1;9085;1;1;133.1;1;1;19;9;9;162.3;1;0;0;1;0;0;24;0;0;6;10;2;11.0;0;0;6;6;0;0.0;0;8.9;1.4;3.51;Dropout;564;D;data latih;Berjuang secara akademik
MHS0190;1;17;4;9070;1;1;148.0;1;1;3;4;1;163.4;1;0;0;1;0;0;20;0;0;6;7;6;11.5;0;0;6;6;6;12.0;0;16.2;0.3;-0.92;Graduate;670;B;data latih;Tidak dipanggil
MHS0191;1;1;1;9254;1;1;125.0;1;19;38;9;8;121.5;0;0;0;1;0;1;21;0;0;6;7;6;12.0;0;0;6;6;6;12.5;0;13.9;-0.3;0.79;Graduate;701;A;data latih;Tidak dipanggil
MHS0192;1;1;1;8014;0;1;120.0;1;1;37;7;3;122.8;0;0;0;1;0;0;23;0;0;6;13;2;10.0;0;0;5;12;1;10.0;0;9.4;-0.8;-3.12;Enrolled;571;D;mahasiswa aktif;Berjuang secara akademik
MHS0193;1;39;1;9147;1;1;140.0;1;12;3;4;3;118.0;1;0;0;1;0;0;24;0;0;5;5;0;0.0;0;0;5;5;0;0.0;0;7.6;2.6;0.32;Dropout;526;E;data latih;Menghilang dari kelas
MHS0194;1;51;1;9853;1;1;139.0;1;1;1;4;10;134.0;0;0;0;1;0;0;21;0;0;6;0;0;0.0;0;0;6;0;0;0.0;0;12.4;0.5;1.79;Dropout;544;E;data latih;Menghilang dari kelas
MHS0195;1;1;4;9500;1;1;142.0;1;38;38;9;8;129.8;1;0;0;1;0;0;18;0;0;8;8;7;12.242857142857144;0;0;8;8;7;12.242857142857144;0;12.7;3.7;-1.7;Graduate;691;B;data latih;Tidak dipanggil
MHS0196;1;39;1;9991;0;40;130.0;1;19;1;3;4;152.0;1;0;0;1;0;0;27;0;0;5;0;0;0.0;0;0;5;0;0;0.0;0;8.9;1.4;3.51;Dropout;522;E;data latih;Menghilang dari kelas
MHS0197;1;18;6;9500;1;1;126.0;1;37;37;5;5;122.8;1;0;0;1;0;0;18;0;0;8;8;8;12.93375;0;0;8;8;8;12.93375;0;9.4;-0.8;-3.12;Graduate;690;B;data latih;Tidak dipanggil
MHS0198;1;7;1;9119;1;3;150.0;1;3;2;2;2;150.0;0;0;0;1;0;0;35;0;0;5;0;0;0.0;0;0;5;0;0;0.0;0;13.9;-0.3;0.79;Dropout;507;E;data uji;Menghilang dari kelas
MHS0199;1;1;1;9853;1;1;130.0;1;19;19;3;8;131.8;0;0;0;1;0;0;18;0;0;7;9;7;12.571428571428571;0;0;7;8;7;14.428571428571429;0;11.1;0.6;2.02;Graduate;685;B;data latih;Tidak dipanggil
MHS0200;1;39;1;9500;1;1;120.0;1;1;3;175;121;105.9;0;0;0;1;0;0;35;0;0;3;4;3;11.816666666666668;0;0;3;3;3;11.333333333333334;0;11.1;0.6;2.02;Enrolled;569;D;mahasiswa aktif;Berjuang secara akademik
MHS0201;1;1;1;9085;1;1;138.0;1;1;1;4;7;132.1;1;0;0;1;0;0;19;0;0;5;9;4;13.75;0;0;5;13;4;14.333333333333334;2;10.8;1.4;1.74;Graduate;646;C;data latih;Tidak dipanggil
MHS0202;1;1;4;9238;1;1;127.0;1;19;19;4;0;127.4;1;0;0;1;0;0;20;0;0;6;8;6;11.166666666666666;0;0;6;6;6;11.333333333333334;0;7.6;2.6;0.32;Graduate;654;C;data latih;Tidak dipanggil
MHS0203;1;1;4;9500;1;1;140.0;1;19;19;7;7;129.5;1;0;0;1;0;0;18;0;0;8;8;7;12.324285714285711;0;0;8;8;7;12.324285714285711;0;10.8;1.4;1.74;Graduate;691;B;data latih;Tidak dipanggil
MHS0204;1;44;1;9238;1;39;130.0;1;38;38;5;10;126.7;0;0;1;1;0;0;21;0;3;6;6;6;12.166666666666666;0;2;6;7;6;11.714285714285714;0;13.9;-0.3;0.79;Graduate;627;C;data uji;Tidak dipanggil
MHS0205;1;17;2;9238;1;1;128.0;1;19;37;9;8;116.5;0;0;0;1;0;1;18;0;0;6;11;5;11.142857142857142;0;0;6;11;4;11.25;0;16.2;0.3;-0.92;Graduate;627;C;data uji;Tidak dipanggil
MHS0206;1;1;1;9238;1;1;132.0;1;34;34;0;0;119.1;1;0;0;1;0;0;18;0;0;6;9;4;11.0;0;0;6;9;4;10.75;0;7.6;2.6;0.32;Graduate;605;C;data uji;Tidak dipanggil
MHS0207;1;1;2;9500;1;1;149.0;1;19;38;9;9;126.5;1;0;0;1;0;0;18;0;0;8;8;7;12.914285714285713;0;0;8;8;7;12.914285714285713;0;12.7;3.7;-1.7;Graduate;699;A;data latih;Tidak dipanggil
MHS0208;1;1;4;9773;1;1;155.0;1;3;19;1;4;149.8;1;0;0;1;0;1;18;0;0;6;6;6;13.833333333333334;0;0;6;6;6;14.166666666666666;0;16.2;0.3;-0.92;Graduate;730;A;data uji;Tidak dipanggil
MHS0209;1;1;1;9085;1;1;120.0;1;19;1;8;7;115.1;1;0;0;1;0;0;19;0;0;6;8;6;13.857142857142858;0;0;6;9;5;13.4;0;13.9;-0.3;0.79;Graduate;657;B;data latih;Tidak dipanggil
MHS0210;1;39;1;9254;1;19;133.1;1;3;19;2;3;124.5;0;0;0;1;0;1;36;0;0;6;7;6;13.714285714285714;0;0;6;6;5;12.8;0;16.2;0.3;-0.92;Dropout;641;C;data latih;Tidak dipanggil
MHS0211;1;1;2;9500;1;1;131.0;1;38;1;7;4;128.3;1;0;0;1;0;1;18;0;0;8;8;7;12.642857142857142;0;0;8;8;7;12.642857142857142;0;12.7;3.7;-1.7;Graduate;720;A;data latih;Tidak dipanggil
MHS0212;1;1;1;9500;1;1;149.0;1;37;37;9;9;136.0;0;0;0;1;0;1;18;0;0;7;7;6;12.916666666666666;0;0;7;7;6;12.916666666666666;0;7.6;2.6;0.32;Graduate;730;A;data latih;Tidak dipanggil
MHS0213;1;43;1;9130;1;1;140.0;1;1;3;9;2;140.0;1;0;0;1;0;1;20;0;0;6;8;6;15.625;0;0;6;8;6;15.857142857142858;0;13.9;-0.3;0.79;Graduate;702;A;data latih;Tidak dipanggil
MHS0214;1;39;1;9991;0;1;133.1;1;37;37;9;9;126.3;0;0;0;1;0;1;26;0;0;5;7;0;0.0;0;0;5;8;0;0.0;0;16.2;0.3;-0.92;Dropout;551;D;data latih;Berjuang secara akademik
MHS0215;1;43;1;9773;1;1;122.0;1;1;1;4;5;126.9;0;0;0;1;0;0;21;0;0;6;8;6;11.714285714285714;0;0;6;7;6;12.0;0;7.6;2.6;0.32;Graduate;662;B;data latih;Tidak dipanggil
MHS0216;1;39;1;9556;1;40;130.0;1;1;1;4;5;145.0;0;0;0;1;0;0;25;0;0;7;10;6;12.125;0;0;8;9;8;13.3125;0;15.5;2.8;-4.06;Enrolled;648;C;mahasiswa aktif;Tidak dipanggil
MHS0217;1;18;1;9147;1;1;121.0;1;19;3;5;5;115.8;1;0;0;1;0;1;19;0;0;5;7;5;11.6;0;0;5;5;5;11.6;0;12.4;0.5;1.79;Graduate;612;C;data latih;Tidak dipanggil
MHS0218;1;39;1;8014;0;1;120.0;1;19;37;8;7;100.0;1;0;0;1;0;0;24;0;0;6;11;1;10.0;0;0;6;6;0;0.0;6;9.4;-0.8;-3.12;Dropout;531;E;data uji;Berjuang secara akademik
MHS0219;1;39;1;8014;0;1;133.1;1;1;19;5;4;102.5;0;0;0;1;0;1;27;0;0;6;16;1;10.0;0;0;6;13;0;0.0;0;8.9;1.4;3.51;Dropout;560;D;data latih;Berjuang secara akademik
MHS0220;1;17;1;9085;1;1;121.0;1;19;37;1;3;131.5;0;0;0;1;0;0;21;0;0;5;10;0;0.0;1;0;5;9;2;13.5;0;7.6;2.6;0.32;Dropout;587;D;data latih;Berjuang secara akademik
MHS0221;1;1;1;9147;1;1;133.0;1;38;38;7;7;147.0;0;0;0;1;0;1;18;0;0;5;7;4;13.0;0;0;5;8;3;12.333333333333334;0;9.4;-0.8;-3.12;Graduate;660;B;data latih;Tidak dipanggil
MHS0222;2;1;4;9853;1;1;134.0;1;37;37;5;7;122.5;0;1;0;1;0;1;19;0;0;6;6;6;13.333333333333334;0;0;6;6;6;14.5;0;10.8;1.4;1.74;Graduate;717;A;data uji;Tidak dipanggil
MHS0223;1;1;3;9254;1;1;115.0;1;1;1;3;3;117.5;1;0;0;1;0;0;18;0;0;6;9;4;11.25;0;0;6;13;2;12.5;0;9.4;-0.8;-3.12;Dropout;623;C;data latih;Tidak dipanggil
MHS0224;1;51;1;9500;1;1;127.0;1;19;1;5;9;150.0;0;0;0;1;0;1;19;0;0;7;9;5;13.85;0;0;8;9;7;12.19285714285714;0;11.1;0.6;2.02;Graduate;698;A;data latih;Tidak dipanggil
MHS0225;1;18;1;9500;1;1;135.0;1;1;38;4;5;127.5;1;0;0;1;0;1;19;0;0;7;8;6;13.741666666666667;0;0;8;9;7;14.9125;0;16.2;0.3;-0.92;Graduate;724;A;data latih;Tidak dipanggil
MHS0226;2;7;1;9991;0;43;140.0;1;40;5;3;3;140.0;0;0;0;1;0;0;33;0;2;6;7;6;15.333333333333334;0;0;5;5;5;15.8;0;11.1;0.6;2.02;Graduate;617;C;data latih;Tidak dipanggil
MHS0227;2;7;1;9147;1;3;130.0;1;1;4;3;10;130.0;0;0;0;1;0;0;45;0;0;5;6;5;11.0;0;0;5;5;5;13.8;0;12.4;0.5;1.79;Graduate;593;D;data latih;Berjuang secara akademik
MHS0228;1;1;1;9238;1;1;135.0;1;1;1;9;9;133.3;0;0;0;1;0;1;20;0;0;6;6;6;12.0;0;0;6;7;6;12.857142857142858;0;11.1;0.6;2.02;Graduate;715;A;data latih;Tidak dipanggil
MHS0229;1;39;2;9670;1;1;140.0;1;34;34;0;0;97.0;1;0;0;1;0;0;28;0;0;5;5;0;0.0;0;0;5;5;0;0.0;0;7.6;2.6;0.32;Dropout;528;E;data latih;Menghilang dari kelas
MHS0230;1;43;1;9500;1;1;120.0;1;1;1;5;8;112.0;1;0;0;1;0;1;19;0;0;8;15;7;11.571428571428571;0;0;8;15;7;11.571428571428571;0;12.7;3.7;-1.7;Graduate;671;B;data latih;Tidak dipanggil
MHS0231;1;1;2;9254;1;1;140.0;1;1;37;4;5;123.6;1;0;0;1;0;0;18;0;0;6;10;6;12.857142857142858;0;0;6;6;3;12.666666666666666;0;12.7;3.7;-1.7;Graduate;649;C;data uji;Tidak dipanggil
MHS0232;1;39;1;9254;1;3;133.1;1;19;19;4;6;130.5;0;0;0;1;0;0;38;0;0;6;0;0;0.0;0;0;6;0;0;0.0;0;15.5;2.8;-4.06;Dropout;526;E;data latih;Menghilang dari kelas
MHS0233;1;1;2;9670;1;1;135.0;1;1;3;4;3;133.3;0;0;0;1;0;0;19;0;0;5;5;5;13.0;0;0;5;5;5;13.2;0;9.4;-0.8;-3.12;Graduate;636;C;data latih;Tidak dipanggil
MHS0234;1;1;1;9254;1;1;123.0;1;1;37;9;9;132.1;0;0;0;1;0;1;21;0;0;6;9;5;11.0;0;0;6;8;5;12.0;0;15.5;2.8;-4.06;Graduate;648;C;data latih;Tidak dipanggil
MHS0235;1;1;1;9147;1;1;133.1;1;37;1;9;10;100.0;0;0;0;1;0;0;21;0;0;5;12;3;12.0;0;0;5;12;1;15.0;3;16.2;0.3;-0.92;Dropout;627;C;data latih;Tidak dipanggil
MHS0236;1;1;1;9238;1;1;154.0;1;38;37;9;9;140.4;0;0;0;1;0;1;22;0;0;6;6;5;12.6;0;0;6;6;6;13.0;0;10.8;1.4;1.74;Graduate;697;A;data latih;Tidak dipanggil
MHS0237;1;1;1;9853;1;1;148.0;1;19;19;5;7;141.7;0;0;0;1;0;1;18;0;0;6;8;5;13.4;0;0;6;7;6;13.166666666666666;0;9.4;-0.8;-3.12;Graduate;698;A;data latih;Tidak dipanggil
MHS0238;1;17;2;9238;1;1;133.0;1;37;37;3;9;119.7;0;1;0;1;0;1;18;0;0;6;9;6;11.333333333333334;0;0;6;9;6;11.571428571428571;0;15.5;2.8;-4.06;Graduate;680;B;data uji;Tidak dipanggil
MHS0239;1;1;1;9130;1;1;126.0;1;19;1;9;9;122.5;1;0;0;0;0;0;25;0;0;5;14;4;13.5;2;0;5;10;4;14.25;0;9.4;-0.8;-3.12;Dropout;545;E;data latih;Terhalang biaya
MHS0240;1;39;1;9085;1;19;133.1;1;19;19;9;7;140.0;0;0;1;0;0;0;24;0;2;6;11;3;11.75;0;1;6;14;3;10.333333333333334;0;16.2;0.3;-0.92;Dropout;461;E;data uji;Terhalang biaya
MHS0241;1;1;3;9500;1;1;125.0;1;3;1;4;4;119.4;1;0;0;1;0;0;19;0;0;7;10;6;12.471428571428572;0;0;7;8;7;11.4625;0;12.4;0.5;1.79;Enrolled;662;B;mahasiswa aktif;Tidak dipanggil
MHS0242;1;16;1;171;1;1;145.0;1;3;3;3;3;155.0;1;0;0;1;0;0;24;0;11;17;19;11;12.909090909090908;0;9;13;15;9;13.555555555555555;0;12.4;0.5;1.79;Enrolled;666;B;mahasiswa aktif;Tidak dipanggil
MHS0243;1;1;2;9147;1;1;118.0;1;37;19;5;5;119.1;1;0;0;1;0;1;20;0;0;5;5;5;11.6;0;0;5;5;5;13.6;0;12.4;0.5;1.79;Graduate;651;C;data latih;Tidak dipanggil
MHS0244;1;39;1;9147;1;1;120.0;1;37;1;9;1;122.7;0;0;0;0;0;0;25;0;0;5;5;0;0.0;0;0;5;9;0;0.0;0;10.8;1.4;1.74;Dropout;449;E;data latih;Terhalang biaya
MHS0245;1;1;1;9147;1;1;127.0;1;38;19;9;10;117.9;0;0;0;1;0;1;20;0;5;10;13;9;12.9;0;4;10;12;10;12.363636363636363;0;8.9;1.4;3.51;Graduate;707;A;data latih;Tidak dipanggil
MHS0246;1;7;1;9500;1;3;130.0;1;19;38;5;3;130.0;0;0;0;1;0;0;23;0;0;8;8;8;13.22;0;0;8;8;8;13.22;0;9.4;-0.8;-3.12;Graduate;663;B;data uji;Tidak dipanggil
MHS0247;1;17;3;9500;1;1;129.0;1;19;37;7;6;120.0;1;0;0;1;0;1;19;0;0;8;8;7;13.151428571428571;0;0;8;8;7;13.151428571428571;0;10.8;1.4;1.74;Graduate;719;A;data latih;Tidak dipanggil
MHS0248;1;44;1;9003;1;39;130.0;1;37;37;9;10;130.0;0;0;1;0;0;0;29;0;0;6;13;3;12.75;0;0;6;8;3;11.333333333333334;0;13.9;-0.3;0.79;Dropout;474;E;data latih;Terhalang biaya
MHS0249;1;1;3;9254;1;1;121.0;1;19;37;4;7;116.8;1;0;0;1;0;0;21;0;0;6;8;6;11.333333333333334;0;0;6;8;4;12.25;0;11.1;0.6;2.02;Graduate;635;C;data latih;Tidak dipanggil
MHS0250;1;1;1;9670;1;1;136.0;1;19;1;9;8;123.4;1;0;0;1;0;1;18;0;0;6;10;6;13.25;0;0;6;13;5;14.142857142857142;0;11.1;0.6;2.02;Graduate;688;B;data latih;Tidak dipanggil
MHS0251;1;1;3;9070;1;1;125.0;1;19;38;9;9;125.4;1;0;0;1;0;0;19;0;0;6;7;5;12.4;0;0;6;6;5;12.4;0;9.4;-0.8;-3.12;Enrolled;633;C;mahasiswa aktif;Tidak dipanggil
MHS0252;1;1;3;9773;1;1;131.0;1;38;37;7;7;127.2;1;0;0;1;0;1;18;0;0;6;6;6;15.0;0;0;6;6;6;12.833333333333334;0;8.9;1.4;3.51;Dropout;725;A;data latih;Tidak dipanggil
MHS0253;1;1;1;9085;1;1;122.0;1;9;19;90;6;103.4;0;0;0;1;0;0;19;0;0;5;6;5;14.4;0;0;5;6;5;13.0;0;7.6;2.6;0.32;Graduate;641;C;data latih;Tidak dipanggil
MHS0254;1;1;1;9773;1;1;127.0;1;37;37;9;8;123.2;1;0;0;1;0;0;18;0;0;6;12;1;11.0;0;0;6;12;0;0.0;0;9.4;-0.8;-3.12;Enrolled;581;D;mahasiswa aktif;Berjuang secara akademik
MHS0255;1;17;1;9147;1;1;136.0;1;1;1;4;4;124.1;0;0;0;1;0;0;18;0;0;5;8;5;12.4;0;0;5;6;5;10.8;0;8.9;1.4;3.51;Graduate;594;D;data latih;Berjuang secara akademik
MHS0256;2;39;1;9556;1;19;133.1;1;38;37;7;7;99.5;1;0;1;0;0;1;37;0;0;7;13;1;16.0;0;0;7;12;0;0.0;0;8.9;1.4;3.51;Dropout;476;E;data uji;Terhalang biaya
MHS0257;1;17;1;9991;0;40;127.0;1;37;37;6;6;124.9;0;0;0;1;0;0;29;0;0;5;10;5;13.571428571428571;0;0;5;14;5;12.333333333333334;3;16.2;0.3;-0.92;Graduate;605;C;data uji;Tidak dipanggil
MHS0258;1;17;3;9070;1;1;116.0;1;37;37;9;9;110.8;0;0;0;1;0;0;18;0;0;6;6;6;11.833333333333334;0;0;6;6;6;12.5;0;7.6;2.6;0.32;Enrolled;674;B;mahasiswa aktif;Tidak dipanggil
MHS0259;1;1;1;9238;1;1;121.0;1;1;1;9;8;118.9;1;0;0;1;0;1;19;0;0;6;8;5;11.666666666666666;0;0;6;9;5;12.666666666666666;0;12.4;0.5;1.79;Graduate;659;B;data uji;Tidak dipanggil
MHS0260;1;43;1;9238;1;1;124.0;1;1;1;3;1;118.8;1;0;1;0;0;0;22;0;6;10;16;6;11.833333333333334;0;2;7;8;2;13.0;0;16.2;0.3;-0.92;Dropout;524;E;data latih;Terhalang biaya
MHS0261;1;1;1;9254;1;1;131.0;1;37;38;9;7;137.0;0;0;0;1;0;1;20;0;0;6;8;6;11.166666666666666;0;0;6;10;5;10.6;0;15.5;2.8;-4.06;Graduate;637;C;data latih;Tidak dipanggil
MHS0262;1;39;1;8014;0;1;100.0;1;37;37;99;99;100.0;0;0;0;1;0;0;34;0;0;6;0;0;0.0;0;0;6;0;0;0.0;0;12.7;3.7;-1.7;Dropout;529;E;data latih;Menghilang dari kelas
MHS0263;1;43;1;9119;1;1;130.0;1;37;38;9;9;120.0;0;0;1;0;0;0;30;0;8;12;17;8;11.75;0;6;12;19;6;12.166666666666666;2;7.6;2.6;0.32;Dropout;527;E;data latih;Terhalang biaya
MHS0264;1;1;1;9238;1;1;135.0;1;1;1;4;4;122.8;0;0;0;1;0;0;18;0;0;6;7;6;14.0;0;0;6;7;6;14.0;0;10.8;1.4;1.74;Graduate;707;A;data latih;Tidak dipanggil
MHS0265;1;1;1;9238;1;1;130.0;1;38;19;9;5;121.6;0;0;0;1;0;0;18;0;0;6;6;6;12.833333333333334;0;0;6;6;6;12.0;0;12.4;0.5;1.79;Graduate;695;A;data latih;Tidak dipanggil
MHS0266;1;1;2;9773;1;1;146.0;1;3;1;1;3;149.2;1;0;0;1;0;0;18;0;0;6;11;4;12.25;0;0;6;10;3;11.666666666666666;0;9.4;-0.8;-3.12;Graduate;606;C;data latih;Tidak dipanggil
MHS0267;1;17;4;9500;1;1;146.0;1;4;1;2;3;140.0;1;0;0;1;0;0;18;0;0;8;8;7;14.828571428571427;0;0;8;8;7;14.828571428571427;0;12.7;3.7;-1.7;Graduate;699;A;data latih;Tidak dipanggil
MHS0268;1;1;2;9773;1;1;154.0;1;38;38;9;9;133.4;1;0;0;1;0;1;19;0;0;6;7;5;11.4;0;0;6;8;5;12.8;0;12.7;3.7;-1.7;Graduate;653;C;data latih;Tidak dipanggil
MHS0269;1;1;1;9070;1;1;137.0;1;37;37;9;9;126.2;1;0;0;1;0;1;19;0;0;6;6;6;13.0;0;0;6;8;6;12.5;0;10.8;1.4;1.74;Graduate;718;A;data latih;Tidak dipanggil
MHS0270;1;1;5;9500;1;1;151.0;1;1;1;9;9;127.8;0;0;0;1;0;1;18;0;0;8;8;7;13.671428571428573;0;0;8;8;7;13.671428571428573;0;12.7;3.7;-1.7;Graduate;728;A;data uji;Tidak dipanggil
MHS0271;1;44;1;9003;1;39;150.0;1;37;38;4;8;150.0;0;0;0;1;0;1;21;0;0;6;9;6;12.666666666666666;0;0;6;8;5;12.8;0;13.9;-0.3;0.79;Graduate;660;B;data latih;Tidak dipanggil
MHS0272;1;1;2;9147;1;1;121.0;1;1;19;9;9;113.7;1;0;0;0;0;0;20;0;0;5;10;2;10.0;0;0;5;12;1;13.0;0;7.6;2.6;0.32;Dropout;530;E;data latih;Terhalang biaya
MHS0273;1;17;1;9147;1;1;122.0;1;12;19;4;8;117.8;1;0;0;1;0;0;20;0;0;5;10;5;13.5;0;0;5;8;5;12.333333333333334;0;13.9;-0.3;0.79;Graduate;620;C;data latih;Tidak dipanggil
MHS0274;1;1;1;9500;1;1;143.0;1;5;1;2;5;136.7;0;0;0;1;0;0;19;0;2;7;8;7;12.67;0;1;8;8;8;13.55;0;11.1;0.6;2.02;Graduate;694;B;data latih;Tidak dipanggil
MHS0275;1;1;1;9238;1;1;152.0;1;1;38;4;5;144.7;0;0;0;1;0;0;20;0;0;6;8;6;14.5;0;0;6;7;6;15.428571428571429;0;16.2;0.3;-0.92;Graduate;703;A;data latih;Tidak dipanggil
MHS0276;1;17;3;9500;1;1;145.0;1;12;1;4;10;139.8;1;0;0;1;0;0;18;0;0;7;7;7;13.685714285714283;0;0;8;8;8;15.3875;0;13.9;-0.3;0.79;Graduate;697;A;data latih;Tidak dipanggil
MHS0277;1;42;1;9853;1;1;120.0;1;37;38;3;3;113.7;0;0;0;1;0;0;20;0;0;6;8;5;11.0;0;0;6;10;3;10.666666666666666;0;12.7;3.7;-1.7;Dropout;577;D;data latih;Berjuang secara akademik
MHS0278;2;7;1;9130;1;3;140.0;1;5;4;2;0;140.0;0;0;1;0;0;0;29;0;7;9;16;7;11.555555555555555;4;5;7;12;5;13.2;2;7.6;2.6;0.32;Dropout;495;E;data latih;Terhalang biaya
MHS0279;1;1;1;9500;1;1;143.0;1;19;19;5;6;142.3;0;0;0;1;0;1;18;0;0;7;7;7;13.79714285714286;0;0;8;8;8;13.775;0;12.4;0.5;1.79;Enrolled;730;A;mahasiswa aktif;Tidak dipanggil
MHS0280;1;1;1;9500;1;1;129.0;1;19;19;5;5;119.6;1;0;0;1;0;1;20;0;0;7;8;7;14.00375;0;0;8;11;7;13.812857142857142;0;15.5;2.8;-4.06;Graduate;731;A;data latih;Tidak dipanggil
MHS0281;1;16;2;9147;1;1;139.0;1;38;37;9;9;123.7;1;0;0;1;0;1;22;0;0;5;8;4;12.0;0;0;5;8;4;11.4;2;16.2;0.3;-0.92;Graduate;601;C;data latih;Tidak dipanggil
MHS0282;4;1;1;8014;0;1;133.1;1;39;19;4;10;143.0;1;0;0;1;0;1;47;0;0;6;9;5;14.166666666666666;0;0;6;7;6;14.166666666666666;0;16.2;0.3;-0.92;Graduate;699;A;data latih;Tidak dipanggil
MHS0283;2;51;1;9991;0;1;127.0;1;37;37;8;4;100.1;0;0;0;1;0;0;31;0;1;5;5;5;14.0;0;0;5;5;5;13.8;0;8.9;1.4;3.51;Graduate;615;C;data latih;Tidak dipanggil
MHS0284;1;1;1;9070;1;1;126.0;1;19;37;7;5;119.4;0;0;0;1;0;1;21;0;0;6;7;5;13.8;0;0;6;6;6;12.833333333333334;0;16.2;0.3;-0.92;Graduate;707;A;data latih;Tidak dipanggil
MHS0285;1;1;1;8014;0;1;128.0;1;38;38;0;0;122.1;0;0;0;1;0;0;21;0;0;6;8;5;12.8;0;0;6;10;6;11.857142857142858;0;7.6;2.6;0.32;Graduate;666;B;data latih;Tidak dipanggil
MHS0286;2;39;1;9773;1;12;100.0;1;1;1;4;4;100.0;0;0;0;1;0;0;24;0;0;6;6;6;12.166666666666666;0;0;6;6;6;13.833333333333334;0;7.6;2.6;0.32;Graduate;661;B;data uji;Tidak dipanggil
MHS0287;1;17;1;9070;1;1;123.0;1;4;37;2;9;113.9;0;0;0;1;0;0;18;0;0;6;8;6;12.5;0;0;6;6;6;12.333333333333334;0;15.5;2.8;-4.06;Enrolled;681;B;mahasiswa aktif;Tidak dipanggil
MHS0288;1;39;1;8014;0;15;170.0;1;34;1;90;2;101.0;0;0;0;1;0;0;32;0;0;6;9;4;12.0;0;0;6;12;4;11.5;0;7.6;2.6;0.32;Graduate;562;D;data latih;Berjuang secara akademik
MHS0289;1;18;2;8014;0;1;117.0;1;3;1;3;4;111.8;1;0;0;1;0;1;19;0;0;6;8;6;10.833333333333334;0;0;6;9;6;11.5;0;10.8;1.4;1.74;Graduate;670;B;data latih;Tidak dipanggil
MHS0290;1;39;1;9500;1;1;140.0;1;3;3;1;1;140.0;1;0;0;1;0;0;24;0;0;8;8;8;13.385;0;0;8;8;8;13.385;0;9.4;-0.8;-3.12;Graduate;664;B;data latih;Tidak dipanggil
MHS0291;1;17;4;9085;1;1;123.0;1;19;19;4;10;124.4;1;0;0;1;0;0;19;0;0;6;14;6;15.666666666666666;0;0;6;9;6;14.5;0;15.5;2.8;-4.06;Graduate;692;B;data latih;Tidak dipanggil
MHS0292;1;44;1;9003;1;39;150.0;1;19;37;6;6;150.0;0;0;1;1;0;1;19;0;0;6;9;6;14.333333333333334;0;0;6;7;6;13.833333333333334;0;13.9;-0.3;0.79;Graduate;688;B;data uji;Tidak dipanggil
MHS0293;1;44;1;9003;1;39;140.0;1;37;37;9;4;140.0;0;0;0;1;0;0;24;0;0;6;10;6;11.428571428571429;0;0;6;12;5;13.0;0;12.4;0.5;1.79;Enrolled;620;C;mahasiswa aktif;Tidak dipanggil
MHS0294;1;17;4;9238;1;1;123.0;1;19;19;191;144;116.0;1;0;0;1;0;1;18;0;0;6;9;6;11.666666666666666;0;0;6;8;6;11.666666666666666;0;8.9;1.4;3.51;Graduate;680;B;data uji;Tidak dipanggil
MHS0295;1;1;1;9070;1;1;130.0;1;38;37;3;6;135.6;1;0;0;1;0;1;19;0;0;6;9;5;12.0;0;0;6;10;2;11.333333333333334;0;8.9;1.4;3.51;Dropout;628;C;data latih;Tidak dipanggil
MHS0296;2;1;1;9500;1;1;137.0;1;3;38;2;4;121.0;0;0;0;1;0;1;19;0;0;8;8;7;14.725714285714288;0;0;8;8;7;14.725714285714288;0;10.8;1.4;1.74;Graduate;733;A;data latih;Tidak dipanggil
MHS0297;1;17;2;9773;1;1;126.0;1;19;38;9;8;118.7;1;0;0;1;0;1;18;0;0;6;6;6;14.166666666666666;0;0;6;6;6;13.666666666666666;0;12.4;0.5;1.79;Graduate;718;A;data latih;Tidak dipanggil
MHS0298;1;1;1;9238;1;1;125.0;1;1;1;3;3;125.7;1;0;0;1;0;0;18;0;0;6;10;6;11.571428571428571;0;0;6;8;6;12.333333333333334;0;12.4;0.5;1.79;Graduate;685;B;data uji;Tidak dipanggil
MHS0299;1;17;4;9556;1;1;112.0;1;1;1;4;10;107.1;1;0;0;1;0;0;20;0;0;7;7;7;12.5;0;0;8;8;8;13.1375;0;12.4;0.5;1.79;Graduate;672;B;data latih;Tidak dipanggil
MHS0300;1;1;1;9500;1;1;141.0;1;19;38;5;7;125.5;0;0;0;1;0;0;18;0;0;8;10;8;12.86;2;0;8;10;8;12.86;2;9.4;-0.8;-3.12;Graduate;699;A;data latih;Tidak dipanggil
MHS0301;1;17;4;9670;1;1;135.0;1;38;38;9;7;127.0;1;0;0;1;0;0;18;0;0;6;10;6;12.25;0;0;6;9;6;13.714285714285714;0;11.1;0.6;2.02;Graduate;681;B;data latih;Tidak dipanggil
MHS0302;1;1;2;9085;1;1;117.0;1;38;37;9;9;113.5;1;0;0;1;0;1;21;0;0;5;7;4;12.0;0;0;5;5;5;12.2;0;10.8;1.4;1.74;Graduate;651;C;data uji;Tidak dipanggil
MHS0303;1;1;1;9500;1;1;160.0;1;19;19;4;9;154.4;0;0;0;1;0;1;18;0;0;7;9;7;15.116666666666667;0;0;8;9;8;16.168888888888887;0;15.5;2.8;-4.06;Graduate;735;A;data latih;Tidak dipanggil
MHS0304;1;51;1;9670;1;1;136.0;1;19;19;5;5;122.0;0;0;1;0;0;0;18;0;0;5;6;2;12.5;0;0;5;6;4;10.25;0;9.4;-0.8;-3.12;Dropout;491;E;data uji;Terhalang biaya
MHS0305;1;17;2;9238;1;1;143.0;1;1;11;4;3;128.0;1;0;0;1;0;0;19;0;0;6;11;0;0.0;0;0;6;0;0;0.0;0;9.4;-0.8;-3.12;Dropout;563;D;data latih;Menghilang dari kelas
MHS0306;1;1;1;9670;1;1;119.0;1;1;19;4;10;115.5;1;0;0;1;0;0;19;0;0;6;8;4;11.0;0;0;6;9;4;11.0;0;10.8;1.4;1.74;Enrolled;594;D;mahasiswa aktif;Berjuang secara akademik
MHS0307;1;17;4;9670;1;1;120.0;1;1;19;5;5;117.2;1;0;0;1;0;0;18;0;0;6;8;6;11.875;0;0;6;11;4;14.6;0;11.1;0.6;2.02;Graduate;642;C;data latih;Tidak dipanggil
MHS0308;1;39;1;9130;1;3;150.0;1;3;1;90;90;150.0;1;0;0;1;0;0;34;0;1;5;6;1;11.0;0;0;5;5;0;0.0;0;12.7;3.7;-1.7;Dropout;533;E;data uji;Berjuang secara akademik
MHS0309;1;1;3;9085;1;1;142.0;1;11;11;90;90;155.3;0;0;0;1;0;0;19;0;0;5;5;5;15.2;0;0;5;6;5;13.2;0;7.6;2.6;0.32;Graduate;641;C;data latih;Tidak dipanggil
MHS0310;1;44;1;9130;1;39;120.0;1;37;37;7;8;120.0;1;0;1;0;0;0;19;0;2;6;7;5;11.6;0;1;6;12;2;11.0;0;12.4;0.5;1.79;Dropout;475;E;data latih;Terhalang biaya
MHS0311;1;51;1;9238;1;1;160.0;1;3;19;2;1;116.1;0;0;1;1;0;0;26;0;0;6;6;6;14.833333333333334;0;0;6;7;6;15.142857142857142;0;11.1;0.6;2.02;Graduate;659;B;data latih;Tidak dipanggil
MHS0312;1;17;1;9853;1;1;133.1;1;34;34;0;0;118.9;1;0;0;1;0;0;21;0;0;6;12;3;11.333333333333334;0;0;6;10;3;11.333333333333334;0;7.6;2.6;0.32;Dropout;579;D;data latih;Berjuang secara akademik
MHS0313;1;17;2;9147;1;1;142.0;1;19;19;4;8;127.3;0;0;0;1;0;1;18;0;0;5;5;5;11.2;0;0;5;5;5;11.8;0;11.1;0.6;2.02;Graduate;616;C;data latih;Tidak dipanggil
MHS0314;1;17;4;9853;1;1;121.0;1;38;38;5;7;113.7;1;0;0;1;0;1;20;0;0;6;8;5;13.4;0;0;6;9;5;13.666666666666666;0;9.4;-0.8;-3.12;Graduate;650;C;data uji;Tidak dipanggil
MHS0315;1;51;1;9147;1;1;135.0;1;1;1;4;4;118.5;0;0;0;1;0;0;25;0;0;5;12;2;10.5;0;0;5;5;0;0.0;0;11.1;0.6;2.02;Dropout;572;D;data uji;Berjuang secara akademik
MHS0316;1;1;1;9147;1;1;153.0;1;1;38;4;3;146.7;0;0;0;1;0;0;18;0;0;5;5;5;16.2;0;0;5;5;5;16.4;0;11.1;0.6;2.02;Graduate;643;C;data uji;Tidak dipanggil
MHS0317;1;1;1;9500;1;1;140.0;1;19;19;3;6;124.3;1;0;0;1;0;1;18;0;0;7;7;7;14.542857142857144;0;0;8;11;8;14.88181818181818;0;16.2;0.3;-0.92;Graduate;735;A;data latih;Tidak dipanggil
MHS0318;1;1;1;9500;1;1;152.0;1;41;19;3;5;137.8;0;0;0;1;0;0;19;0;0;7;7;7;13.694285714285714;0;0;8;9;8;14.355555555555554;0;11.1;0.6;2.02;Graduate;702;A;data uji;Tidak dipanggil
MHS0319;1;1;1;9238;1;1;120.0;1;19;38;5;9;130.2;0;0;0;1;0;1;18;0;0;6;8;6;11.285714285714286;0;0;6;10;6;11.857142857142858;0;12.4;0.5;1.79;Graduate;714;A;data latih;Tidak dipanggil
MHS0320;1;17;1;9500;1;1;160.0;1;38;38;7;7;147.8;0;0;0;1;0;0;20;0;0;7;11;6;11.757142857142856;0;0;8;12;6;13.083333333333334;0;15.5;2.8;-4.06;Enrolled;680;B;mahasiswa aktif;Tidak dipanggil
MHS0321;1;7;1;9085;1;40;150.0;1;19;19;9;5;150.0;0;0;1;0;0;0;26;0;0;3;3;0;0.0;0;0;6;0;0;0.0;0;8.9;1.4;3.51;Dropout;427;E;data latih;Terhalang biaya
MHS0322;1;42;1;9500;1;1;100.0;1;37;37;7;9;100.0;1;0;0;1;0;1;19;0;0;8;8;7;13.058571428571428;0;0;8;8;7;13.058571428571428;0;10.8;1.4;1.74;Graduate;717;A;data latih;Tidak dipanggil
MHS0323;1;1;1;9500;1;1;150.0;1;1;1;5;1;155.6;0;0;0;1;0;0;19;0;0;7;7;7;14.3;0;0;8;9;8;14.055555555555555;0;16.2;0.3;-0.92;Graduate;704;A;data uji;Tidak dipanggil
MHS0324;1;43;4;9147;1;1;124.0;1;37;37;9;9;117.4;0;0;0;1;0;0;19;0;3;10;15;5;11.8;0;4;10;14;8;12.0;0;7.6;2.6;0.32;Graduate;641;C;data uji;Tidak dipanggil
MHS0325;1;5;3;9085;1;1;141.0;1;1;19;7;5;128.8;1;0;0;1;0;0;19;0;0;5;9;3;10.333333333333334;1;0;5;8;3;13.0;0;7.6;2.6;0.32;Enrolled;605;C;mahasiswa aktif;Tidak dipanggil
MHS0326;1;1;1;9254;1;1;121.0;1;19;19;5;8;117.5;1;0;0;1;0;0;18;0;0;6;7;6;10.571428571428571;0;0;6;11;3;11.666666666666666;0;16.2;0.3;-0.92;Graduate;612;C;data uji;Tidak dipanggil
MHS0327;1;43;1;9500;1;6;134.0;1;1;37;9;9;120.4;1;0;0;1;0;0;19;0;0;7;7;6;13.333333333333334;0;0;7;7;6;13.333333333333334;0;7.6;2.6;0.32;Graduate;686;B;data uji;Tidak dipanggil
MHS0328;1;1;1;9238;1;1;134.0;1;1;1;9;6;130.9;0;0;1;1;0;0;18;0;0;6;10;6;11.857142857142858;0;0;6;9;5;11.0;0;13.9;-0.3;0.79;Graduate;595;D;data latih;Berjuang secara akademik
MHS0329;1;1;1;9853;1;1;132.0;1;2;19;4;4;125.0;1;0;0;1;0;0;18;0;0;6;9;5;12.6;0;0;6;8;5;11.4;0;9.4;-0.8;-3.12;Enrolled;597;D;mahasiswa aktif;Berjuang secara akademik
MHS0330;1;1;1;9085;1;1;135.0;1;19;38;9;5;136.8;1;0;0;1;0;0;18;0;0;5;11;5;14.0;3;0;5;7;5;11.6;0;9.4;-0.8;-3.12;Enrolled;611;C;mahasiswa aktif;Tidak dipanggil
MHS0331;1;1;1;9853;1;1;123.0;1;1;38;9;6;121.6;1;0;0;1;0;0;18;0;0;7;12;5;12.0;0;0;7;9;6;12.666666666666666;0;11.1;0.6;2.02;Enrolled;654;C;mahasiswa aktif;Tidak dipanggil
MHS0332;1;44;1;9119;1;39;151.0;1;19;37;4;7;151.0;0;0;1;1;0;0;26;0;0;5;6;0;0.0;0;0;5;5;0;0.0;0;16.2;0.3;-0.92;Dropout;498;E;data latih;Menghilang dari kelas
MHS0333;1;1;1;9238;1;1;107.0;1;38;38;7;7;103.5;1;0;0;1;0;0;20;0;0;6;7;6;12.0;0;0;6;7;6;13.0;0;12.4;0.5;1.79;Graduate;686;B;data latih;Tidak dipanggil
MHS0334;1;1;1;8014;0;1;126.0;1;37;38;9;10;119.4;0;0;0;1;0;0;19;0;0;6;6;6;12.666666666666666;0;0;6;6;6;11.666666666666666;0;12.7;3.7;-1.7;Graduate;657;B;data latih;Tidak dipanggil
MHS0335;1;1;1;9238;1;1;133.0;1;34;37;4;9;134.4;1;0;0;1;0;1;18;0;0;6;6;6;12.166666666666666;0;0;6;9;6;13.666666666666666;0;9.4;-0.8;-3.12;Graduate;726;A;data latih;Tidak dipanggil
MHS0336;1;44;1;9238;1;39;140.0;1;38;37;7;7;143.0;0;0;0;1;0;0;19;0;3;6;6;6;13.333333333333334;0;2;6;6;6;14.666666666666666;0;13.9;-0.3;0.79;Graduate;695;A;data latih;Tidak dipanggil
MHS0337;1;7;1;9853;1;40;110.0;1;41;3;2;1;110.0;0;0;1;1;0;0;40;0;0;7;8;7;15.0;0;0;7;7;7;14.571428571428571;0;12.4;0.5;1.79;Graduate;626;C;data latih;Tidak dipanggil
MHS0338;1;1;4;9500;1;1;141.0;1;38;38;7;7;132.5;1;0;0;1;0;1;18;0;0;8;8;8;13.39125;0;0;8;8;8;13.39125;0;9.4;-0.8;-3.12;Graduate;728;A;data latih;Tidak dipanggil
MHS0339;1;17;1;9238;1;1;122.0;1;3;1;9;10;114.7;0;0;0;1;0;0;19;0;0;6;9;5;12.166666666666666;0;0;6;8;6;12.428571428571429;0;13.9;-0.3;0.79;Graduate;667;B;data latih;Tidak dipanggil
MHS0340;1;17;1;9130;1;1;156.0;1;2;9;3;5;166.9;0;0;0;1;0;0;18;0;0;5;9;4;11.25;0;0;5;6;4;12.5;0;7.6;2.6;0.32;Graduate;608;C;data latih;Tidak dipanggil
MHS0341;1;1;1;9085;1;1;129.0;1;1;2;3;1;125.9;1;0;0;1;0;0;19;0;0;5;13;4;12.0;2;0;5;8;3;12.0;0;9.4;-0.8;-3.12;Enrolled;624;C;mahasiswa aktif;Tidak dipanggil
MHS0342;1;1;1;171;1;1;188.0;1;3;3;2;2;178.3;1;0;0;1;0;0;18;0;0;0;0;0;0.0;0;0;0;0;0;0.0;0;15.5;2.8;-4.06;Dropout;562;D;data latih;Menghilang dari kelas
MHS0343;2;39;1;8014;0;1;120.0;1;37;37;9;9;117.0;1;0;0;1;0;0;33;0;0;6;7;6;12.833333333333334;0;0;6;8;6;12.857142857142858;0;12.4;0.5;1.79;Graduate;657;B;data latih;Tidak dipanggil
MHS0344;1;39;1;9003;1;3;130.0;1;3;3;1;2;150.0;0;0;0;1;0;0;35;0;0;6;10;6;14.0;0;0;6;11;6;13.1;0;16.2;0.3;-0.92;Graduate;653;C;data uji;Tidak dipanggil
MHS0345;1;42;1;9147;1;1;130.0;1;37;38;9;1;130.0;1;0;0;1;0;0;26;0;3;5;5;4;13.0;0;1;5;7;2;12.0;0;9.4;-0.8;-3.12;Enrolled;609;C;mahasiswa aktif;Tidak dipanggil
MHS0346;1;1;1;9773;1;1;140.0;1;19;19;7;5;135.1;1;0;0;1;0;0;18;0;0;6;7;6;13.5;0;0;6;8;6;12.5;0;9.4;-0.8;-3.12;Graduate;689;B;data latih;Tidak dipanggil
MHS0347;1;43;1;9238;1;1;110.0;1;37;37;9;9;110.0;0;0;0;1;0;0;36;0;10;16;24;13;10.692307692307692;1;9;13;19;9;12.307692307692308;0;15.5;2.8;-4.06;Enrolled;655;C;mahasiswa aktif;Tidak dipanggil
MHS0348;4;39;1;9991;0;1;133.1;1;37;37;6;6;136.2;0;0;0;1;0;0;39;0;0;5;6;5;11.0;0;0;5;9;5;11.666666666666666;0;10.8;1.4;1.74;Graduate;553;D;data uji;Berjuang secara akademik
MHS0349;2;39;1;9238;1;1;120.0;1;37;37;9;9;116.0;0;0;0;1;0;0;44;0;0;6;8;6;13.0;0;0;6;6;6;13.833333333333334;0;12.7;3.7;-1.7;Graduate;668;B;data latih;Tidak dipanggil
MHS0350;1;1;2;8014;0;1;96.0;1;3;1;3;9;100.0;0;0;0;1;0;0;20;0;0;6;10;5;12.0;0;0;6;9;4;11.25;0;9.4;-0.8;-3.12;Enrolled;595;D;mahasiswa aktif;Berjuang secara akademik
MHS0351;1;1;1;9254;1;1;117.0;1;19;19;9;9;116.3;1;0;0;1;0;0;24;0;0;6;9;4;12.6;0;0;6;6;4;11.5;0;12.7;3.7;-1.7;Dropout;590;D;data latih;Berjuang secara akademik
MHS0352;1;43;1;9773;1;1;123.0;1;19;19;9;8;134.0;0;0;0;1;0;1;20;0;0;6;6;6;13.666666666666666;0;0;6;6;6;13.333333333333334;0;12.4;0.5;1.79;Graduate;706;A;data latih;Tidak dipanggil
MHS0353;1;1;4;171;1;1;127.0;1;1;1;9;5;124.2;1;0;0;0;0;0;19;0;0;0;0;0;0.0;0;0;0;0;0;0.0;0;9.4;-0.8;-3.12;Dropout;483;E;data uji;Menghilang dari kelas
MHS0354;2;1;1;9500;1;1;151.0;1;37;38;9;7;134.5;0;0;1;1;0;1;18;0;0;7;7;6;14.2;0;0;7;7;6;14.2;0;7.6;2.6;0.32;Graduate;711;A;data latih;Tidak dipanggil
MHS0355;1;1;1;9254;1;1;127.0;1;19;19;4;6;120.7;0;0;1;0;0;0;22;0;0;6;10;5;11.0;0;0;6;12;0;0.0;0;10.8;1.4;1.74;Dropout;480;E;data latih;Terhalang biaya
MHS0356;1;17;1;9085;1;1;133.0;1;19;1;4;5;127.1;1;0;0;1;0;0;18;0;0;6;7;6;15.0;0;0;6;7;6;16.428571428571427;0;11.1;0.6;2.02;Graduate;694;B;data latih;Tidak dipanggil
MHS0357;1;39;1;9500;1;19;133.1;1;38;37;9;9;133.0;0;0;0;1;0;0;24;0;0;7;9;6;12.585714285714284;0;0;8;9;7;13.44285714285714;0;13.9;-0.3;0.79;Graduate;661;B;data latih;Tidak dipanggil
MHS0358;1;39;1;9991;0;1;133.1;1;37;37;90;8;128.2;0;0;0;1;0;0;33;0;0;5;0;0;0.0;0;0;5;0;0;0.0;0;12.7;3.7;-1.7;Dropout;520;E;data latih;Menghilang dari kelas
MHS0359;1;39;1;9003;1;1;133.1;1;37;37;3;8;130.0;0;0;1;1;0;1;30;0;0;6;6;0;0.0;0;0;6;6;0;0.0;0;11.1;0.6;2.02;Enrolled;526;E;mahasiswa aktif;Menghilang dari kelas
MHS0360;1;39;1;9085;1;43;160.0;1;3;39;2;3;172.0;0;0;0;1;0;0;26;0;0;6;0;0;0.0;0;0;6;0;0;0.0;0;8.9;1.4;3.51;Dropout;531;E;data latih;Menghilang dari kelas
MHS0361;1;17;4;9853;1;1;140.0;1;19;38;4;1;128.5;1;0;0;1;0;0;18;0;0;6;7;6;11.666666666666666;0;0;6;10;6;11.833333333333334;0;10.8;1.4;1.74;Graduate;663;B;data latih;Tidak dipanggil
MHS0362;1;1;1;9773;1;1;146.0;1;37;38;9;7;128.5;0;0;1;1;0;0;19;0;0;6;13;3;12.666666666666666;0;0;6;12;2;10.0;0;10.8;1.4;1.74;Dropout;578;D;data latih;Berjuang secara akademik
MHS0363;1;17;4;9147;1;1;112.0;1;19;38;9;10;112.0;1;0;0;1;0;0;20;0;0;5;10;3;10.333333333333334;0;0;5;9;4;11.0;2;16.2;0.3;-0.92;Enrolled;568;D;mahasiswa aktif;Berjuang secara akademik
MHS0364;1;53;1;9085;1;42;140.0;1;19;37;9;8;142.5;1;0;0;1;0;1;22;0;7;11;18;8;13.5;0;4;9;16;7;13.714285714285714;0;8.9;1.4;3.51;Graduate;699;A;data latih;Tidak dipanggil
MHS0365;1;1;4;9500;1;1;136.0;1;1;1;9;1;133.0;1;0;0;1;0;0;19;0;0;7;8;5;13.98;0;0;7;8;5;13.98;0;7.6;2.6;0.32;Enrolled;653;C;mahasiswa aktif;Tidak dipanggil
MHS0366;1;1;1;9085;1;1;133.1;1;37;38;7;5;106.0;1;0;0;1;0;1;21;0;0;6;13;6;16.153846153846153;0;0;6;10;6;15.75;0;15.5;2.8;-4.06;Graduate;726;A;data latih;Tidak dipanggil
MHS0367;1;1;4;9500;1;1;136.0;1;19;38;4;8;125.5;1;0;0;1;0;1;21;0;0;7;7;6;14.033333333333331;0;0;7;7;6;14.033333333333331;0;7.6;2.6;0.32;Graduate;733;A;data latih;Tidak dipanggil
MHS0368;1;17;1;9085;1;1;134.0;1;19;37;2;7;131.2;0;0;0;1;0;0;19;0;0;5;8;1;11.0;0;0;5;6;5;11.2;0;7.6;2.6;0.32;Enrolled;572;D;mahasiswa aktif;Berjuang secara akademik
MHS0369;1;1;1;9853;1;1;122.0;1;38;37;191;195;112.9;1;0;0;1;0;1;19;0;0;7;8;7;13.857142857142858;0;0;7;8;6;13.666666666666666;0;8.9;1.4;3.51;Graduate;714;A;data latih;Tidak dipanggil
MHS0370;1;1;6;9500;1;1;138.0;1;19;19;9;5;124.8;1;0;0;1;0;0;18;0;0;8;8;7;13.414285714285716;0;0;8;8;7;13.414285714285716;0;12.7;3.7;-1.7;Dropout;699;A;data latih;Tidak dipanggil
MHS0371;2;43;1;8014;0;1;160.0;1;37;39;9;4;140.9;0;0;0;1;0;0;50;0;7;11;11;11;13.545454545454543;0;3;7;7;7;13.571428571428571;0;16.2;0.3;-0.92;Graduate;664;B;data latih;Tidak dipanggil
MHS0372;4;39;1;9991;0;1;130.0;1;38;19;9;7;148.0;0;0;0;1;0;1;31;0;0;5;11;4;11.25;0;0;5;10;4;10.833333333333334;0;13.9;-0.3;0.79;Enrolled;582;D;mahasiswa aktif;Berjuang secara akademik
MHS0373;1;17;1;9773;1;1;161.0;1;1;19;4;7;148.4;0;0;0;1;0;1;19;0;0;6;6;6;13.833333333333334;0;0;6;7;6;14.428571428571429;0;15.5;2.8;-4.06;Graduate;721;A;data latih;Tidak dipanggil
MHS0374;4;39;1;9991;0;1;140.0;1;1;37;141;192;129.7;0;0;0;1;0;0;35;0;0;5;8;5;12.0;0;0;5;9;5;12.857142857142858;0;13.9;-0.3;0.79;Graduate;585;D;data latih;Berjuang secara akademik
MHS0375;2;39;1;9085;1;19;133.1;1;38;38;4;7;128.2;0;0;0;1;0;0;31;0;0;6;0;0;0.0;0;0;6;0;0;0.0;0;12.7;3.7;-1.7;Dropout;529;E;data latih;Menghilang dari kelas
MHS0376;2;51;1;8014;0;19;133.1;1;37;37;9;9;104.0;0;0;1;1;0;0;42;0;5;11;14;10;11.9;0;5;11;14;10;12.8;0;11.1;0.6;2.02;Enrolled;627;C;mahasiswa aktif;Tidak dipanggil
MHS0377;1;18;4;9147;1;1;130.0;1;37;37;9;9;119.9;1;0;0;0;0;0;34;0;0;5;5;0;0.0;0;0;5;0;0;0.0;0;9.4;-0.8;-3.12;Dropout;460;E;data latih;Terhalang biaya
MHS0378;1;1;1;9500;1;1;152.0;1;1;1;4;4;141.0;1;0;0;1;0;1;18;0;0;7;7;7;15.135714285714286;0;0;8;8;8;15.287499999999998;0;12.4;0.5;1.79;Graduate;735;A;data uji;Tidak dipanggil
MHS0379;1;17;1;9853;1;1;125.0;1;3;3;3;3;116.6;1;0;0;0;0;1;18;0;0;7;7;7;12.285714285714286;0;0;7;8;6;13.333333333333334;0;8.9;1.4;3.51;Enrolled;627;C;mahasiswa aktif;Tidak dipanggil
MHS0380;1;44;1;9085;1;39;140.0;1;37;38;5;6;140.0;1;0;0;1;0;0;21;0;2;6;16;5;12.666666666666666;0;1;6;15;2;13.5;0;16.2;0.3;-0.92;Enrolled;626;C;mahasiswa aktif;Tidak dipanggil
MHS0381;4;39;1;9500;1;19;133.1;1;38;19;5;7;140.0;0;0;0;1;0;1;26;0;0;7;13;5;12.74;0;0;8;12;6;10.978571428571428;0;16.2;0.3;-0.92;Dropout;644;C;data latih;Tidak dipanggil
MHS0382;1;43;1;9500;1;1;170.0;1;19;37;8;8;100.0;0;0;0;1;0;0;20;0;0;7;8;6;13.25;0;0;8;8;8;13.75;0;13.9;-0.3;0.79;Enrolled;682;B;mahasiswa aktif;Tidak dipanggil
MHS0383;1;1;1;9238;1;1;135.0;1;38;38;5;7;121.0;0;0;0;1;0;0;19;0;0;6;13;3;10.333333333333334;0;0;6;12;3;10.333333333333334;0;7.6;2.6;0.32;Enrolled;588;D;mahasiswa aktif;Berjuang secara akademik
MHS0384;1;1;1;9853;1;1;125.0;1;19;19;5;5;117.0;0;0;0;1;0;1;19;0;0;6;7;6;13.428571428571429;0;0;6;6;6;13.166666666666666;0;15.5;2.8;-4.06;Graduate;712;A;data uji;Tidak dipanggil
MHS0385;1;53;1;9147;1;42;140.0;1;3;4;2;1;140.2;0;0;0;1;0;0;20;0;6;11;19;9;12.555555555555555;0;3;9;14;8;11.11111111111111;0;8.9;1.4;3.51;Graduate;639;C;data latih;Tidak dipanggil
MHS0386;1;1;1;9238;1;1;124.0;1;34;34;0;0;129.3;0;0;0;1;0;0;19;0;0;6;8;6;11.5;0;0;6;7;6;11.166666666666666;0;7.6;2.6;0.32;Graduate;656;C;data latih;Tidak dipanggil
MHS0387;1;1;1;9853;1;1;140.0;1;37;37;9;9;145.3;0;0;0;1;0;0;18;0;0;6;6;6;13.666666666666666;0;0;6;9;6;12.333333333333334;0;7.6;2.6;0.32;Graduate;680;B;data latih;Tidak dipanggil
MHS0388;1;39;1;9991;0;3;130.0;1;37;37;9;9;146.2;0;0;0;1;0;0;28;0;10;14;16;11;11.272727272727272;0;6;11;16;10;12.0;0;10.8;1.4;1.74;Graduate;633;C;data latih;Tidak dipanggil
MHS0389;1;17;1;9853;1;1;134.0;1;1;19;4;5;122.5;1;0;0;1;0;0;22;0;0;6;10;5;13.166666666666666;0;0;6;8;5;12.4;0;15.5;2.8;-4.06;Enrolled;607;C;mahasiswa aktif;Tidak dipanggil
MHS0390;1;44;1;8014;0;39;160.0;1;37;37;7;7;156.1;0;0;0;1;0;1;21;0;3;6;6;6;14.666666666666666;0;2;6;6;6;14.166666666666666;0;13.9;-0.3;0.79;Graduate;718;A;data latih;Tidak dipanggil
MHS0391;1;44;1;9085;1;39;140.0;1;4;38;4;5;140.0;1;0;0;1;0;0;21;0;0;6;11;4;12.75;0;0;6;19;1;11.0;0;12.4;0.5;1.79;Enrolled;594;D;mahasiswa aktif;Berjuang secara akademik
MHS0392;1;39;1;9500;1;1;150.0;1;1;19;5;3;140.0;0;1;0;1;0;0;26;0;0;7;11;5;11.2;0;0;8;13;5;12.14;0;16.2;0.3;-0.92;Enrolled;598;D;mahasiswa aktif;Berjuang secara akademik
MHS0393;1;1;6;9773;1;1;141.0;1;30;37;7;7;128.4;1;0;1;0;0;0;18;0;0;6;8;5;13.0;0;0;6;8;5;11.4;0;7.6;2.6;0.32;Dropout;506;E;data latih;Terhalang biaya
MHS0394;1;17;2;9085;1;1;120.0;1;1;1;9;10;115.0;0;0;0;0;0;0;20;0;0;5;8;2;10.5;0;0;5;8;2;12.333333333333334;0;7.6;2.6;0.32;Dropout;538;E;data latih;Terhalang biaya
MHS0395;1;17;2;9085;1;1;166.0;1;1;19;4;3;158.7;0;0;0;1;0;0;18;0;0;6;7;6;14.857142857142858;0;0;6;7;6;14.0;0;11.1;0.6;2.02;Graduate;694;B;data latih;Tidak dipanggil
MHS0396;1;1;4;9500;1;1;147.0;1;1;1;4;9;124.5;1;0;0;1;0;1;19;0;0;8;11;7;12.86;0;0;8;11;7;12.86;0;10.8;1.4;1.74;Graduate;726;A;data latih;Tidak dipanggil
MHS0397;1;51;1;9238;1;1;121.0;1;3;19;3;10;111.9;1;0;0;1;0;0;20;0;5;11;12;11;11.727272727272728;0;5;11;14;11;12.0;0;12.4;0.5;1.79;Graduate;670;B;data latih;Tidak dipanggil
MHS0398;1;44;1;9085;1;39;150.0;1;38;37;4;6;150.0;1;0;0;1;0;1;22;0;3;6;11;6;13.142857142857142;0;2;6;10;3;12.0;0;13.9;-0.3;0.79;Graduate;660;B;data latih;Tidak dipanggil
MHS0399;1;17;1;9670;1;1;124.0;1;37;19;5;8;114.2;1;0;1;1;0;0;18;0;0;6;6;5;11.8;0;0;6;9;4;13.714285714285714;0;10.8;1.4;1.74;Dropout;595;D;data latih;Berjuang secara akademik
MHS0400;1;17;1;9147;1;1;96.0;1;38;37;6;4;96.0;1;0;0;1;0;0;19;0;0;5;10;3;10.666666666666666;0;0;5;9;0;0.0;3;16.2;0.3;-0.92;Dropout;585;D;data latih;Berjuang secara akademik
MHS0401;1;17;4;9070;1;1;125.0;1;1;3;3;3;128.9;0;0;0;1;0;1;18;0;0;6;9;5;11.6;0;0;6;8;4;11.2;0;8.9;1.4;3.51;Enrolled;623;C;mahasiswa aktif;Tidak dipanggil
MHS0402;1;17;1;9254;1;1;136.0;1;37;37;7;7;121.7;1;0;0;1;0;0;20;0;0;6;13;3;10.333333333333334;0;0;6;12;3;10.333333333333334;0;10.8;1.4;1.74;Enrolled;570;D;mahasiswa aktif;Berjuang secara akademik
MHS0403;1;1;1;9773;1;1;120.0;1;38;37;9;9;114.8;1;1;0;1;0;0;19;0;0;6;11;4;12.25;0;0;6;11;3;11.0;0;7.6;2.6;0.32;Enrolled;604;C;mahasiswa aktif;Tidak dipanggil
MHS0404;1;1;1;9254;1;1;128.0;1;19;38;9;9;127.0;0;0;0;1;0;0;19;0;0;6;6;6;12.0;0;0;6;7;4;12.75;0;12.4;0.5;1.79;Enrolled;637;C;mahasiswa aktif;Tidak dipanggil
MHS0405;1;17;1;9500;1;1;142.0;1;37;37;5;5;131.3;1;0;0;1;0;0;19;0;0;8;8;7;14.731428571428571;0;0;8;8;7;14.731428571428571;0;10.8;1.4;1.74;Graduate;697;A;data latih;Tidak dipanggil
MHS0406;1;1;1;171;1;1;135.0;1;1;19;3;9;137.1;1;0;0;1;0;0;18;0;0;0;0;0;0.0;0;0;0;0;0;0.0;0;12.7;3.7;-1.7;Graduate;562;D;data latih;Menghilang dari kelas
MHS0407;1;7;1;9070;1;40;120.0;1;1;19;3;9;120.0;1;0;0;1;0;0;21;0;9;13;14;13;13.615384615384617;1;6;12;12;12;14.25;0;13.9;-0.3;0.79;Graduate;672;B;data latih;Tidak dipanggil
MHS0408;1;39;1;9991;0;40;140.0;1;1;19;9;9;139.0;0;0;0;1;0;0;27;0;0;5;5;5;15.8;0;0;5;5;5;14.8;0;8.9;1.4;3.51;Graduate;604;C;data latih;Tidak dipanggil
MHS0409;1;17;1;9238;1;1;135.0;1;1;19;4;4;129.1;0;0;0;1;0;0;19;0;0;6;6;6;14.666666666666666;0;0;6;7;6;14.571428571428571;0;15.5;2.8;-4.06;Graduate;698;A;data latih;Tidak dipanggil
MHS0410;4;39;1;9085;1;1;133.1;1;34;34;0;0;128.2;0;0;0;1;0;0;25;0;0;5;5;0;0.0;0;0;5;5;0;0.0;0;7.6;2.6;0.32;Dropout;531;E;data latih;Menghilang dari kelas
MHS0411;1;1;2;9500;1;1;137.0;1;19;19;7;7;120.8;1;0;0;1;0;1;18;0;0;8;8;7;14.654285714285717;0;0;8;8;7;14.654285714285717;0;10.8;1.4;1.74;Graduate;735;A;data uji;Tidak dipanggil
MHS0412;1;39;1;9500;1;3;122.0;1;19;1;4;8;135.8;0;0;0;1;0;0;24;0;0;8;8;7;12.401428571428571;0;0;8;8;7;12.401428571428571;0;10.8;1.4;1.74;Graduate;656;C;data latih;Tidak dipanggil
MHS0413;1;1;3;9500;1;1;128.0;1;1;1;4;10;118.9;1;0;0;1;0;0;20;0;0;7;8;7;11.5875;0;0;8;9;7;14.071428571428571;0;13.9;-0.3;0.79;Graduate;690;B;data latih;Tidak dipanggil
MHS0414;1;7;1;9991;0;40;140.0;1;37;37;6;6;140.0;0;0;0;1;0;0;26;0;3;5;5;5;14.0;0;1;5;5;5;15.6;0;12.4;0.5;1.79;Graduate;603;C;data uji;Tidak dipanggil
MHS0415;1;1;1;9238;1;1;132.0;1;1;38;9;7;127.1;1;0;0;1;0;1;20;0;0;6;9;6;12.333333333333334;0;0;6;6;6;11.833333333333334;0;8.9;1.4;3.51;Graduate;717;A;data latih;Tidak dipanggil
MHS0416;1;1;1;9085;1;1;131.0;1;37;37;90;90;137.0;0;0;0;1;0;0;18;0;0;5;5;5;14.0;0;0;5;6;5;15.4;0;7.6;2.6;0.32;Graduate;648;C;data latih;Tidak dipanggil
MHS0417;1;1;1;9085;1;1;126.0;1;1;1;9;9;127.4;1;0;0;1;0;0;19;0;0;6;13;6;15.23076923076923;0;0;6;10;6;12.375;0;15.5;2.8;-4.06;Graduate;689;B;data uji;Tidak dipanggil
MHS0418;1;1;1;9853;1;1;133.1;1;19;19;9;9;97.0;1;0;0;1;0;0;23;0;0;6;9;5;11.6;0;0;6;9;3;11.0;0;12.7;3.7;-1.7;Dropout;577;D;data uji;Berjuang secara akademik
MHS0419;1;1;4;9500;1;1;136.0;1;37;37;9;9;126.3;1;0;0;1;0;1;18;0;0;7;7;6;11.6;0;0;7;7;6;11.6;0;7.6;2.6;0.32;Graduate;688;B;data uji;Tidak dipanggil
MHS0420;1;1;4;9500;1;1;140.0;1;1;19;4;5;127.5;0;0;0;1;0;0;18;0;0;7;0;0;0.0;0;0;8;0;0;0.0;0;12.7;3.7;-1.7;Dropout;573;D;data latih;Menghilang dari kelas
MHS0421;1;1;1;9500;1;1;135.0;1;2;1;2;8;126.6;0;0;0;1;0;1;19;0;0;7;7;7;12.901428571428571;0;0;8;9;8;13.094444444444443;0;11.1;0.6;2.02;Graduate;726;A;data latih;Tidak dipanggil
MHS0422;1;42;1;9991;0;1;160.0;1;1;2;4;3;120.0;0;0;0;1;0;0;30;0;4;7;9;7;14.142857142857142;0;1;5;5;5;14.8;0;7.6;2.6;0.32;Graduate;631;C;data latih;Tidak dipanggil
MHS0423;1;44;1;9085;1;39;140.0;1;1;2;4;6;140.0;1;0;0;1;0;0;29;0;0;6;0;0;0.0;0;0;6;0;0;0.0;0;15.5;2.8;-4.06;Dropout;543;E;data latih;Menghilang dari kelas
MHS0424;1;1;6;9500;1;1;140.0;1;3;1;3;3;131.5;1;0;0;1;0;0;19;0;0;8;8;8;13.25375;0;0;8;8;8;13.25375;0;9.4;-0.8;-3.12;Graduate;697;A;data latih;Tidak dipanggil
MHS0425;1;17;6;9556;1;1;115.0;1;19;2;5;3;112.2;1;0;0;1;0;0;20;0;0;7;7;7;13.785714285714286;0;0;8;8;8;14.1;0;12.4;0.5;1.79;Graduate;682;B;data uji;Tidak dipanggil
MHS0426;1;1;1;9500;1;1;144.0;1;37;37;9;3;150.5;0;0;0;1;0;0;20;0;0;7;7;6;13.916666666666666;0;0;7;7;6;13.916666666666666;0;7.6;2.6;0.32;Graduate;704;A;data latih;Tidak dipanggil
MHS0427;1;1;4;9670;1;1;128.0;1;38;38;3;7;121.0;1;0;0;1;0;0;19;0;0;6;8;6;13.5;0;0;6;9;6;13.571428571428571;0;11.1;0.6;2.02;Graduate;689;B;data latih;Tidak dipanggil
MHS0428;1;17;1;9147;1;1;116.0;1;38;2;9;2;112.2;1;0;0;1;0;0;20;0;0;5;8;3;11.333333333333334;0;0;5;12;2;10.666666666666666;0;10.8;1.4;1.74;Enrolled;583;D;mahasiswa aktif;Berjuang secara akademik
MHS0429;3;1;2;9085;1;1;135.0;1;19;1;4;4;129.4;1;0;0;1;0;0;21;0;0;5;8;0;0.0;4;0;5;12;0;0.0;4;10.8;1.4;1.74;Dropout;562;D;data latih;Berjuang secara akademik
MHS0430;1;17;1;9670;1;1;121.0;1;19;38;4;10;114.4;0;0;0;1;0;0;19;0;0;6;10;5;11.5;0;0;6;9;4;14.6;0;11.1;0.6;2.02;Graduate;624;C;data latih;Tidak dipanggil
MHS0431;1;1;3;9500;1;1;134.0;1;37;38;9;9;120.3;1;0;0;1;0;1;18;0;0;8;8;7;12.082857142857142;0;0;8;8;7;12.082857142857142;0;10.8;1.4;1.74;Graduate;720;A;data latih;Tidak dipanggil
MHS0432;1;39;1;8014;0;1;120.0;1;37;37;7;8;120.0;0;0;0;1;0;1;27;0;0;6;8;6;11.833333333333334;0;0;6;10;5;12.8;0;15.5;2.8;-4.06;Graduate;636;C;data latih;Tidak dipanggil
MHS0433;1;17;2;9147;1;1;125.0;1;38;38;6;8;114.5;1;0;0;1;0;1;19;0;0;5;6;5;13.4;0;0;5;5;5;12.4;0;12.4;0.5;1.79;Graduate;651;C;data latih;Tidak dipanggil
MHS0434;1;1;1;9500;1;1;141.0;1;1;1;90;3;127.8;0;0;0;1;0;1;19;0;0;7;7;0;0.0;2;0;7;7;0;0.0;2;7.6;2.6;0.32;Dropout;600;C;data uji;Tidak dipanggil
MHS0435;1;1;1;9773;1;1;140.0;1;1;19;4;8;124.6;1;0;0;1;0;0;19;0;0;6;7;5;14.2;0;0;6;7;6;14.571428571428571;0;15.5;2.8;-4.06;Graduate;683;B;data latih;Tidak dipanggil
MHS0436;1;1;6;9500;1;1;144.0;1;19;19;5;5;130.3;1;0;0;1;0;1;18;0;0;8;8;7;13.814285714285717;0;0;8;8;7;13.814285714285717;0;12.7;3.7;-1.7;Graduate;735;A;data latih;Tidak dipanggil
MHS0437;1;17;1;9254;1;1;122.0;1;19;19;5;5;118.2;0;0;0;1;0;1;20;0;0;6;10;4;11.25;0;0;6;6;6;10.5;0;12.4;0.5;1.79;Enrolled;651;C;mahasiswa aktif;Tidak dipanggil
MHS0438;1;1;1;9670;1;1;130.0;1;19;37;4;5;118.8;0;0;0;1;0;1;18;0;0;6;6;6;14.5;0;0;6;8;6;13.666666666666666;0;12.7;3.7;-1.7;Graduate;722;A;data uji;Tidak dipanggil
MHS0439;1;1;5;9670;1;1;133.1;1;9;1;2;4;133.0;1;0;0;1;0;0;19;0;0;6;0;0;0.0;0;0;6;0;0;0.0;0;7.6;2.6;0.32;Dropout;561;D;data uji;Menghilang dari kelas
MHS0440;2;39;1;9500;1;19;133.1;1;37;37;9;9;129.0;1;0;0;1;0;0;36;0;0;7;7;6;11.3;0;0;7;7;6;11.3;0;7.6;2.6;0.32;Graduate;622;C;data latih;Tidak dipanggil
MHS0441;1;43;1;9556;1;1;147.0;1;3;4;3;2;100.0;0;0;0;1;0;0;18;0;0;2;2;0;0.0;0;0;4;4;1;16.0;0;10.8;1.4;1.74;Enrolled;584;D;mahasiswa aktif;Menghilang dari kelas
MHS0442;1;43;1;9130;1;1;127.0;1;19;38;4;5;120.7;1;0;1;1;0;0;18;0;0;5;11;1;12.0;0;0;5;9;3;12.0;0;12.7;3.7;-1.7;Enrolled;558;D;mahasiswa aktif;Berjuang secara akademik
MHS0443;1;17;6;9500;1;1;136.0;1;19;38;9;3;132.5;1;0;0;1;0;0;19;0;0;8;9;7;12.3;0;0;8;9;7;12.3;0;12.7;3.7;-1.7;Graduate;682;B;data latih;Tidak dipanggil
MHS0444;1;1;5;9500;1;1;127.0;1;19;19;7;8;120.3;1;0;0;1;0;1;18;0;0;8;8;7;12.694285714285714;0;0;8;8;7;12.694285714285714;0;10.8;1.4;1.74;Graduate;720;A;data latih;Tidak dipanggil
MHS0445;1;17;1;9670;1;1;123.0;1;19;19;1;1;114.6;0;0;0;1;0;0;18;0;0;5;5;4;11.0;0;0;5;5;4;11.0;0;9.4;-0.8;-3.12;Graduate;589;D;data latih;Berjuang secara akademik
MHS0446;1;1;1;9238;1;1;128.0;1;37;19;9;3;116.5;1;0;0;1;0;1;19;0;0;6;6;6;13.0;0;0;6;6;6;14.166666666666666;0;12.4;0.5;1.79;Graduate;732;A;data latih;Tidak dipanggil
MHS0447;1;1;1;9500;1;1;128.0;1;3;1;2;1;127.8;0;0;0;1;0;1;19;0;0;7;8;7;14.4125;0;0;8;8;8;16.05;0;13.9;-0.3;0.79;Graduate;733;A;data latih;Tidak dipanggil
MHS0448;1;1;2;9500;1;1;140.0;1;1;19;7;7;129.9;1;0;0;1;0;0;18;0;0;7;8;7;12.92875;0;0;8;8;8;14.0625;0;15.5;2.8;-4.06;Dropout;704;A;data uji;Tidak dipanggil
MHS0449;1;1;2;9773;1;1;121.0;1;1;19;9;7;118.9;1;0;0;1;0;0;20;0;0;6;6;6;13.333333333333334;0;0;6;10;5;12.8;0;11.1;0.6;2.02;Graduate;648;C;data uji;Tidak dipanggil
MHS0450;1;1;3;9254;1;1;122.0;1;19;38;3;10;114.3;1;0;0;1;0;1;20;0;0;6;8;5;12.8;0;0;6;9;5;12.8;0;12.4;0.5;1.79;Enrolled;655;C;mahasiswa aktif;Tidak dipanggil
MHS0451;1;18;1;9500;1;1;126.0;1;38;37;5;5;114.8;1;0;0;1;0;0;20;0;0;8;8;7;14.402857142857142;0;0;8;8;7;14.402857142857142;0;10.8;1.4;1.74;Graduate;693;B;data latih;Tidak dipanggil
MHS0452;1;1;4;9500;1;1;135.0;1;37;37;9;8;123.0;1;0;0;1;0;1;18;0;0;8;8;7;13.381428571428572;0;0;8;8;7;13.381428571428572;0;10.8;1.4;1.74;Graduate;728;A;data latih;Tidak dipanggil
MHS0453;1;1;2;9500;1;1;131.0;1;19;19;7;5;122.1;1;0;0;1;0;0;18;0;0;7;8;7;14.13125;0;0;8;8;8;13.98375;0;15.5;2.8;-4.06;Graduate;706;A;data uji;Tidak dipanggil
MHS0454;1;17;4;9085;1;1;140.0;1;19;37;4;7;123.7;0;0;0;1;0;0;19;0;0;5;11;5;11.714285714285714;2;0;5;6;5;12.6;0;9.4;-0.8;-3.12;Graduate;617;C;data uji;Tidak dipanggil
MHS0455;1;1;3;9147;1;1;131.0;1;19;38;9;7;132.4;1;0;0;1;0;0;19;0;0;5;5;5;11.8;0;0;5;8;4;11.25;0;9.4;-0.8;-3.12;Enrolled;592;D;mahasiswa aktif;Berjuang secara akademik
MHS0456;2;39;1;8014;0;1;130.0;1;34;34;99;99;114.8;0;0;0;1;0;0;44;0;0;6;9;6;11.166666666666666;0;1;6;15;2;11.0;1;7.6;2.6;0.32;Graduate;578;D;data latih;Berjuang secara akademik
MHS0457;1;7;1;9003;1;3;130.0;1;38;37;5;6;130.0;0;0;0;1;0;0;32;0;0;6;7;0;0.0;0;0;6;6;0;0.0;0;12.4;0.5;1.79;Dropout;522;E;data latih;Menghilang dari kelas
MHS0458;1;43;1;9853;1;1;140.0;1;37;19;9;8;122.3;0;0;0;1;0;0;22;0;0;6;9;5;13.6;0;0;6;8;5;12.0;0;12.7;3.7;-1.7;Dropout;601;C;data uji;Tidak dipanggil
MHS0459;2;39;1;9003;1;1;130.0;1;1;19;4;9;152.4;1;0;0;1;0;0;36;0;4;12;14;12;13.846153846153848;0;5;12;18;11;14.090909090909092;0;8.9;1.4;3.51;Graduate;656;C;data uji;Tidak dipanggil
MHS0460;1;17;1;9773;1;1;125.0;1;37;37;5;7;120.1;0;0;0;1;0;1;18;0;0;6;7;6;12.5;0;0;6;8;6;13.333333333333334;0;16.2;0.3;-0.92;Graduate;713;A;data latih;Tidak dipanggil
MHS0461;1;1;1;9130;1;1;160.0;1;3;3;3;2;155.1;1;0;0;1;0;0;20;0;0;5;5;5;16.4;0;0;5;5;5;14.6;0;12.7;3.7;-1.7;Graduate;633;C;data latih;Tidak dipanggil
MHS0462;1;51;1;9070;1;1;130.0;1;19;19;5;7;124.5;0;0;0;1;0;1;20;0;5;11;11;11;13.818181818181818;0;5;11;11;11;13.454545454545457;0;11.1;0.6;2.02;Graduate;712;A;data latih;Tidak dipanggil
MHS0463;1;17;1;9238;1;1;144.0;1;3;1;2;3;126.9;0;0;0;1;0;0;19;0;0;6;8;5;10.6;0;0;6;11;4;10.5;0;15.5;2.8;-4.06;Graduate;596;D;data latih;Berjuang secara akademik
MHS0464;1;39;1;9147;1;19;133.1;1;3;1;3;5;153.2;1;0;1;1;0;0;24;0;0;5;8;5;10.2;0;0;5;6;5;12.2;0;12.4;0.5;1.79;Graduate;545;E;data uji;Berjuang secara akademik
MHS0465;1;17;1;9238;1;1;148.0;1;1;1;4;9;129.8;0;0;0;1;0;0;20;0;0;6;11;5;10.6;0;0;6;11;4;10.4;0;15.5;2.8;-4.06;Enrolled;594;D;mahasiswa aktif;Berjuang secara akademik
MHS0466;1;43;1;8014;0;1;133.1;1;3;3;2;3;135.0;0;0;0;1;0;0;27;0;7;10;10;9;11.444444444444445;0;4;11;11;5;10.8;0;10.8;1.4;1.74;Dropout;589;D;data uji;Berjuang secara akademik
MHS0467;1;1;1;9853;1;1;133.0;1;1;38;5;10;131.3;1;0;0;1;0;0;20;0;0;6;9;5;14.333333333333334;0;4;8;8;8;12.625;0;15.5;2.8;-4.06;Enrolled;660;B;mahasiswa aktif;Tidak dipanggil
MHS0468;1;43;6;9238;1;1;129.0;1;34;34;0;0;125.2;0;0;0;1;0;1;23;0;15;16;18;16;13.0;0;11;13;15;13;13.266666666666667;0;9.4;-0.8;-3.12;Graduate;701;A;data latih;Tidak dipanggil
MHS0469;1;1;5;9500;1;1;144.0;1;19;38;4;8;141.3;1;0;0;1;0;1;18;0;0;8;9;8;13.31;1;0;8;9;8;13.31;1;9.4;-0.8;-3.12;Graduate;728;A;data uji;Tidak dipanggil
MHS0470;1;17;1;9238;1;1;120.0;1;37;37;4;9;117.1;1;0;0;1;0;1;18;0;0;6;10;5;10.571428571428571;1;0;6;9;5;12.2;0;12.7;3.7;-1.7;Graduate;654;C;data latih;Tidak dipanggil
MHS0471;1;17;3;9500;1;1;144.0;1;1;37;9;9;126.5;1;0;0;1;0;1;20;0;0;8;8;7;13.487142857142857;0;0;8;8;7;13.487142857142857;0;10.8;1.4;1.74;Graduate;717;A;data uji;Tidak dipanggil
MHS0472;1;1;1;9254;1;1;132.0;1;19;38;9;7;120.1;0;0;0;1;0;1;20;0;0;6;6;6;12.333333333333334;0;0;6;7;6;11.833333333333334;0;13.9;-0.3;0.79;Graduate;708;A;data latih;Tidak dipanggil
MHS0473;1;1;1;9670;1;1;142.0;1;38;19;7;10;128.4;0;0;0;1;0;0;23;0;0;6;11;6;11.875;0;0;6;9;5;12.833333333333334;0;11.1;0.6;2.02;Dropout;631;C;data latih;Tidak dipanggil
MHS0474;1;1;2;9500;1;1;136.0;1;19;19;9;9;140.0;1;0;0;1;0;0;20;0;0;7;7;6;13.966666666666669;0;0;7;7;6;13.966666666666669;0;7.6;2.6;0.32;Graduate;704;A;data latih;Tidak dipanggil
MHS0475;1;39;1;9254;1;9;133.1;1;34;34;0;0;110.0;1;0;0;0;0;0;28;0;0;5;10;0;0.0;0;0;5;10;0;0.0;0;7.6;2.6;0.32;Dropout;451;E;data latih;Terhalang biaya
MHS0476;1;1;1;9670;1;1;122.0;1;1;19;3;5;116.8;1;0;0;1;0;0;21;0;0;5;8;4;11.5;0;0;5;5;5;12.8;0;7.6;2.6;0.32;Graduate;619;C;data latih;Tidak dipanggil
MHS0477;1;1;2;9556;1;1;133.1;1;19;19;9;9;104.5;1;0;0;1;0;0;21;0;0;2;2;2;12.5;0;0;7;0;0;0.0;0;12.4;0.5;1.79;Dropout;596;D;data latih;Menghilang dari kelas
MHS0478;1;7;1;9500;1;3;140.0;1;34;34;0;0;140.0;0;0;0;1;0;0;28;0;0;7;0;0;0.0;0;0;8;0;0;0.0;0;7.6;2.6;0.32;Dropout;537;E;data latih;Menghilang dari kelas
MHS0479;1;1;1;9500;1;1;117.0;1;3;1;3;3;113.2;0;1;0;1;0;0;18;0;0;7;10;6;11.98;0;0;8;11;7;13.225;0;16.2;0.3;-0.92;Graduate;689;B;data latih;Tidak dipanggil
MHS0480;1;17;1;9238;1;1;128.0;1;38;19;191;175;118.6;1;0;0;1;0;1;21;0;0;6;8;5;13.2;0;0;6;7;5;11.8;0;8.9;1.4;3.51;Enrolled;633;C;mahasiswa aktif;Tidak dipanggil
MHS0481;1;1;1;9500;1;1;136.0;1;1;1;4;4;123.8;0;0;0;1;0;0;19;0;0;7;10;6;11.614285714285714;0;0;8;8;8;14.0375;0;13.9;-0.3;0.79;Graduate;692;B;data uji;Tidak dipanggil
MHS0482;1;18;6;9500;1;1;141.0;1;1;19;1;1;126.7;1;0;0;1;0;1;18;0;0;8;8;7;14.314285714285717;0;0;8;8;7;14.314285714285717;0;12.7;3.7;-1.7;Graduate;726;A;data latih;Tidak dipanggil
MHS0483;1;1;3;9500;1;1;130.0;1;3;1;2;5;133.8;0;0;0;1;0;0;19;0;0;7;0;0;0.0;0;0;8;0;0;0.0;0;7.6;2.6;0.32;Dropout;571;D;data latih;Menghilang dari kelas
MHS0484;1;44;1;9085;1;39;140.0;1;38;38;9;7;140.0;0;0;0;1;0;0;20;0;2;6;9;6;12.666666666666666;0;1;6;12;2;13.0;0;13.9;-0.3;0.79;Enrolled;642;C;mahasiswa aktif;Tidak dipanggil
MHS0485;1;1;3;9500;1;1;102.0;1;1;19;9;5;100.6;1;0;0;1;0;1;20;0;0;7;9;6;12.766666666666666;0;0;8;10;7;12.128571428571428;0;12.4;0.5;1.79;Graduate;716;A;data uji;Tidak dipanggil
MHS0486;1;17;1;9853;1;1;126.0;1;1;37;7;9;132.7;0;0;0;1;0;1;18;0;0;6;7;6;12.666666666666666;0;0;6;7;5;12.2;0;10.8;1.4;1.74;Graduate;662;B;data latih;Tidak dipanggil
MHS0487;1;43;2;9670;1;1;125.0;1;38;19;4;3;106.6;1;0;0;1;0;0;20;0;4;6;7;6;11.5;0;0;6;10;4;10.571428571428571;0;10.8;1.4;1.74;Dropout;595;D;data latih;Berjuang secara akademik
MHS0488;1;39;1;9670;1;1;120.0;1;1;19;5;4;140.4;0;0;0;1;0;0;31;0;2;6;13;5;11.4;0;0;6;14;4;11.75;0;13.9;-0.3;0.79;Dropout;559;D;data latih;Berjuang secara akademik
MHS0489;1;17;3;9500;1;1;132.0;1;37;37;9;7;128.3;1;0;0;1;0;1;19;0;0;7;8;7;14.70625;0;0;8;8;8;14.4775;0;15.5;2.8;-4.06;Graduate;726;A;data latih;Tidak dipanggil
MHS0490;1;1;3;9500;1;1;128.0;1;38;38;5;5;118.6;1;0;0;1;0;1;19;0;0;7;9;6;11.814285714285717;0;0;8;8;7;13.542857142857144;0;13.9;-0.3;0.79;Graduate;716;A;data latih;Tidak dipanggil
MHS0491;1;1;1;9070;1;1;115.0;1;19;1;3;8;123.4;0;0;0;1;0;0;23;0;1;6;8;6;13.0;1;0;6;8;6;11.875;0;13.9;-0.3;0.79;Graduate;678;B;data latih;Tidak dipanggil
MHS0492;1;1;1;9670;1;1;125.0;1;37;37;5;5;124.0;0;0;0;1;0;0;19;0;0;6;7;6;14.857142857142858;0;0;6;6;6;13.333333333333334;0;12.4;0.5;1.79;Graduate;691;B;data latih;Tidak dipanggil
MHS0493;1;1;6;9500;1;1;137.0;1;1;3;3;2;121.3;1;0;0;1;0;0;20;0;0;7;7;6;12.6;0;0;7;7;6;12.6;0;7.6;2.6;0.32;Graduate;689;B;data latih;Tidak dipanggil
MHS0494;1;1;1;9085;1;1;101.0;1;37;37;9;4;101.0;1;0;1;1;0;0;22;0;0;6;9;5;13.333333333333334;0;0;6;17;4;11.4;0;12.4;0.5;1.79;Enrolled;570;D;mahasiswa aktif;Berjuang secara akademik
MHS0495;1;1;1;9853;1;1;126.0;1;3;1;2;5;116.9;1;1;0;1;0;0;18;0;0;7;10;6;10.666666666666666;0;0;7;12;6;12.833333333333334;0;13.9;-0.3;0.79;Enrolled;675;B;mahasiswa aktif;Tidak dipanggil
MHS0496;1;7;3;9130;1;3;130.0;1;19;37;90;5;130.0;0;0;1;0;0;0;27;0;1;5;6;2;11.5;0;0;5;5;1;11.0;0;12.7;3.7;-1.7;Dropout;449;E;data latih;Terhalang biaya
MHS0497;1;39;1;9556;1;19;100.0;1;37;38;9;9;120.0;0;0;0;1;0;0;29;0;0;7;9;1;10.0;0;0;7;0;0;0.0;0;12.7;3.7;-1.7;Dropout;523;E;data latih;Menghilang dari kelas
MHS0498;1;17;1;9254;1;1;122.0;1;1;19;4;3;130.4;1;0;0;1;0;0;18;0;0;6;10;5;11.8;0;0;6;10;5;12.2;0;11.1;0.6;2.02;Graduate;616;C;data latih;Tidak dipanggil
MHS0499;1;17;1;9070;1;1;126.0;1;19;38;9;7;118.7;0;0;0;1;0;0;18;0;0;6;7;5;11.8;0;0;6;6;6;12.666666666666666;0;16.2;0.3;-0.92;Graduate;658;B;data latih;Tidak dipanggil
MHS0500;1;17;1;9500;1;1;128.0;1;38;38;7;7;131.5;0;0;0;1;0;0;18;0;0;8;8;8;12.77125;0;0;8;8;8;12.77125;0;9.4;-0.8;-3.12;Graduate;684;B;data latih;Tidak dipanggil
MHS0501;1;17;3;9085;1;1;134.0;1;37;38;9;9;120.4;1;0;0;1;0;0;20;0;0;5;13;3;11.333333333333334;2;0;5;8;5;12.6;0;9.4;-0.8;-3.12;Enrolled;615;C;mahasiswa aktif;Tidak dipanggil
MHS0502;1;17;2;9254;1;1;128.0;1;38;38;9;9;129.1;1;0;0;1;0;0;18;0;0;6;6;6;12.666666666666666;0;0;6;7;5;14.6;0;11.1;0.6;2.02;Graduate;649;C;data latih;Tidak dipanggil
MHS0503;1;1;1;9070;1;1;125.0;1;1;1;4;4;132.0;0;0;0;0;0;0;18;0;1;6;10;5;12.2;1;0;6;11;4;10.833333333333334;0;13.9;-0.3;0.79;Enrolled;531;E;mahasiswa aktif;Terhalang biaya
MHS0504;1;7;2;9085;1;3;130.0;1;3;3;1;1;130.0;0;0;0;0;0;0;28;0;0;5;9;1;12.0;1;0;4;10;0;0.0;4;10.8;1.4;1.74;Dropout;468;E;data latih;Terhalang biaya
MHS0505;1;1;2;9500;1;1;135.0;1;37;1;7;7;132.8;1;0;0;1;0;1;18;0;0;8;12;7;11.721428571428572;0;0;8;12;7;11.721428571428572;0;12.7;3.7;-1.7;Graduate;686;B;data latih;Tidak dipanggil
MHS0506;1;39;1;9500;1;19;133.1;1;37;38;151;161;143.7;0;0;0;1;0;0;27;0;0;7;12;4;14.0;0;0;7;14;3;12.525;0;12.4;0.5;1.79;Enrolled;610;C;mahasiswa aktif;Tidak dipanggil
MHS0507;1;39;1;33;1;1;140.0;1;3;1;2;4;152.8;0;0;0;1;0;0;26;0;0;7;9;7;14.75;0;0;7;12;5;13.8;3;16.2;0.3;-0.92;Enrolled;623;C;mahasiswa aktif;Tidak dipanggil
MHS0508;1;1;2;9773;1;1;138.0;1;19;1;9;3;133.5;1;0;0;1;0;0;18;0;0;6;6;6;12.666666666666666;0;0;6;6;6;13.666666666666666;0;12.7;3.7;-1.7;Graduate;691;B;data uji;Tidak dipanggil
MHS0509;1;1;1;9130;1;1;150.0;1;5;5;2;2;146.2;0;0;0;1;0;0;18;0;0;5;12;4;13.0;2;0;5;6;5;14.0;0;9.4;-0.8;-3.12;Dropout;635;C;data uji;Tidak dipanggil
MHS0510;1;1;2;9147;1;1;125.0;1;1;19;4;6;115.2;0;1;0;1;0;0;21;0;0;5;6;0;0.0;0;0;5;5;0;0.0;0;15.5;2.8;-4.06;Dropout;557;D;data latih;Menghilang dari kelas
MHS0511;1;1;2;9070;1;1;121.0;1;4;1;2;3;120.7;1;0;0;1;0;0;18;0;0;6;8;4;10.75;0;0;6;9;0;0.0;0;9.4;-0.8;-3.12;Enrolled;601;C;mahasiswa aktif;Tidak dipanggil
MHS0512;2;39;1;8014;0;1;120.0;1;34;34;99;99;101.8;0;0;0;0;0;0;32;0;0;5;5;0;0.0;0;0;5;10;0;0.0;0;10.8;1.4;1.74;Dropout;452;E;data uji;Terhalang biaya
MHS0513;1;39;2;9670;1;1;140.0;1;34;34;0;0;100.0;0;0;0;1;0;0;28;0;0;5;6;4;12.5;0;0;5;7;4;11.75;0;7.6;2.6;0.32;Graduate;568;D;data latih;Berjuang secara akademik
MHS0514;1;39;1;9991;0;1;100.0;1;37;19;9;2;121.9;0;0;0;0;0;0;40;0;0;4;4;0;0.0;0;0;5;0;0;0.0;0;12.7;3.7;-1.7;Dropout;443;E;data latih;Terhalang biaya
MHS0515;2;18;2;8014;0;1;140.0;1;37;37;9;10;120.4;0;0;1;0;0;0;39;0;0;5;5;0;0.0;0;0;4;4;0;0.0;0;9.4;-0.8;-3.12;Dropout;439;E;data uji;Terhalang biaya
MHS0516;2;18;2;9238;1;1;140.0;1;37;37;9;10;120.4;0;0;1;0;0;0;39;0;0;6;0;0;0.0;0;0;6;0;0;0.0;0;9.4;-0.8;-3.12;Dropout;445;E;data latih;Terhalang biaya
MHS0517;2;39;1;9003;1;1;120.0;1;37;19;9;4;148.8;0;0;0;1;0;0;50;0;0;6;7;6;12.5;0;0;6;15;5;12.4;0;8.9;1.4;3.51;Graduate;606;C;data uji;Tidak dipanggil
MHS0518;1;17;2;9853;1;1;138.0;1;1;1;9;4;123.0;1;0;0;1;0;0;23;0;0;6;10;5;12.8;0;0;6;9;3;11.666666666666666;0;10.8;1.4;1.74;Dropout;577;D;data latih;Berjuang secara akademik
MHS0519;4;39;1;8014;0;19;133.1;1;34;34;0;0;100.0;0;0;0;1;0;0;48;0;0;6;11;1;10.0;0;0;6;11;1;11.0;0;9.4;-0.8;-3.12;Dropout;529;E;data latih;Berjuang secara akademik
MHS0520;1;17;2;9853;1;1;118.0;1;37;37;9;9;112.1;1;0;0;1;0;0;23;0;0;6;11;4;11.25;0;0;6;10;5;10.2;0;7.6;2.6;0.32;Dropout;570;D;data latih;Berjuang secara akademik
MHS0521;1;1;6;9500;1;1;135.0;1;37;1;5;5;126.8;1;0;0;1;0;1;18;0;0;8;8;7;12.61;0;0;8;8;7;12.61;0;10.8;1.4;1.74;Graduate;720;A;data latih;Tidak dipanggil
MHS0522;1;17;1;9130;1;1;130.0;1;3;19;2;9;115.9;0;0;0;1;0;0;18;0;0;5;14;2;12.0;2;0;5;6;5;12.6;0;9.4;-0.8;-3.12;Graduate;608;C;data uji;Tidak dipanggil
MHS0523;1;15;1;9238;1;1;150.0;26;3;37;2;8;132.5;1;0;0;0;0;0;20;1;0;6;9;5;13.0;0;0;6;7;6;13.5;0;13.9;-0.3;0.79;Graduate;594;D;data uji;Terhalang biaya
MHS0524;1;18;3;9085;1;1;149.0;103;1;1;9;9;132.2;1;0;0;1;0;1;18;1;0;5;9;4;12.0;0;0;5;8;5;13.0;0;10.8;1.4;1.74;Graduate;651;C;data latih;Tidak dipanggil
MHS0525;1;1;1;9556;1;1;180.0;103;5;3;1;1;183.5;1;0;0;1;0;0;18;1;0;7;8;4;12.0;0;0;8;8;0;0.0;0;16.2;0.3;-0.92;Dropout;593;D;data latih;Berjuang secara akademik
MHS0526;1;43;1;9119;1;1;133.1;1;1;1;9;3;136.0;0;0;0;1;1;0;31;0;0;5;12;1;12.0;0;0;5;9;1;11.0;4;16.2;0.3;-0.92;Dropout;532;E;data latih;Berjuang secara akademik
MHS0527;1;39;1;9119;1;19;133.1;1;19;19;5;3;100.9;1;0;0;1;1;0;24;0;0;5;9;1;12.0;0;0;5;6;3;10.5;0;10.8;1.4;1.74;Enrolled;525;E;mahasiswa aktif;Berjuang secara akademik
MHS0528;1;39;1;171;1;1;145.0;1;3;1;2;10;114.5;1;0;0;1;1;0;24;0;0;0;0;0;0.0;0;0;0;0;0;0.0;0;9.4;-0.8;-3.12;Graduate;527;E;data uji;Menghilang dari kelas
MHS0529;1;39;1;9147;1;1;110.0;1;37;37;9;9;110.3;0;0;1;0;1;0;26;0;0;5;5;0;0.0;0;0;5;9;0;0.0;0;10.8;1.4;1.74;Dropout;423;E;data uji;Terhalang biaya
MHS0530;1;1;1;9130;1;1;154.0;1;3;3;2;2;137.2;1;0;1;1;1;0;18;0;0;6;11;5;13.625;0;0;6;9;4;11.75;0;16.2;0.3;-0.92;Dropout;572;D;data latih;Berjuang secara akademik
MHS0531;1;17;1;9147;1;1;126.0;1;37;37;4;7;116.9;0;0;0;1;1;1;19;0;0;5;12;3;11.666666666666666;0;0;5;10;3;11.666666666666666;0;12.7;3.7;-1.7;Enrolled;614;C;mahasiswa aktif;Tidak dipanggil
MHS0532;1;17;1;9670;1;1;133.0;1;19;37;9;8;121.8;1;0;0;1;1;0;22;0;0;6;0;0;0.0;0;0;6;0;0;0.0;0;13.9;-0.3;0.79;Dropout;543;E;data latih;Menghilang dari kelas
MHS0533;1;1;2;9500;1;1;145.0;1;4;2;2;3;127.3;1;0;0;1;1;0;18;0;0;8;8;7;11.69;0;0;8;8;7;11.69;0;10.8;1.4;1.74;Graduate;657;B;data latih;Tidak dipanggil
MHS0534;1;44;1;9070;1;39;120.0;1;1;19;4;7;120.0;0;0;1;0;1;0;20;0;0;6;11;0;0.0;6;0;6;12;0;0.0;12;16.2;0.3;-0.92;Dropout;453;E;data latih;Terhalang biaya
MHS0535;1;44;1;171;1;39;150.0;1;4;4;2;2;150.0;0;0;0;1;1;0;25;0;0;0;0;0;0.0;0;0;0;0;0;0.0;0;15.5;2.8;-4.06;Graduate;541;E;data latih;Menghilang dari kelas
MHS0536;1;43;1;9991;0;1;150.0;1;3;3;4;4;100.0;1;0;0;1;1;0;24;0;0;5;10;4;11.5;0;0;5;11;5;11.285714285714286;0;13.9;-0.3;0.79;Graduate;564;D;data latih;Berjuang secara akademik
MHS0537;1;39;1;9119;1;1;150.0;1;3;3;4;4;150.0;1;0;0;1;1;0;27;0;0;5;10;1;14.0;0;0;5;0;0;0.0;0;8.9;1.4;3.51;Dropout;537;E;data uji;Menghilang dari kelas
MHS0538;1;17;1;9254;1;1;127.0;1;3;19;4;4;116.9;0;0;0;1;1;0;21;0;0;6;7;5;11.0;0;0;6;7;5;12.4;0;15.5;2.8;-4.06;Graduate;612;C;data latih;Tidak dipanggil
MHS0539;1;44;1;9003;1;39;140.0;1;19;38;3;9;140.0;1;0;0;1;1;0;21;0;0;6;7;6;12.857142857142858;0;0;6;6;6;13.166666666666666;0;12.4;0.5;1.79;Graduate;676;B;data latih;Tidak dipanggil
MHS0540;1;18;3;9773;1;1;128.0;1;19;1;9;9;122.1;1;0;0;1;1;0;19;0;0;6;9;4;12.5;0;0;6;6;6;11.333333333333334;0;10.8;1.4;1.74;Dropout;632;C;data latih;Tidak dipanggil
MHS0541;1;39;1;9500;1;1;127.0;1;19;19;5;5;160.0;0;0;0;1;1;0;28;0;0;7;7;7;14.528571428571428;0;0;8;11;8;15.018181818181818;0;16.2;0.3;-0.92;Graduate;671;B;data latih;Tidak dipanggil
MHS0542;1;1;1;9147;1;1;117.0;1;19;19;5;7;118.4;0;0;0;1;1;0;20;0;0;5;8;5;10.0;0;0;5;10;2;12.0;0;7.6;2.6;0.32;Enrolled;602;C;mahasiswa aktif;Tidak dipanggil
MHS0543;1;44;1;9003;1;39;150.0;1;1;19;4;10;150.0;0;0;0;1;1;1;21;0;0;6;8;6;13.0;0;0;6;10;6;12.625;0;15.5;2.8;-4.06;Graduate;700;A;data latih;Tidak dipanggil
MHS0544;1;1;1;9500;1;1;154.0;1;1;1;5;3;144.9;0;0;0;1;1;1;18;0;0;7;7;7;15.957142857142856;0;0;8;9;8;15.188888888888888;0;16.2;0.3;-0.92;Graduate;735;A;data uji;Tidak dipanggil
MHS0545;1;17;2;9119;1;1;127.0;1;19;1;9;10;121.1;1;0;0;1;1;1;18;0;0;5;6;5;13.2;0;0;5;8;5;12.6;0;8.9;1.4;3.51;Enrolled;637;C;mahasiswa aktif;Tidak dipanggil
MHS0546;1;1;2;9147;1;1;133.0;1;19;1;5;10;121.8;0;0;0;1;1;0;20;0;0;5;9;4;10.2;0;0;5;6;3;11.0;0;15.5;2.8;-4.06;Enrolled;575;D;mahasiswa aktif;Berjuang secara akademik
MHS0547;1;39;1;9119;1;40;120.0;1;1;1;5;10;146.8;0;0;0;1;1;0;25;0;2;5;6;5;14.2;0;1;5;5;2;13.5;0;16.2;0.3;-0.92;Enrolled;587;D;mahasiswa aktif;Berjuang secara akademik
MHS0548;1;1;1;9670;1;1;133.1;1;38;19;5;6;138.0;0;0;1;1;1;0;22;0;0;6;8;6;12.625;0;0;6;11;2;14.5;0;11.1;0.6;2.02;Enrolled;617;C;mahasiswa aktif;Tidak dipanggil
MHS0549;1;1;1;9500;1;1;149.0;1;37;37;9;9;138.0;0;0;0;1;1;0;18;0;0;8;11;6;13.496666666666668;1;0;8;11;6;13.496666666666668;1;9.4;-0.8;-3.12;Enrolled;701;A;mahasiswa aktif;Tidak dipanggil
MHS0550;1;17;2;9147;1;1;125.0;1;19;38;9;7;116.3;1;0;0;1;1;0;19;0;0;5;8;5;13.25;0;0;5;8;5;11.0;0;13.9;-0.3;0.79;Graduate;595;D;data latih;Berjuang secara akademik
MHS0551;1;1;5;9119;1;1;126.0;1;12;19;4;5;122.5;1;0;0;1;1;0;19;0;0;5;12;3;12.0;0;0;5;10;3;12.0;0;12.4;0.5;1.79;Dropout;603;C;data latih;Tidak dipanggil
MHS0552;1;39;1;9773;1;19;133.1;1;19;1;7;9;115.0;1;0;1;0;1;0;25;0;0;6;10;4;13.0;0;0;6;9;4;13.75;0;12.7;3.7;-1.7;Dropout;503;E;data latih;Terhalang biaya
MHS0553;1;43;1;9070;1;1;115.0;1;12;12;1;10;115.0;0;0;1;1;1;0;21;0;5;11;12;9;11.77777777777778;0;3;8;11;3;13.666666666666666;0;15.5;2.8;-4.06;Dropout;606;C;data uji;Tidak dipanggil
MHS0554;1;17;3;9119;1;1;117.0;1;1;2;3;2;119.8;1;0;0;1;1;0;19;0;0;5;10;2;11.0;0;0;6;10;0;0.0;0;11.1;0.6;2.02;Dropout;569;D;data uji;Berjuang secara akademik
MHS0555;1;17;2;9147;1;1;133.1;1;1;1;4;4;95.0;0;0;0;1;1;0;20;0;0;5;14;0;0.0;0;0;5;5;0;0.0;0;11.1;0.6;2.02;Dropout;550;D;data latih;Berjuang secara akademik
MHS0556;1;44;1;9003;1;39;150.0;1;3;2;2;2;150.0;0;0;0;1;1;0;25;0;9;14;16;14;12.428571428571429;0;3;9;13;6;10.857142857142858;0;15.5;2.8;-4.06;Dropout;632;C;data uji;Tidak dipanggil
MHS0557;1;17;1;9147;1;1;130.0;1;19;1;7;4;117.8;1;0;0;1;1;0;20;0;0;5;8;3;11.0;0;0;5;11;3;12.0;0;10.8;1.4;1.74;Enrolled;610;C;mahasiswa aktif;Tidak dipanggil
MHS0558;1;1;1;171;1;1;161.0;1;37;37;9;9;144.2;1;0;0;1;1;0;18;0;0;0;0;0;0.0;0;0;0;0;0;0.0;0;7.6;2.6;0.32;Graduate;562;D;data latih;Menghilang dari kelas
MHS0559;1;44;1;9254;1;39;130.0;1;39;39;194;193;130.0;1;0;1;1;1;0;23;0;0;6;12;3;11.5;0;0;6;12;3;10.666666666666666;0;8.9;1.4;3.51;Enrolled;549;E;mahasiswa aktif;Berjuang secara akademik
MHS0560;1;42;1;9500;1;1;111.0;1;1;3;9;10;128.2;1;0;0;1;1;0;23;0;0;8;8;8;12.5075;0;0;8;8;8;12.5075;0;9.4;-0.8;-3.12;Graduate;669;B;data latih;Tidak dipanggil
MHS0561;1;53;1;9003;1;42;140.0;1;3;38;141;151;135.3;0;0;0;1;1;0;21;0;7;12;18;11;12.090909090909092;0;5;12;14;11;12.0;0;8.9;1.4;3.51;Graduate;665;B;data latih;Tidak dipanggil
MHS0562;1;1;1;9130;1;1;132.0;1;1;1;3;3;143.9;1;0;0;1;1;0;20;0;0;5;14;2;11.0;3;0;5;9;3;12.666666666666666;0;9.4;-0.8;-3.12;Enrolled;611;C;mahasiswa aktif;Tidak dipanggil
MHS0563;1;39;1;9991;0;1;139.0;1;1;1;4;10;140.7;0;0;0;1;1;0;25;0;0;5;13;1;10.0;0;0;5;8;2;11.333333333333334;0;12.4;0.5;1.79;Dropout;522;E;data latih;Berjuang secara akademik
MHS0564;1;1;1;9130;1;1;132.0;1;19;38;9;9;130.4;1;0;0;1;1;0;18;0;0;6;6;6;13.5;0;0;6;9;5;13.2;0;8.9;1.4;3.51;Graduate;646;C;data latih;Tidak dipanggil
MHS0565;1;1;6;9070;1;6;119.0;1;1;1;9;9;123.2;1;0;0;1;1;0;22;0;0;6;6;6;14.166666666666666;0;0;6;8;6;13.625;0;10.8;1.4;1.74;Graduate;685;B;data uji;Tidak dipanggil
MHS0566;1;39;1;9670;1;1;133.1;1;19;19;3;9;118.0;0;0;0;1;1;0;27;0;0;6;7;6;14.0;0;0;6;7;6;14.714285714285714;0;8.9;1.4;3.51;Graduate;663;B;data latih;Tidak dipanggil
MHS0567;1;39;1;9003;1;19;133.1;1;4;1;2;4;120.0;0;0;0;1;1;0;25;0;0;3;4;0;0.0;0;0;3;5;0;0.0;0;16.2;0.3;-0.92;Dropout;525;E;data latih;Berjuang secara akademik
MHS0568;1;17;4;9119;1;1;129.0;1;34;36;0;5;118.9;1;0;0;1;1;0;18;0;0;5;9;3;11.666666666666666;0;0;5;10;3;11.333333333333334;4;7.6;2.6;0.32;Dropout;571;D;data latih;Berjuang secara akademik
MHS0569;1;17;1;9085;1;1;128.0;1;38;19;8;8;117.2;0;0;0;1;1;0;20;0;0;5;7;5;14.6;1;0;5;5;5;14.2;0;12.7;3.7;-1.7;Graduate;637;C;data latih;Tidak dipanggil
MHS0570;1;39;1;9003;1;1;120.0;1;3;4;2;2;120.0;0;0;0;1;1;0;27;0;0;6;10;5;13.0;0;0;6;13;5;11.5;0;16.2;0.3;-0.92;Graduate;568;D;data uji;Berjuang secara akademik
MHS0571;1;1;1;8014;0;1;130.0;1;1;1;9;9;118.1;0;0;0;1;1;0;20;0;0;6;7;6;12.166666666666666;0;0;6;9;6;12.0;0;7.6;2.6;0.32;Graduate;682;B;data latih;Tidak dipanggil
MHS0572;1;1;1;9147;1;1;130.0;1;38;37;9;9;124.8;1;0;0;1;1;0;22;0;0;5;9;0;0.0;0;0;5;5;1;12.0;0;7.6;2.6;0.32;Dropout;575;D;data uji;Berjuang secara akademik
MHS0573;1;17;6;9119;1;1;111.0;1;19;3;5;10;106.5;1;0;0;1;1;0;19;0;0;5;10;3;10.5;0;0;5;11;3;10.8;0;12.4;0.5;1.79;Dropout;569;D;data latih;Berjuang secara akademik
MHS0574;1;1;6;9147;1;1;121.0;1;3;19;4;5;116.8;0;0;0;1;1;0;20;0;0;5;14;3;12.4;0;0;5;8;5;10.833333333333334;0;13.9;-0.3;0.79;Enrolled;597;D;mahasiswa aktif;Berjuang secara akademik
MHS0575;1;43;4;171;1;1;117.0;1;19;12;9;10;109.3;0;0;0;1;1;0;19;0;0;0;0;0;0.0;0;0;0;0;0;0.0;0;9.4;-0.8;-3.12;Graduate;547;E;data latih;Menghilang dari kelas
MHS0576;2;39;1;9085;1;9;133.1;1;1;1;4;4;120.0;1;0;0;0;1;0;29;0;0;5;12;0;0.0;4;0;5;8;0;0.0;1;9.4;-0.8;-3.12;Dropout;452;E;data latih;Terhalang biaya
MHS0577;1;1;2;9500;1;1;149.0;1;3;1;9;9;137.5;0;0;0;1;1;0;19;0;0;8;8;7;13.828571428571427;0;0;8;8;7;13.828571428571427;0;12.7;3.7;-1.7;Graduate;704;A;data latih;Tidak dipanggil
MHS0578;1;39;2;9991;0;1;172.0;1;19;37;9;8;150.0;1;0;0;1;0;1;28;0;0;5;7;5;10.6;0;0;5;6;5;10.2;0;9.4;-0.8;-3.12;Enrolled;584;D;mahasiswa aktif;Berjuang secara akademik
MHS0579;2;1;1;9238;1;1;134.0;1;37;37;5;5;120.4;0;0;0;1;0;0;20;0;0;6;7;6;11.5;0;0;6;6;6;11.666666666666666;0;7.6;2.6;0.32;Graduate;654;C;data latih;Tidak dipanggil
MHS0580;1;1;4;9070;1;1;136.0;1;37;37;9;8;136.7;1;0;0;1;0;0;20;0;0;6;6;4;13.5;0;0;6;8;6;13.625;0;10.8;1.4;1.74;Graduate;676;B;data latih;Tidak dipanggil
MHS0581;1;39;1;8014;0;1;133.1;1;34;5;0;1;118.5;1;0;0;1;0;0;31;0;0;6;12;0;0.0;0;0;6;0;0;0.0;0;7.6;2.6;0.32;Dropout;529;E;data latih;Menghilang dari kelas
MHS0582;1;17;5;9500;1;1;141.0;1;12;1;5;5;133.0;1;0;0;1;0;0;18;0;0;7;8;7;12.5375;0;0;8;9;7;12.614285714285714;0;13.9;-0.3;0.79;Graduate;684;B;data latih;Tidak dipanggil
MHS0583;1;17;1;9670;1;1;141.0;1;1;19;8;7;128.8;1;0;0;1;0;0;19;0;0;6;6;6;14.833333333333334;0;0;6;8;6;13.285714285714286;0;8.9;1.4;3.51;Enrolled;684;B;mahasiswa aktif;Tidak dipanggil
MHS0584;1;1;1;9147;1;1;148.0;1;37;38;9;8;133.0;1;0;0;1;0;0;18;0;0;5;10;4;12.0;0;0;5;9;4;12.8;0;13.9;-0.3;0.79;Graduate;621;C;data latih;Tidak dipanggil
MHS0585;1;17;1;9254;1;1;102.0;1;37;37;7;7;102.0;0;0;0;1;0;0;19;0;0;6;8;5;11.8;0;0;6;8;5;11.6;0;10.8;1.4;1.74;Graduate;587;D;data latih;Berjuang secara akademik
MHS0586;1;1;1;9147;1;1;143.0;1;1;19;3;3;133.9;0;0;0;1;0;1;18;0;0;5;5;5;15.0;0;0;5;5;5;15.2;0;12.7;3.7;-1.7;Graduate;672;B;data latih;Tidak dipanggil
MHS0587;1;17;1;9085;1;1;120.0;1;38;19;90;90;127.0;0;0;0;1;0;0;19;0;0;5;7;3;12.0;0;0;5;7;5;13.2;0;7.6;2.6;0.32;Graduate;622;C;data latih;Tidak dipanggil
MHS0588;1;17;1;9773;1;1;121.0;1;38;38;9;8;120.4;1;0;0;1;0;1;18;0;0;6;6;6;12.833333333333334;0;0;6;7;6;12.285714285714286;0;15.5;2.8;-4.06;Graduate;711;A;data latih;Tidak dipanggil
MHS0589;1;1;3;9254;1;1;122.0;1;37;37;9;3;124.5;1;0;0;1;0;0;19;0;0;6;12;6;11.666666666666666;0;0;6;14;3;12.0;0;7.6;2.6;0.32;Graduate;637;C;data latih;Tidak dipanggil
MHS0590;1;1;4;9556;1;1;122.0;1;37;1;5;4;123.9;0;0;0;1;0;0;19;0;0;7;9;7;12.1625;0;0;8;8;8;13.825;0;13.9;-0.3;0.79;Graduate;686;B;data latih;Tidak dipanggil
MHS0591;1;1;2;9670;1;1;123.0;1;19;1;9;3;117.8;1;0;0;1;0;0;18;0;0;6;6;6;13.833333333333334;0;0;6;11;6;14.555555555555555;0;10.8;1.4;1.74;Graduate;698;A;data latih;Tidak dipanggil
MHS0592;1;1;1;9500;1;1;133.0;1;3;19;2;8;126.7;0;0;0;1;0;0;19;0;0;7;12;4;12.45;0;0;7;11;5;11.7;0;16.2;0.3;-0.92;Enrolled;611;C;mahasiswa aktif;Tidak dipanggil
MHS0593;1;44;1;9670;1;39;110.0;1;37;1;9;4;110.0;0;0;0;1;0;1;20;0;2;6;9;6;12.125;0;2;6;7;6;13.571428571428571;0;11.1;0.6;2.02;Graduate;705;A;data latih;Tidak dipanggil
MHS0594;1;17;1;9670;1;1;155.0;1;1;19;4;8;134.7;1;0;0;1;0;0;20;0;0;6;8;5;13.4;0;0;6;10;4;13.0;0;12.7;3.7;-1.7;Enrolled;627;C;mahasiswa aktif;Tidak dipanggil
MHS0595;1;17;1;9003;1;1;119.0;1;37;37;4;6;113.2;0;0;1;1;0;0;20;0;0;6;8;6;13.333333333333334;0;0;6;8;5;14.0;0;11.1;0.6;2.02;Enrolled;619;C;mahasiswa aktif;Tidak dipanggil
MHS0596;1;39;1;9991;0;3;120.0;1;37;37;9;9;141.0;0;0;0;1;0;0;29;0;10;15;15;11;11.454545454545457;0;9;13;16;11;11.545454545454543;0;10.8;1.4;1.74;Dropout;604;C;data latih;Tidak dipanggil
MHS0597;1;17;1;9853;1;1;133.1;1;38;12;7;0;111.5;0;0;0;0;0;1;20;0;0;6;10;4;12.0;0;0;6;14;3;10.0;0;7.6;2.6;0.32;Dropout;531;E;data uji;Berjuang secara akademik
MHS0598;4;39;1;9853;1;1;143.0;1;37;1;9;10;140.0;0;0;1;0;0;0;31;0;0;7;8;6;12.666666666666666;0;0;7;9;5;12.6;0;8.9;1.4;3.51;Dropout;500;E;data uji;Terhalang biaya
MHS0599;1;17;1;9670;1;1;149.0;1;19;37;7;4;134.3;0;1;0;1;0;0;20;0;0;6;7;6;12.666666666666666;0;0;6;9;6;13.77777777777778;0;10.8;1.4;1.74;Graduate;677;B;data latih;Tidak dipanggil
MHS0600;1;17;1;9003;1;1;133.0;1;38;37;9;9;125.3;1;0;0;1;0;0;21;0;12;18;22;18;11.88888888888889;1;11;13;13;13;11.461538461538462;0;15.5;2.8;-4.06;Graduate;633;C;data uji;Tidak dipanggil
MHS0601;1;7;1;9130;1;3;140.0;1;19;38;9;9;140.0;1;0;0;1;0;0;23;0;0;6;0;0;0.0;0;0;6;0;0;0.0;0;12.4;0.5;1.79;Dropout;519;E;data latih;Menghilang dari kelas
MHS0602;1;17;5;9070;1;1;122.0;1;19;38;5;7;119.6;0;0;1;0;0;0;21;0;0;6;6;4;13.0;0;0;6;8;4;11.6;0;10.8;1.4;1.74;Dropout;497;E;data latih;Terhalang biaya
MHS0603;1;7;1;9500;1;40;170.0;1;1;1;9;4;170.0;0;0;0;1;0;0;24;0;4;7;7;7;16.885714285714283;0;3;8;9;8;15.744444444444444;0;16.2;0.3;-0.92;Graduate;670;B;data latih;Tidak dipanggil
MHS0604;1;39;1;8014;0;1;120.0;1;1;1;4;4;150.5;0;0;0;1;0;0;27;0;0;6;6;6;12.5;0;1;6;6;6;12.333333333333334;0;15.5;2.8;-4.06;Graduate;651;C;data uji;Tidak dipanggil
MHS0605;1;1;1;9500;1;1;143.0;1;1;37;3;8;128.0;0;0;0;1;0;1;18;0;0;7;9;7;13.055555555555555;0;0;8;8;8;15.8125;0;13.9;-0.3;0.79;Graduate;733;A;data latih;Tidak dipanggil
MHS0606;1;1;3;171;1;1;115.0;1;9;1;6;6;108.7;1;0;0;0;0;0;21;0;0;0;0;0;0.0;0;0;0;0;0;0.0;0;9.4;-0.8;-3.12;Dropout;481;E;data latih;Menghilang dari kelas
MHS0607;1;17;1;9130;1;1;123.0;1;19;3;3;2;121.6;1;0;1;1;0;1;19;0;0;5;7;0;0.0;0;0;5;5;0;0.0;0;7.6;2.6;0.32;Dropout;549;E;data uji;Menghilang dari kelas
MHS0608;1;1;6;9500;1;1;131.0;1;38;19;7;7;125.3;1;0;0;1;0;1;19;0;0;8;8;7;12.355714285714283;0;0;8;8;7;12.355714285714283;0;10.8;1.4;1.74;Graduate;718;A;data latih;Tidak dipanggil
MHS0609;1;17;1;9085;1;1;127.0;1;19;38;194;193;117.6;0;0;0;1;0;0;18;0;0;6;0;0;0.0;0;0;6;0;0;0.0;0;12.4;0.5;1.79;Dropout;559;D;data latih;Menghilang dari kelas
MHS0610;1;43;3;9500;1;1;126.0;1;38;37;6;5;124.3;1;0;0;1;0;1;18;0;0;7;8;5;11.98;0;0;7;8;5;11.98;0;7.6;2.6;0.32;Enrolled;649;C;mahasiswa aktif;Tidak dipanggil
MHS0611;1;1;2;9853;1;1;112.0;1;37;37;191;182;106.1;1;0;1;1;0;1;20;0;0;7;7;7;13.857142857142858;0;0;7;8;7;12.571428571428571;0;8.9;1.4;3.51;Graduate;679;B;data latih;Tidak dipanggil
MHS0612;2;1;1;8014;0;1;150.0;1;1;37;4;7;139.9;1;0;0;1;0;0;24;0;0;6;9;5;13.0;0;0;6;6;6;14.166666666666666;0;9.4;-0.8;-3.12;Graduate;670;B;data latih;Tidak dipanggil
MHS0613;1;1;1;9070;1;1;116.0;1;1;1;1;1;110.8;1;0;0;1;0;0;20;0;0;6;6;6;12.833333333333334;0;0;6;10;6;11.166666666666666;0;12.4;0.5;1.79;Graduate;660;B;data latih;Tidak dipanggil
MHS0614;1;17;3;9147;1;1;118.0;1;1;19;5;7;118.0;0;0;0;1;0;0;20;0;0;5;11;4;11.0;0;0;5;7;5;13.2;0;12.4;0.5;1.79;Enrolled;615;C;mahasiswa aktif;Tidak dipanggil
MHS0615;1;1;1;9500;1;1;130.0;1;19;37;9;9;117.8;1;0;0;1;0;1;19;0;0;8;8;7;12.357142857142858;0;0;8;8;7;12.357142857142858;0;12.7;3.7;-1.7;Graduate;718;A;data uji;Tidak dipanggil
MHS0616;1;1;6;9500;1;1;144.0;1;1;37;9;9;127.5;1;0;0;1;0;1;18;0;0;8;8;7;13.857142857142858;0;0;8;8;7;13.857142857142858;0;12.7;3.7;-1.7;Graduate;735;A;data latih;Tidak dipanggil
MHS0617;1;17;2;9238;1;3;105.0;1;37;37;7;8;129.7;1;0;0;1;0;1;20;0;0;6;6;6;12.333333333333334;0;0;6;6;6;10.666666666666666;0;9.4;-0.8;-3.12;Graduate;683;B;data latih;Tidak dipanggil
MHS0618;1;17;1;9500;1;1;143.0;1;37;37;9;8;130.6;1;0;0;1;0;0;20;0;0;7;8;7;12.847142857142858;0;0;8;10;8;13.788888888888888;0;16.2;0.3;-0.92;Graduate;693;B;data latih;Tidak dipanggil
MHS0619;1;17;2;9500;1;1;137.0;1;19;37;4;7;126.3;1;0;0;1;0;1;19;0;0;7;9;6;12.339999999999998;0;0;8;9;8;13.01875;0;11.1;0.6;2.02;Graduate;716;A;data latih;Tidak dipanggil
MHS0620;1;44;1;9085;1;39;140.0;1;3;1;2;3;140.0;1;0;0;1;0;0;19;0;0;6;10;5;12.666666666666666;0;0;6;19;4;11.75;0;12.4;0.5;1.79;Enrolled;596;D;mahasiswa aktif;Berjuang secara akademik
MHS0621;1;1;1;9773;1;1;133.1;1;3;19;4;5;105.0;1;0;0;1;0;0;20;0;0;6;6;6;13.833333333333334;0;0;6;6;6;12.5;0;12.7;3.7;-1.7;Graduate;687;B;data uji;Tidak dipanggil
MHS0622;1;17;2;9147;1;1;116.0;1;1;38;4;3;114.6;1;0;0;1;0;0;19;0;0;5;15;2;10.75;0;0;5;11;2;10.0;0;13.9;-0.3;0.79;Dropout;585;D;data latih;Berjuang secara akademik
MHS0623;1;17;5;9853;1;1;117.0;1;38;38;9;7;114.6;1;0;0;1;0;0;19;0;0;6;11;4;13.25;0;0;6;10;4;10.25;0;9.4;-0.8;-3.12;Dropout;591;D;data latih;Berjuang secara akademik
MHS0624;1;17;1;9500;1;1;137.0;1;38;37;7;5;131.0;1;0;0;1;0;1;18;0;0;8;8;8;13.73125;0;0;8;8;8;13.73125;0;9.4;-0.8;-3.12;Graduate;723;A;data uji;Tidak dipanggil
MHS0625;1;17;4;9070;1;1;116.0;1;38;37;9;9;109.0;0;0;0;1;0;1;23;0;0;6;6;6;13.333333333333334;0;0;6;8;3;12.666666666666666;0;11.1;0.6;2.02;Dropout;663;B;data latih;Tidak dipanggil
MHS0626;1;1;1;9853;1;1;133.1;1;19;19;9;8;132.0;1;0;0;1;0;0;21;0;0;6;8;5;12.0;0;0;6;9;5;10.8;0;12.7;3.7;-1.7;Dropout;586;D;data uji;Berjuang secara akademik
MHS0627;1;44;1;8014;0;39;130.0;1;37;38;6;6;130.0;1;0;0;1;0;0;23;0;5;9;10;9;10.88888888888889;0;3;8;10;6;11.333333333333334;0;11.1;0.6;2.02;Graduate;631;C;data latih;Tidak dipanggil
MHS0628;1;1;3;9500;1;1;106.0;1;19;37;9;7;109.5;1;0;0;1;0;0;19;0;0;7;8;7;13.025;0;0;8;9;8;13.811111111111112;0;13.9;-0.3;0.79;Graduate;702;A;data uji;Tidak dipanggil
MHS0629;1;17;2;9773;1;1;125.0;1;1;38;5;6;115.9;1;0;0;1;0;0;18;0;0;6;6;6;13.0;0;0;6;6;6;14.166666666666666;0;12.4;0.5;1.79;Graduate;692;B;data latih;Tidak dipanggil
MHS0630;1;1;1;9773;1;1;134.0;1;19;37;9;9;131.6;1;1;0;1;0;0;19;0;0;6;10;5;11.8;0;0;6;10;5;12.0;0;10.8;1.4;1.74;Graduate;624;C;data latih;Tidak dipanggil
MHS0631;1;39;1;9500;1;1;133.1;1;19;37;9;9;120.0;0;0;0;1;0;1;25;0;0;8;8;7;12.042857142857144;0;0;8;8;7;12.042857142857144;0;12.7;3.7;-1.7;Graduate;685;B;data latih;Tidak dipanggil
MHS0632;1;1;2;9853;1;1;117.0;1;1;38;4;9;109.7;1;0;0;1;0;0;19;0;0;6;9;5;12.2;0;0;6;10;4;13.0;0;9.4;-0.8;-3.12;Enrolled;627;C;mahasiswa aktif;Tidak dipanggil
MHS0633;1;1;1;9500;1;1;136.0;1;1;19;5;7;136.4;0;0;0;1;0;1;19;0;0;7;8;7;12.8375;0;0;8;8;8;15.5;0;13.9;-0.3;0.79;Graduate;731;A;data uji;Tidak dipanggil
MHS0634;1;39;1;9556;1;1;120.0;1;38;38;191;193;120.0;0;0;1;1;0;1;24;0;0;7;13;7;11.0;0;0;8;13;7;11.7;0;12.7;3.7;-1.7;Graduate;612;C;data latih;Tidak dipanggil
MHS0635;1;1;1;9670;1;1;135.0;1;37;37;9;7;132.6;1;0;0;1;0;1;18;0;0;6;7;6;13.5;0;0;6;9;5;14.0;0;8.9;1.4;3.51;Graduate;688;B;data latih;Tidak dipanggil
MHS0636;1;17;5;9238;1;1;122.0;1;37;37;7;5;112.9;1;0;0;1;0;1;19;0;0;6;8;6;12.125;0;0;6;7;6;12.714285714285714;0;16.2;0.3;-0.92;Graduate;712;A;data latih;Tidak dipanggil
MHS0637;1;1;5;9500;1;1;147.0;1;37;37;9;9;134.3;0;0;0;1;0;1;18;0;0;8;12;7;12.62857142857143;0;0;8;12;7;12.62857142857143;0;12.7;3.7;-1.7;Graduate;720;A;data latih;Tidak dipanggil
MHS0638;1;39;1;9991;0;1;120.0;1;38;1;9;4;123.2;0;0;0;1;0;0;27;0;0;5;9;3;10.666666666666666;0;0;5;7;4;11.4;0;10.8;1.4;1.74;Enrolled;555;D;mahasiswa aktif;Berjuang secara akademik
MHS0639;1;17;3;9238;1;1;121.0;1;1;1;4;5;117.2;0;0;0;1;0;0;19;0;0;6;11;5;11.2;0;0;6;13;5;11.6;0;15.5;2.8;-4.06;Graduate;596;D;data latih;Berjuang secara akademik
MHS0640;1;18;1;9773;1;1;135.0;1;1;1;3;3;129.8;0;0;0;1;0;1;18;0;0;6;6;6;12.666666666666666;0;0;6;6;6;11.833333333333334;0;12.7;3.7;-1.7;Dropout;706;A;data latih;Tidak dipanggil
MHS0641;2;39;1;9670;1;1;130.0;1;37;37;9;0;158.0;0;0;1;0;0;0;34;0;0;6;7;4;13.5;0;0;6;6;0;0.0;6;12.7;3.7;-1.7;Dropout;466;E;data latih;Terhalang biaya
MHS0642;1;1;6;9147;1;1;128.0;1;37;37;9;9;116.5;0;0;0;1;0;0;18;0;0;5;9;3;11.666666666666666;0;0;5;15;2;11.0;0;7.6;2.6;0.32;Enrolled;594;D;mahasiswa aktif;Berjuang secara akademik
MHS0643;1;1;1;9147;1;1;129.0;1;37;38;4;9;121.0;1;0;0;1;0;0;18;0;0;5;8;2;10.5;0;0;5;7;3;12.333333333333334;0;7.6;2.6;0.32;Enrolled;621;C;mahasiswa aktif;Tidak dipanggil
MHS0644;1;1;3;9500;1;1;143.0;1;37;38;7;7;133.8;1;0;0;1;0;0;18;0;0;8;8;8;14.26875;0;0;8;8;8;14.26875;0;9.4;-0.8;-3.12;Enrolled;706;A;mahasiswa aktif;Tidak dipanggil
MHS0645;1;1;2;9773;1;1;108.0;1;38;38;7;7;115.0;1;0;1;0;0;0;20;0;0;6;0;0;0.0;0;0;6;0;0;0.0;0;8.9;1.4;3.51;Dropout;459;E;data latih;Menghilang dari kelas
MHS0646;1;1;1;9147;1;1;130.0;1;19;37;9;9;131.8;1;0;0;1;0;1;19;0;0;5;8;2;10.5;0;0;5;11;3;13.333333333333334;0;7.6;2.6;0.32;Enrolled;653;C;mahasiswa aktif;Tidak dipanggil
MHS0647;1;1;1;9238;1;1;135.0;1;37;1;3;5;121.0;0;0;0;1;0;0;21;0;0;6;11;5;11.2;0;0;6;15;1;10.0;0;7.6;2.6;0.32;Enrolled;601;C;mahasiswa aktif;Tidak dipanggil
MHS0648;2;39;1;9991;0;3;140.0;1;19;19;9;7;152.4;0;0;0;1;0;0;26;0;0;5;5;5;12.0;0;0;5;6;5;14.833333333333334;0;10.8;1.4;1.74;Graduate;592;D;data latih;Berjuang secara akademik
MHS0649;1;43;2;9556;1;1;120.0;1;1;19;4;3;110.2;0;0;0;1;0;0;27;0;0;7;9;7;12.228571428571428;0;1;8;10;8;13.2125;0;10.8;1.4;1.74;Graduate;657;B;data latih;Tidak dipanggil
MHS0650;1;1;1;9670;1;1;117.0;1;1;38;5;1;113.5;1;0;0;1;0;0;20;0;0;5;6;4;11.5;0;0;5;5;4;10.75;0;9.4;-0.8;-3.12;Graduate;592;D;data latih;Berjuang secara akademik
MHS0651;1;17;1;9238;1;1;151.0;1;19;1;5;0;144.4;1;0;0;1;0;0;18;0;0;6;8;6;15.375;0;0;6;7;6;16.428571428571427;0;16.2;0.3;-0.92;Graduate;700;A;data latih;Tidak dipanggil
MHS0652;1;53;1;9085;1;42;140.0;1;1;1;5;5;143.3;1;0;0;0;0;0;23;0;7;12;19;9;13.666666666666666;0;4;9;15;6;13.5;0;8.9;1.4;3.51;Enrolled;595;D;mahasiswa aktif;Terhalang biaya
MHS0653;1;39;1;9500;1;19;133.1;1;1;5;4;3;100.0;0;0;0;1;0;0;24;0;0;8;11;7;12.614285714285714;0;0;8;11;7;12.614285714285714;0;12.7;3.7;-1.7;Graduate;656;C;data latih;Tidak dipanggil
MHS0654;1;44;1;9238;1;39;130.0;1;38;38;6;9;126.3;1;0;0;1;0;1;19;0;3;6;7;5;12.2;0;2;6;6;6;11.5;0;13.9;-0.3;0.79;Graduate;668;B;data latih;Tidak dipanggil
MHS0655;1;1;1;9773;1;1;125.0;1;19;38;3;5;115.9;0;0;0;1;0;0;19;0;0;6;13;4;11.75;0;0;6;10;4;11.0;0;10.8;1.4;1.74;Graduate;597;D;data latih;Berjuang secara akademik
MHS0656;1;1;4;9238;1;1;125.0;1;19;38;9;6;114.9;1;0;1;1;0;1;19;0;0;6;9;5;11.4;0;0;6;9;3;10.0;0;8.9;1.4;3.51;Enrolled;606;C;mahasiswa aktif;Tidak dipanggil
MHS0657;1;1;1;9238;1;1;135.0;1;37;19;5;10;121.0;0;0;1;1;0;0;18;0;0;6;10;5;10.6;0;0;6;14;2;10.0;0;7.6;2.6;0.32;Enrolled;579;D;mahasiswa aktif;Berjuang secara akademik
MHS0658;1;51;1;8014;0;1;121.0;1;1;38;5;7;112.3;0;0;0;1;0;0;22;0;14;16;16;13;10.923076923076923;0;13;13;13;11;11.454545454545457;0;16.2;0.3;-0.92;Graduate;628;C;data latih;Tidak dipanggil
MHS0659;1;43;1;9070;1;1;141.0;1;1;19;5;10;127.0;0;0;0;1;0;0;20;0;0;6;6;5;12.4;0;0;6;9;5;12.4;0;12.7;3.7;-1.7;Graduate;618;C;data latih;Tidak dipanggil
MHS0660;1;39;1;9003;1;1;130.0;1;19;19;9;9;120.0;0;0;0;1;0;0;25;0;0;6;6;0;0.0;0;0;6;6;0;0.0;0;11.1;0.6;2.02;Dropout;525;E;data uji;Menghilang dari kelas
MHS0661;1;44;1;9003;1;39;180.0;1;1;3;4;2;180.0;0;0;0;1;0;0;21;0;0;6;6;6;15.833333333333334;0;0;6;8;6;15.5;0;15.5;2.8;-4.06;Graduate;683;B;data uji;Tidak dipanggil
MHS0662;1;1;1;9500;1;1;117.0;1;19;19;194;193;117.4;1;0;0;1;0;0;19;0;0;7;12;5;11.8;0;0;7;9;6;11.708333333333334;0;11.1;0.6;2.02;Enrolled;641;C;mahasiswa aktif;Tidak dipanggil
MHS0663;1;17;4;9773;1;1;127.0;1;1;19;4;1;115.8;1;0;0;1;0;0;18;0;0;6;7;6;12.571428571428571;0;0;6;6;6;13.666666666666666;0;13.9;-0.3;0.79;Graduate;684;B;data latih;Tidak dipanggil
MHS0664;1;1;3;9670;1;1;126.0;1;37;37;0;0;136.5;1;0;0;1;0;0;18;0;0;5;7;3;12.0;0;0;5;7;4;13.25;1;7.6;2.6;0.32;Graduate;628;C;data uji;Tidak dipanggil
MHS0665;1;17;3;9500;1;1;143.0;1;3;3;9;7;129.0;1;0;0;1;1;0;19;0;0;7;8;7;13.3625;0;0;8;9;8;14.444444444444445;0;13.9;-0.3;0.79;Graduate;695;A;data latih;Tidak dipanggil
MHS0666;1;1;1;9085;1;1;144.0;13;3;3;6;6;137.6;1;0;0;1;0;1;19;1;0;5;6;5;15.4;0;0;5;5;5;16.0;0;10.8;1.4;1.74;Graduate;675;B;data latih;Tidak dipanggil
MHS0667;1;17;2;9773;1;1;126.0;1;37;38;5;5;129.5;1;0;1;0;0;0;18;0;0;6;9;5;12.2;0;0;6;9;4;11.75;0;10.8;1.4;1.74;Dropout;496;E;data uji;Terhalang biaya
MHS0668;1;51;1;9238;1;39;140.0;1;38;38;5;7;129.1;1;0;0;1;0;1;20;0;6;11;11;11;12.818181818181818;0;6;11;11;11;13.545454545454543;0;12.4;0.5;1.79;Graduate;711;A;data latih;Tidak dipanggil
MHS0669;1;17;5;9500;1;1;148.0;1;1;19;4;8;130.2;1;0;0;1;0;0;19;0;0;7;0;0;0.0;0;0;8;0;0;0.0;0;12.4;0.5;1.79;Dropout;564;D;data latih;Menghilang dari kelas
MHS0670;1;42;1;9500;1;1;100.0;1;19;37;5;7;134.3;1;0;0;1;0;0;28;0;12;17;21;17;13.394736842105264;0;11;17;19;17;13.554736842105264;0;16.2;0.3;-0.92;Graduate;677;B;data latih;Tidak dipanggil
MHS0671;1;1;1;9238;1;1;151.0;1;37;1;9;9;138.4;1;0;0;1;0;1;20;0;0;6;8;6;14.25;0;0;6;8;6;11.0;0;12.7;3.7;-1.7;Graduate;695;A;data latih;Tidak dipanggil
MHS0672;1;42;1;8014;0;1;120.0;1;37;38;90;7;120.0;1;0;0;1;0;0;30;0;9;11;19;9;13.444444444444445;1;5;7;7;7;14.714285714285714;0;7.6;2.6;0.32;Dropout;673;B;data latih;Tidak dipanggil
MHS0673;1;1;4;9500;1;1;135.0;1;1;19;9;7;123.5;1;0;0;1;0;1;19;0;0;7;8;7;12.285714285714286;0;0;8;10;8;11.7375;0;12.4;0.5;1.79;Graduate;691;B;data latih;Tidak dipanggil
MHS0674;1;1;2;9070;1;1;121.0;1;19;19;3;3;116.1;1;0;0;1;0;0;22;0;0;6;7;6;11.666666666666666;0;0;6;7;5;13.2;0;12.7;3.7;-1.7;Graduate;636;C;data uji;Tidak dipanggil
MHS0675;1;1;1;9254;1;1;116.0;1;38;38;5;8;110.8;1;0;0;1;0;0;18;0;0;6;8;6;12.166666666666666;0;0;6;6;6;13.5;0;11.1;0.6;2.02;Graduate;688;B;data latih;Tidak dipanggil
MHS0676;1;17;1;9853;1;1;147.0;1;37;37;9;9;142.8;1;0;0;1;0;0;23;0;0;6;11;2;10.0;0;0;6;15;2;11.0;0;7.6;2.6;0.32;Dropout;555;D;data uji;Berjuang secara akademik
MHS0677;1;17;4;9070;1;1;160.0;1;1;19;5;7;155.5;1;0;0;1;0;0;18;0;0;6;6;6;14.0;0;0;6;6;6;15.0;0;11.1;0.6;2.02;Graduate;696;A;data latih;Tidak dipanggil
MHS0678;1;1;1;9853;1;1;133.0;1;37;19;7;7;126.7;1;0;0;1;0;0;18;0;0;6;9;5;11.833333333333334;0;0;6;6;4;12.0;0;15.5;2.8;-4.06;Enrolled;617;C;mahasiswa aktif;Tidak dipanggil
MHS0679;2;39;1;9773;1;19;100.0;1;37;37;0;0;163.5;0;0;1;0;1;0;50;0;0;6;7;1;15.0;0;0;5;12;0;0.0;0;10.8;1.4;1.74;Dropout;453;E;data latih;Terhalang biaya
MHS0680;1;1;1;171;1;1;151.0;41;3;3;2;5;161.9;1;0;0;1;0;1;19;1;0;0;0;0;0.0;0;0;0;0;0;0.0;0;13.9;-0.3;0.79;Graduate;589;D;data latih;Menghilang dari kelas
MHS0681;1;17;2;9254;1;1;124.0;41;19;38;9;9;123.3;1;0;0;1;0;0;22;1;0;6;7;6;10.833333333333334;0;0;6;6;6;10.666666666666666;0;13.9;-0.3;0.79;Graduate;629;C;data latih;Tidak dipanggil
MHS0682;1;44;1;9238;1;39;140.0;41;1;1;4;6;137.5;0;0;1;1;0;1;23;1;3;6;7;6;13.142857142857142;0;2;6;6;6;14.0;0;12.4;0.5;1.79;Graduate;687;B;data latih;Tidak dipanggil
MHS0683;1;18;4;9085;1;1;170.0;1;1;1;4;5;166.6;0;0;1;0;0;1;20;0;2;5;8;5;14.4;1;0;5;6;5;14.0;0;12.7;3.7;-1.7;Dropout;561;D;data latih;Terhalang biaya
MHS0684;4;39;1;9238;1;19;133.1;1;37;37;9;10;103.5;0;0;0;0;0;0;44;0;0;6;0;0;0.0;0;0;6;0;0;0.0;0;13.9;-0.3;0.79;Dropout;458;E;data latih;Menghilang dari kelas
MHS0685;4;39;1;9003;1;19;133.1;1;37;37;9;9;110.0;0;0;0;1;1;0;49;0;6;12;17;7;12.0;0;3;12;19;9;11.22222222222222;0;15.5;2.8;-4.06;Graduate;607;C;data latih;Tidak dipanggil
MHS0686;2;43;1;9991;0;1;100.0;1;37;37;9;9;128.2;0;0;0;1;1;0;46;0;6;10;13;9;12.2;0;4;10;12;10;12.8;0;7.6;2.6;0.32;Graduate;647;C;data uji;Tidak dipanggil
MHS0687;1;39;1;9085;1;39;120.0;1;37;37;1;9;137.7;1;0;0;0;1;0;41;0;3;3;3;3;12.333333333333334;0;2;2;2;2;11.0;0;12.4;0.5;1.79;Dropout;492;E;data latih;Terhalang biaya
MHS0688;1;17;3;9500;1;1;133.0;1;38;19;9;8;128.8;1;0;0;1;1;0;18;0;0;7;8;7;11.8375;0;0;8;9;8;12.48125;0;13.9;-0.3;0.79;Graduate;677;B;data latih;Tidak dipanggil
MHS0689;3;39;1;9991;0;1;120.0;1;37;1;9;2;170.0;0;0;0;1;1;0;43;0;0;5;5;5;11.8;0;0;5;6;5;14.0;0;9.4;-0.8;-3.12;Graduate;590;D;data latih;Berjuang secara akademik
MHS0690;4;39;2;9147;1;19;133.1;1;37;37;9;7;116.4;0;0;1;0;1;0;70;0;0;5;5;0;0.0;0;0;5;9;0;0.0;0;10.8;1.4;1.74;Dropout;421;E;data latih;Terhalang biaya
MHS0691;4;39;1;9130;1;19;133.1;1;37;38;9;4;100.9;0;0;0;1;1;0;48;0;0;6;0;0;0.0;0;0;6;0;0;0.0;0;15.5;2.8;-4.06;Dropout;518;E;data latih;Menghilang dari kelas
MHS0692;2;43;1;9003;1;1;133.1;1;37;37;9;7;136.0;0;0;0;1;1;0;41;0;18;19;19;19;12.68421052631579;0;12;13;13;13;12.384615384615383;0;15.5;2.8;-4.06;Graduate;650;C;data latih;Tidak dipanggil
MHS0693;1;1;1;9254;1;1;140.0;1;19;19;9;3;130.0;0;0;0;1;1;0;21;0;0;6;8;6;12.571428571428571;0;0;6;10;4;13.0;0;12.7;3.7;-1.7;Enrolled;647;C;mahasiswa aktif;Tidak dipanggil
MHS0694;1;39;1;33;1;1;100.0;41;38;37;9;8;100.0;0;0;1;0;1;0;35;1;0;7;18;3;11.25;0;0;7;7;0;0.0;0;16.2;0.3;-0.92;Dropout;453;E;data latih;Terhalang biaya
MHS0695;2;39;1;9130;1;19;133.1;1;2;1;2;9;157.0;1;0;0;1;1;0;44;0;1;5;13;4;14.0;3;1;5;9;4;15.5;2;10.8;1.4;1.74;Graduate;600;C;data latih;Tidak dipanggil
MHS0696;1;1;1;9147;1;1;143.0;1;3;1;5;5;152.1;1;0;1;1;1;0;18;0;0;5;15;4;13.333333333333334;0;0;5;6;2;13.5;0;13.9;-0.3;0.79;Dropout;610;C;data latih;Tidak dipanggil
MHS0697;2;1;1;8014;0;1;165.0;1;37;37;0;0;162.9;1;0;0;1;1;0;45;0;0;6;7;6;13.666666666666666;0;0;6;6;6;13.666666666666666;0;7.6;2.6;0.32;Graduate;679;B;data latih;Tidak dipanggil
MHS0698;1;1;1;9254;1;1;154.0;1;3;1;2;1;137.2;0;0;0;1;1;0;20;0;0;6;12;3;10.0;0;0;6;9;5;10.8;0;15.5;2.8;-4.06;Enrolled;577;D;mahasiswa aktif;Berjuang secara akademik
MHS0699;1;44;1;9003;1;39;140.0;1;1;38;9;1;140.0;1;0;0;1;1;0;22;0;0;6;12;5;12.6;0;0;6;11;6;11.714285714285714;0;12.4;0.5;1.79;Graduate;616;C;data latih;Tidak dipanggil
MHS0700;1;43;1;9119;1;1;140.0;1;37;38;5;7;146.5;0;0;0;1;1;0;39;0;0;5;10;3;17.333333333333332;0;0;5;11;1;17.0;0;13.9;-0.3;0.79;Dropout;599;C;data latih;Tidak dipanggil
MHS0701;1;44;1;9085;1;39;130.0;1;2;2;6;6;130.0;0;0;0;0;1;0;20;0;2;6;10;5;13.2;0;1;6;21;3;12.0;0;12.4;0.5;1.79;Enrolled;547;E;mahasiswa aktif;Terhalang biaya
MHS0702;2;39;1;9147;1;19;133.1;1;37;19;9;3;128.0;0;0;0;1;1;0;49;0;0;5;9;3;14.0;0;0;5;8;3;13.666666666666666;0;8.9;1.4;3.51;Dropout;601;C;data latih;Tidak dipanggil
MHS0703;1;7;1;9556;1;4;190.0;1;5;5;2;2;190.0;1;0;0;1;1;0;43;0;4;4;4;4;13.875;0;1;1;1;1;12.5;0;11.1;0.6;2.02;Dropout;594;D;data latih;Berjuang secara akademik
MHS0704;2;39;1;9991;0;1;120.0;1;37;37;9;9;133.2;1;0;0;1;1;0;32;0;0;5;5;0;0.0;0;0;5;5;0;0.0;0;7.6;2.6;0.32;Dropout;520;E;data uji;Menghilang dari kelas
MHS0705;1;39;1;9238;1;12;100.0;1;37;37;9;9;124.3;0;0;0;1;1;0;47;0;3;9;9;9;13.11111111111111;0;3;7;7;7;14.857142857142858;0;10.8;1.4;1.74;Graduate;666;B;data latih;Tidak dipanggil
MHS0706;5;39;1;9991;0;1;120.0;1;37;37;9;9;138.1;0;0;0;1;1;1;37;0;0;5;8;5;13.0;0;0;5;11;4;13.333333333333334;2;16.2;0.3;-0.92;Dropout;624;C;data latih;Tidak dipanggil
MHS0707;2;39;1;8014;0;1;133.1;1;19;1;4;8;144.3;0;0;0;1;1;0;41;0;6;10;10;10;12.5;0;3;7;7;7;12.142857142857142;0;10.8;1.4;1.74;Graduate;647;C;data latih;Tidak dipanggil
MHS0708;2;39;1;9003;1;1;150.0;1;37;37;9;6;140.0;0;0;0;1;1;0;60;0;17;18;18;18;14.11111111111111;0;11;13;13;13;14.23076923076923;0;15.5;2.8;-4.06;Graduate;656;C;data latih;Tidak dipanggil
MHS0709;2;39;1;9254;1;1;120.0;1;1;19;9;9;148.3;0;0;0;1;1;0;47;0;6;11;11;11;14.727272727272728;0;6;9;9;9;15.77777777777778;0;10.8;1.4;1.74;Graduate;659;B;data latih;Tidak dipanggil
MHS0710;1;39;1;8014;0;1;133.1;1;37;11;9;7;96.0;0;0;1;0;1;0;50;0;0;6;6;0;0.0;0;0;5;6;0;0.0;0;12.4;0.5;1.79;Dropout;426;E;data latih;Terhalang biaya
MHS0711;2;39;1;9991;0;19;133.1;1;38;38;90;90;121.7;1;0;0;1;1;0;45;0;0;5;5;0;0.0;0;0;5;5;0;0.0;0;7.6;2.6;0.32;Dropout;520;E;data uji;Menghilang dari kelas
MHS0712;1;39;1;9119;1;1;100.0;1;37;37;9;8;160.0;0;0;1;0;1;0;45;0;0;5;5;0;0.0;0;0;5;5;0;0.0;0;15.5;2.8;-4.06;Dropout;405;E;data latih;Terhalang biaya
MHS0713;2;39;1;9085;1;1;133.1;1;37;37;90;90;110.3;0;0;0;1;1;0;33;0;0;5;7;4;13.5;0;0;5;6;5;11.6;0;7.6;2.6;0.32;Graduate;572;D;data uji;Berjuang secara akademik
MHS0714;1;1;1;9500;1;1;143.0;1;3;3;2;2;129.0;0;0;0;1;1;0;18;0;0;8;8;7;13.105714285714283;0;0;8;8;7;13.105714285714283;0;10.8;1.4;1.74;Graduate;699;A;data latih;Tidak dipanggil
MHS0715;2;39;1;9085;1;1;120.0;1;37;37;6;6;150.0;0;0;0;1;1;0;43;0;0;5;8;5;13.5;2;0;5;5;5;14.4;0;9.4;-0.8;-3.12;Graduate;609;C;data uji;Tidak dipanggil
MHS0716;1;43;1;8014;0;1;161.0;1;19;37;4;10;100.0;0;0;0;1;1;0;44;0;9;13;18;13;11.846153846153848;0;9;11;11;11;12.0;0;12.7;3.7;-1.7;Graduate;649;C;data latih;Tidak dipanggil
MHS0717;1;39;1;9130;1;9;133.1;1;34;36;0;90;107.5;0;0;0;1;1;0;29;0;0;5;5;0;0.0;0;0;5;5;0;0.0;0;7.6;2.6;0.32;Dropout;518;E;data latih;Menghilang dari kelas
MHS0718;4;39;1;9670;1;1;140.0;1;2;1;3;9;170.0;0;0;1;0;1;0;53;0;0;6;11;3;14.333333333333334;0;0;6;6;0;0.0;0;12.7;3.7;-1.7;Dropout;468;E;data latih;Terhalang biaya
MHS0719;2;42;1;9991;0;6;123.0;1;37;37;9;9;123.0;0;0;0;1;1;0;37;0;0;5;10;5;15.8;0;0;5;5;5;17.6;0;9.4;-0.8;-3.12;Enrolled;615;C;mahasiswa aktif;Tidak dipanggil
MHS0720;1;43;1;9670;1;1;142.0;1;38;1;8;10;138.5;1;0;0;1;1;0;18;0;0;6;16;5;13.8;0;0;6;7;5;12.4;0;13.9;-0.3;0.79;Enrolled;622;C;mahasiswa aktif;Tidak dipanggil
MHS0721;1;43;1;33;1;19;133.1;1;38;38;4;4;140.0;0;0;1;1;1;0;35;0;3;10;18;6;12.666666666666666;0;1;9;11;3;12.0;2;16.2;0.3;-0.92;Dropout;589;D;data latih;Berjuang secara akademik
MHS0722;1;1;1;9254;1;1;115.0;1;19;1;3;7;113.6;0;0;0;1;1;0;23;0;0;6;10;6;13.0;0;0;6;9;6;12.0;0;11.1;0.6;2.02;Enrolled;673;B;mahasiswa aktif;Tidak dipanggil
MHS0723;1;1;1;171;1;1;156.0;1;19;38;9;5;170.0;1;0;0;1;1;0;22;0;0;0;0;0;0.0;0;0;0;0;0;0.0;0;7.6;2.6;0.32;Graduate;549;E;data latih;Menghilang dari kelas
MHS0724;1;39;1;8014;0;1;140.0;1;37;37;90;5;115.5;0;0;0;0;1;0;33;0;0;6;6;1;11.0;0;0;6;0;0;0.0;0;10.8;1.4;1.74;Dropout;467;E;data latih;Terhalang biaya
MHS0725;1;7;3;9130;1;3;130.0;1;37;26;90;10;130.0;0;0;0;0;1;0;41;0;0;5;9;0;0.0;4;0;5;9;0;0.0;3;10.8;1.4;1.74;Dropout;440;E;data latih;Terhalang biaya
MHS0726;4;7;1;9500;1;3;140.0;1;37;38;9;7;140.0;0;0;0;1;1;0;51;0;4;7;7;7;15.2;0;6;8;8;8;16.575;0;13.9;-0.3;0.79;Graduate;668;B;data latih;Tidak dipanggil
MHS0727;1;51;1;9670;1;1;140.0;1;12;5;3;3;126.6;0;0;0;1;1;0;19;0;2;6;7;6;14.428571428571429;0;1;7;8;7;14.375;0;11.1;0.6;2.02;Graduate;685;B;data latih;Tidak dipanggil
MHS0728;1;39;1;9991;0;1;133.1;1;37;37;9;9;143.2;0;0;0;1;1;0;35;0;0;5;5;0;0.0;0;0;5;5;0;0.0;0;11.1;0.6;2.02;Dropout;520;E;data latih;Menghilang dari kelas
MHS0729;1;1;2;171;1;1;131.0;41;19;1;4;7;131.4;1;0;0;1;1;0;20;1;0;0;0;0;0.0;0;0;0;0;0;0.0;0;7.6;2.6;0.32;Graduate;558;D;data latih;Menghilang dari kelas
MHS0730;1;43;1;9670;1;1;141.0;1;3;2;2;2;133.3;1;0;0;1;1;0;18;0;0;6;13;4;13.75;0;0;6;8;5;11.2;0;13.9;-0.3;0.79;Enrolled;595;D;mahasiswa aktif;Berjuang secara akademik
MHS0731;1;1;1;9773;1;1;120.0;1;19;37;9;9;118.3;0;0;1;0;1;1;18;0;0;6;11;5;12.166666666666666;0;0;6;15;3;12.0;0;13.9;-0.3;0.79;Dropout;559;D;data latih;Terhalang biaya
MHS0732;1;44;1;9003;1;39;140.0;1;2;1;4;6;140.0;0;0;0;1;1;0;21;0;0;6;12;5;12.142857142857142;0;0;6;11;5;11.666666666666666;0;13.9;-0.3;0.79;Graduate;588;D;data latih;Berjuang secara akademik
MHS0733;1;1;1;9254;1;1;132.0;1;1;19;6;6;124.7;1;0;0;1;1;0;21;0;0;6;9;6;12.0;0;0;6;8;5;11.6;0;13.9;-0.3;0.79;Graduate;608;C;data latih;Tidak dipanggil
MHS0734;2;39;2;9147;1;1;130.0;1;19;37;4;7;140.0;0;0;0;1;1;0;34;0;0;5;10;3;11.666666666666666;1;0;5;7;4;12.75;0;9.4;-0.8;-3.12;Graduate;584;D;data uji;Berjuang secara akademik
MHS0735;4;39;1;9130;1;1;140.0;1;37;37;6;7;150.0;1;0;0;1;1;0;34;0;0;6;9;0;0.0;0;0;6;6;0;0.0;0;16.2;0.3;-0.92;Dropout;518;E;data latih;Berjuang secara akademik
MHS0736;1;17;2;9670;1;1;110.0;1;3;3;4;10;115.6;1;0;0;1;1;0;21;0;0;6;10;6;11.875;0;0;6;8;5;12.0;0;11.1;0.6;2.02;Graduate;628;C;data uji;Tidak dipanggil
MHS0737;1;43;1;9773;1;1;140.0;1;3;37;3;7;116.9;0;0;0;1;1;0;32;0;6;11;15;7;11.285714285714286;0;5;7;10;6;12.333333333333334;0;13.9;-0.3;0.79;Enrolled;651;C;mahasiswa aktif;Tidak dipanggil
MHS0738;1;17;2;9254;1;1;130.0;1;37;37;5;7;123.4;1;0;0;1;1;0;30;0;0;6;17;2;10.0;0;0;6;15;3;11.333333333333334;0;7.6;2.6;0.32;Dropout;559;D;data uji;Berjuang secara akademik
MHS0739;1;1;1;171;1;1;137.0;1;1;3;3;7;146.5;1;0;1;1;1;0;19;0;6;12;13;11;12.0;0;4;11;15;10;11.181818181818182;0;8.9;1.4;3.51;Enrolled;618;C;mahasiswa aktif;Tidak dipanggil
MHS0740;1;51;1;9773;1;1;158.0;1;1;19;8;8;117.1;1;0;0;1;1;0;20;0;1;7;7;6;13.833333333333334;0;1;6;7;5;13.0;0;8.9;1.4;3.51;Dropout;646;C;data latih;Tidak dipanggil
MHS0741;1;1;1;9070;1;1;124.0;1;19;19;9;7;113.9;1;0;0;1;1;0;18;0;0;6;0;0;0.0;0;0;6;0;0;0.0;0;12.4;0.5;1.79;Dropout;568;D;data uji;Menghilang dari kelas
MHS0742;1;1;1;9254;1;1;136.0;1;3;3;2;2;128.7;0;0;0;1;1;0;19;0;0;6;7;6;14.428571428571429;0;0;6;6;6;12.5;0;8.9;1.4;3.51;Graduate;686;B;data latih;Tidak dipanggil
MHS0743;1;17;3;9500;1;1;142.0;1;3;3;3;3;132.9;1;0;0;1;1;0;18;0;0;7;8;5;14.2;0;0;7;9;6;12.4;0;12.4;0.5;1.79;Dropout;675;B;data latih;Tidak dipanggil
MHS0744;1;39;1;9991;0;1;150.0;1;1;19;4;8;123.0;0;0;0;1;1;0;27;0;0;5;8;4;11.5;0;0;5;9;3;10.333333333333334;0;12.7;3.7;-1.7;Dropout;555;D;data latih;Berjuang secara akademik
MHS0745;1;39;1;9773;1;12;120.0;1;1;1;9;9;129.8;1;0;0;1;1;0;52;0;0;6;7;5;13.0;0;0;6;6;6;15.0;0;9.4;-0.8;-3.12;Graduate;646;C;data latih;Tidak dipanggil
MHS0746;2;43;1;9003;1;1;149.0;1;1;1;4;5;156.1;1;0;0;0;1;0;29;0;0;6;6;0;0.0;0;0;6;8;0;0.0;0;15.5;2.8;-4.06;Dropout;455;E;data latih;Terhalang biaya
MHS0747;1;51;1;9003;1;39;130.0;1;1;19;4;4;120.0;1;0;1;0;1;0;22;0;0;6;12;3;11.333333333333334;0;0;6;13;2;11.0;0;8.9;1.4;3.51;Dropout;468;E;data latih;Terhalang biaya
MHS0748;1;43;1;9085;1;1;110.0;25;38;38;9;6;117.2;1;0;0;1;1;0;28;1;13;18;45;18;12.5;12;10;13;26;12;11.428571428571429;6;15.5;2.8;-4.06;Graduate;631;C;data uji;Tidak dipanggil
MHS0749;1;39;1;9670;1;6;133.1;1;1;1;90;3;107.0;1;0;0;1;1;0;30;0;0;5;5;0;0.0;0;0;5;5;0;0.0;0;7.6;2.6;0.32;Dropout;526;E;data uji;Menghilang dari kelas
MHS0750;1;1;2;9500;1;1;134.0;1;1;1;5;3;128.4;1;0;0;1;0;0;18;0;0;7;7;7;13.471428571428572;0;0;8;9;8;13.944444444444445;0;16.2;0.3;-0.92;Graduate;704;A;data uji;Tidak dipanggil
MHS0751;1;1;2;9670;1;1;130.0;1;38;37;5;5;123.4;1;0;0;1;0;0;21;0;0;5;5;4;11.75;0;0;5;5;3;13.333333333333334;0;9.4;-0.8;-3.12;Graduate;624;C;data latih;Tidak dipanggil
MHS0752;1;1;1;9070;1;1;141.0;1;37;37;9;9;126.7;1;0;1;1;0;1;20;0;0;6;9;6;13.333333333333334;0;0;6;10;6;14.666666666666666;0;12.7;3.7;-1.7;Graduate;700;A;data latih;Tidak dipanggil
MHS0753;1;42;1;9500;1;1;123.0;1;37;37;3;3;123.0;1;0;0;1;0;1;21;0;0;8;8;8;13.105;0;0;8;8;8;13.105;0;9.4;-0.8;-3.12;Graduate;715;A;data latih;Tidak dipanggil
MHS0754;2;39;1;9991;0;19;133.1;1;19;37;7;9;137.2;0;0;1;0;0;0;32;0;0;5;5;0;0.0;0;0;5;6;0;0.0;0;10.8;1.4;1.74;Dropout;417;E;data latih;Terhalang biaya
MHS0755;1;1;3;9070;1;1;122.0;1;37;37;9;9;125.9;1;0;0;1;1;1;20;0;0;6;6;6;15.5;0;0;6;7;6;12.166666666666666;0;12.4;0.5;1.79;Graduate;718;A;data latih;Tidak dipanggil
MHS0756;1;1;4;171;1;1;132.0;1;1;19;4;5;138.0;1;0;1;0;1;0;19;0;0;0;0;0;0.0;0;0;0;0;0;0.0;0;15.5;2.8;-4.06;Dropout;457;E;data uji;Menghilang dari kelas
MHS0757;1;15;1;9670;1;1;133.1;41;1;1;9;5;128.2;0;0;1;0;1;0;18;1;0;6;6;4;11.25;0;0;6;7;3;12.333333333333334;0;8.9;1.4;3.51;Dropout;511;E;data latih;Terhalang biaya
MHS0758;1;43;1;9991;0;1;130.0;1;37;2;9;4;126.5;1;0;0;0;1;0;23;0;10;15;24;12;11.0;0;10;14;21;11;11.363636363636363;1;7.6;2.6;0.32;Dropout;538;E;data latih;Terhalang biaya
MHS0759;1;1;1;9254;1;1;111.0;1;1;1;3;3;112.4;1;0;0;1;1;0;20;0;0;6;10;6;12.333333333333334;0;0;6;9;4;13.0;0;12.4;0.5;1.79;Graduate;647;C;data latih;Tidak dipanggil
MHS0760;2;43;2;9147;1;1;133.1;1;37;37;9;9;109.0;1;0;0;1;0;0;46;0;4;9;18;8;11.375;2;0;5;11;5;11.8;0;9.4;-0.8;-3.12;Graduate;582;D;data latih;Berjuang secara akademik
MHS0761;1;17;1;9003;1;1;125.0;1;3;3;2;2;100.0;0;0;0;1;1;0;27;0;16;18;19;18;12.22222222222222;0;9;12;15;12;12.384615384615383;0;15.5;2.8;-4.06;Graduate;658;B;data latih;Tidak dipanggil
MHS0762;1;5;1;171;1;1;137.0;1;3;19;1;10;144.7;1;0;0;1;1;0;20;0;0;0;0;0;0.0;0;0;0;0;0;0.0;0;16.2;0.3;-0.92;Enrolled;549;E;mahasiswa aktif;Menghilang dari kelas
MHS0763;2;43;3;8014;0;19;100.0;1;37;37;9;9;120.0;1;0;0;1;1;0;41;0;5;9;11;9;12.0;0;3;7;8;6;12.0;0;9.4;-0.8;-3.12;Graduate;651;C;data latih;Tidak dipanggil
MHS0764;1;15;1;9147;1;1;133.1;21;1;3;192;3;100.0;0;0;1;1;1;0;40;1;0;5;10;1;11.0;0;0;5;10;1;10.0;0;11.1;0.6;2.02;Enrolled;526;E;mahasiswa aktif;Berjuang secara akademik
MHS0765;2;44;1;8014;0;39;150.0;1;1;1;5;5;154.0;0;0;0;1;1;0;37;0;12;16;17;16;14.125;0;6;11;14;10;13.0;0;12.4;0.5;1.79;Graduate;671;B;data latih;Tidak dipanggil
MHS0766;1;1;4;9147;1;1;120.0;1;38;38;5;10;111.3;0;0;0;1;1;0;20;0;0;5;8;5;10.2;0;0;5;7;5;11.2;0;12.4;0.5;1.79;Enrolled;575;D;mahasiswa aktif;Berjuang secara akademik
MHS0767;1;44;1;9130;1;39;150.0;1;1;1;4;4;150.0;1;0;0;1;0;0;20;0;0;5;7;4;12.0;1;0;5;6;4;12.4;0;10.8;1.4;1.74;Enrolled;603;C;mahasiswa aktif;Tidak dipanggil
MHS0768;1;7;1;9991;0;40;133.1;1;1;37;4;1;100.0;0;0;0;1;0;0;26;0;8;9;11;9;12.333333333333334;0;4;7;7;7;12.571428571428571;0;12.4;0.5;1.79;Graduate;639;C;data latih;Tidak dipanggil
MHS0769;2;39;1;8014;0;1;133.1;1;37;37;9;7;162.5;0;0;0;1;1;0;54;0;4;9;9;9;14.333333333333334;0;2;7;7;7;13.857142857142858;0;8.9;1.4;3.51;Graduate;662;B;data latih;Tidak dipanggil
MHS0770;1;17;5;9670;1;1;132.0;1;19;19;5;5;134.1;1;0;0;1;1;0;21;0;0;6;6;6;15.166666666666666;0;0;6;9;6;14.0;0;10.8;1.4;1.74;Graduate;687;B;data latih;Tidak dipanggil
MHS0771;1;1;1;9085;1;1;134.0;1;1;1;9;9;133.0;1;0;0;1;0;1;20;0;0;6;8;6;15.142857142857142;0;0;6;8;6;15.142857142857142;0;11.1;0.6;2.02;Graduate;726;A;data latih;Tidak dipanggil
MHS0772;1;17;6;9773;1;1;126.0;1;1;19;5;5;119.0;1;0;0;1;0;0;18;0;0;6;0;0;0.0;0;0;6;0;0;0.0;0;12.4;0.5;1.79;Dropout;559;D;data latih;Menghilang dari kelas
MHS0773;1;1;3;9500;1;1;136.0;1;1;19;4;9;131.1;1;0;0;1;0;0;19;0;0;7;9;6;13.411428571428573;0;0;8;12;7;13.294444444444444;0;15.5;2.8;-4.06;Enrolled;697;A;mahasiswa aktif;Tidak dipanggil
MHS0774;1;1;2;9238;1;1;129.0;1;38;1;4;10;129.4;1;0;0;1;0;0;18;0;0;6;7;6;12.333333333333334;0;0;6;7;6;12.166666666666666;0;9.4;-0.8;-3.12;Graduate;692;B;data latih;Tidak dipanggil
MHS0775;1;1;1;9085;1;1;126.0;1;3;1;2;8;123.9;1;0;0;1;0;0;19;0;0;6;13;4;11.8;0;0;6;18;4;12.2;0;12.4;0.5;1.79;Enrolled;624;C;mahasiswa aktif;Tidak dipanggil
MHS0776;1;44;1;9085;1;39;140.0;1;1;1;4;7;140.0;1;0;1;1;0;0;22;0;2;6;9;6;12.0;0;1;6;12;3;12.0;0;13.9;-0.3;0.79;Dropout;595;D;data uji;Berjuang secara akademik
MHS0777;1;43;1;9085;1;1;162.0;1;2;1;4;4;162.0;0;0;0;1;0;0;19;0;0;6;7;6;15.0;0;0;6;8;6;15.625;0;12.4;0.5;1.79;Graduate;686;B;data latih;Tidak dipanggil
MHS0778;1;1;1;171;1;1;148.0;1;3;2;4;2;131.6;1;0;0;1;0;0;21;0;6;12;12;8;13.875;0;4;11;13;9;12.7;1;8.9;1.4;3.51;Dropout;681;B;data latih;Tidak dipanggil
MHS0779;1;17;1;9853;1;1;119.0;1;3;3;132;132;110.6;0;0;0;1;0;0;20;0;0;7;9;6;11.833333333333334;0;0;7;7;6;14.333333333333334;0;11.1;0.6;2.02;Enrolled;669;B;mahasiswa aktif;Tidak dipanggil
MHS0780;1;17;3;9773;1;1;123.0;1;1;19;5;5;117.4;1;0;0;1;0;1;18;0;0;6;6;6;12.5;0;0;6;6;6;13.833333333333334;0;16.2;0.3;-0.92;Graduate;718;A;data latih;Tidak dipanggil
MHS0781;1;17;1;9773;1;1;150.0;1;38;38;7;7;137.8;1;0;0;1;0;1;18;0;0;6;6;6;15.0;0;0;6;6;6;15.5;0;8.9;1.4;3.51;Graduate;723;A;data latih;Tidak dipanggil
MHS0782;1;17;1;9670;1;1;113.0;1;1;1;5;4;106.7;1;0;1;1;0;0;20;0;0;6;10;2;11.666666666666666;0;0;6;10;4;10.5;0;15.5;2.8;-4.06;Dropout;559;D;data latih;Berjuang secara akademik
MHS0783;1;1;1;9500;1;1;152.0;1;19;37;3;8;156.9;0;0;0;1;0;1;18;0;0;7;10;7;14.668;0;0;8;8;8;14.63375;0;15.5;2.8;-4.06;Graduate;735;A;data uji;Tidak dipanggil
MHS0784;1;1;3;9500;1;1;154.0;1;3;3;1;3;129.0;1;0;0;1;0;0;18;0;0;8;9;6;13.345;2;0;8;9;6;13.345;2;9.4;-0.8;-3.12;Enrolled;701;A;mahasiswa aktif;Tidak dipanggil
MHS0785;1;1;2;9773;1;1;130.0;1;1;34;9;9;124.8;1;0;0;1;0;1;20;0;0;6;7;5;12.8;0;0;6;6;6;12.333333333333334;0;12.4;0.5;1.79;Graduate;695;A;data latih;Tidak dipanggil
MHS0786;1;1;1;9238;1;1;121.0;1;1;1;1;1;115.1;1;0;0;1;0;0;19;0;0;6;10;6;10.833333333333334;0;0;6;7;6;12.142857142857142;0;11.1;0.6;2.02;Graduate;683;B;data latih;Tidak dipanggil
MHS0787;1;1;1;9070;1;1;153.0;1;3;3;1;2;146.7;1;0;0;1;0;0;18;0;0;6;6;6;13.666666666666666;0;0;6;6;5;14.0;0;12.7;3.7;-1.7;Graduate;664;B;data uji;Tidak dipanggil
MHS0788;1;1;1;9500;1;1;148.0;1;3;1;4;5;132.8;0;0;0;1;0;0;18;0;0;8;8;7;14.537142857142856;0;0;8;8;7;14.537142857142856;0;10.8;1.4;1.74;Graduate;706;A;data latih;Tidak dipanggil
MHS0789;1;5;3;9085;1;1;143.0;1;37;37;0;90;159.1;0;0;1;1;0;1;18;0;0;5;5;5;14.4;0;0;5;5;5;14.0;0;7.6;2.6;0.32;Dropout;642;C;data latih;Tidak dipanggil
MHS0790;1;17;3;171;1;1;147.0;1;19;1;5;4;137.6;1;0;0;1;0;1;20;0;0;0;0;0;0.0;0;0;0;0;0;0.0;0;12.7;3.7;-1.7;Graduate;580;D;data uji;Menghilang dari kelas
MHS0791;1;17;1;9773;1;1;138.0;1;1;19;9;9;124.0;0;0;0;1;0;1;19;0;0;6;6;6;13.166666666666666;0;0;6;6;6;13.833333333333334;0;11.1;0.6;2.02;Graduate;719;A;data latih;Tidak dipanggil
MHS0792;1;39;1;9500;1;1;120.0;1;3;3;2;2;149.0;0;0;0;0;1;0;36;0;0;6;15;2;11.5;0;0;7;9;0;0.0;0;15.5;2.8;-4.06;Dropout;492;E;data latih;Terhalang biaya
MHS0793;1;17;1;9238;1;1;145.0;1;1;40;9;2;129.6;0;0;0;1;0;1;19;0;0;6;7;6;11.333333333333334;0;0;6;7;6;12.428571428571429;0;11.1;0.6;2.02;Graduate;705;A;data latih;Tidak dipanggil
MHS0794;1;17;3;9238;1;1;118.0;1;3;1;2;5;110.0;1;0;0;1;0;0;18;0;0;6;6;6;12.0;0;0;6;6;5;13.6;0;8.9;1.4;3.51;Graduate;646;C;data latih;Tidak dipanggil
MHS0795;1;1;3;9773;1;1;121.0;1;19;19;3;3;116.1;0;0;0;1;0;1;18;0;0;6;6;6;13.166666666666666;0;0;6;6;6;12.166666666666666;0;12.4;0.5;1.79;Graduate;718;A;data uji;Tidak dipanggil
MHS0796;1;1;3;9773;1;1;135.0;1;38;38;5;8;133.3;1;0;0;1;0;1;18;0;0;6;6;6;14.833333333333334;0;0;6;6;6;14.166666666666666;0;8.9;1.4;3.51;Graduate;730;A;data uji;Tidak dipanggil
MHS0797;1;44;1;9070;1;1;140.0;1;1;1;9;8;144.3;1;0;0;1;0;0;19;0;2;7;7;7;13.0;0;5;9;9;9;13.22222222222222;0;12.4;0.5;1.79;Graduate;684;B;data latih;Tidak dipanggil
MHS0798;1;18;3;9500;1;1;145.0;1;1;1;4;8;133.6;1;0;0;1;0;0;18;0;0;7;8;7;13.087142857142856;0;0;8;8;8;12.95;0;11.1;0.6;2.02;Graduate;690;B;data uji;Tidak dipanggil
MHS0799;1;1;1;9130;1;1;133.0;1;1;37;9;9;123.2;1;0;0;1;0;1;19;0;0;6;8;6;13.333333333333334;0;0;6;7;6;13.666666666666666;0;8.9;1.4;3.51;Graduate;710;A;data latih;Tidak dipanggil
MHS0800;1;1;1;9853;1;1;127.0;1;3;1;3;7;137.2;1;0;0;1;0;0;18;0;0;6;7;6;12.166666666666666;0;0;6;10;4;12.75;0;10.8;1.4;1.74;Enrolled;640;C;mahasiswa aktif;Tidak dipanggil
MHS0801;1;53;1;9070;1;42;130.0;1;40;19;3;5;130.0;1;0;0;0;0;1;22;0;0;6;8;6;11.0;0;0;6;10;4;12.0;0;8.9;1.4;3.51;Enrolled;574;D;mahasiswa aktif;Berjuang secara akademik
MHS0802;1;1;2;9238;1;1;117.0;1;19;1;9;8;110.0;1;0;1;0;0;0;18;0;0;6;0;0;0.0;0;0;6;0;0;0.0;0;11.1;0.6;2.02;Dropout;469;E;data uji;Menghilang dari kelas
MHS0803;1;17;4;9147;1;1;125.0;1;19;19;5;5;118.0;1;0;0;1;0;0;19;0;0;5;7;5;13.6;0;0;5;6;5;12.2;0;8.9;1.4;3.51;Graduate;622;C;data latih;Tidak dipanggil
MHS0804;1;1;1;9773;1;1;141.0;1;38;38;9;9;128.4;1;0;0;1;0;0;18;0;0;6;6;6;15.5;0;0;6;6;6;14.0;0;11.1;0.6;2.02;Graduate;701;A;data uji;Tidak dipanggil
MHS0805;1;1;3;9853;1;1;122.0;1;1;3;5;3;113.6;0;0;0;1;0;0;19;0;0;7;7;7;13.857142857142858;0;0;7;7;7;14.285714285714286;0;11.1;0.6;2.02;Graduate;688;B;data latih;Tidak dipanggil
MHS0806;1;17;2;9147;1;1;118.0;1;19;1;9;3;113.5;1;0;1;1;0;0;20;0;0;5;10;2;11.5;0;0;5;8;3;10.0;0;11.1;0.6;2.02;Enrolled;557;D;mahasiswa aktif;Berjuang secara akademik
MHS0807;1;17;3;9070;1;1;142.0;1;1;38;3;5;146.9;1;0;0;1;0;1;18;0;0;6;6;6;13.0;0;0;6;6;6;12.166666666666666;0;16.2;0.3;-0.92;Graduate;713;A;data latih;Tidak dipanggil
MHS0808;1;1;1;9130;1;1;143.0;1;3;3;2;10;141.3;0;0;1;0;0;0;23;0;0;6;10;6;14.0;0;0;6;11;4;13.0;0;11.1;0.6;2.02;Enrolled;532;E;mahasiswa aktif;Terhalang biaya
MHS0809;1;1;4;9773;1;1;143.0;1;1;3;4;7;129.7;1;0;0;1;0;0;20;0;0;4;4;0;0.0;0;0;6;0;0;0.0;0;8.9;1.4;3.51;Dropout;562;D;data latih;Menghilang dari kelas
MHS0810;1;1;5;9070;1;1;123.0;1;3;1;9;3;121.3;1;0;0;1;0;0;20;0;0;6;6;6;11.166666666666666;0;0;6;9;6;11.5;0;12.4;0.5;1.79;Enrolled;650;C;mahasiswa aktif;Tidak dipanggil
MHS0811;1;1;1;9238;1;1;115.0;1;1;1;9;4;109.1;1;0;1;0;0;1;22;0;0;6;0;0;0.0;0;0;6;0;0;0.0;0;12.4;0.5;1.79;Dropout;485;E;data uji;Menghilang dari kelas
MHS0812;1;17;2;9853;1;1;112.0;1;19;38;5;7;107.1;1;0;0;1;0;1;18;0;0;7;8;7;12.142857142857142;0;0;7;9;6;13.666666666666666;0;11.1;0.6;2.02;Graduate;704;A;data latih;Tidak dipanggil
MHS0813;1;17;1;9500;1;1;135.0;1;19;38;9;9;129.2;0;0;0;1;0;1;18;0;0;7;7;7;14.145714285714286;0;0;8;9;8;13.627777777777778;0;11.1;0.6;2.02;Graduate;723;A;data uji;Tidak dipanggil
MHS0814;1;1;1;9500;1;1;162.0;1;3;4;3;3;154.1;0;0;0;1;0;0;18;0;0;7;7;7;14.45;0;0;8;9;8;14.144444444444444;0;11.1;0.6;2.02;Graduate;706;A;data latih;Tidak dipanggil
MHS0815;1;1;1;9853;1;1;143.0;1;19;3;4;4;147.2;0;0;0;1;0;0;18;0;0;7;7;7;15.714285714285714;0;0;7;7;7;15.0;0;11.1;0.6;2.02;Graduate;690;B;data latih;Tidak dipanggil
MHS0816;1;51;1;9147;1;1;130.0;1;1;1;4;4;120.0;0;0;0;1;0;0;21;0;0;5;9;5;12.8;0;0;5;11;3;12.666666666666666;0;11.1;0.6;2.02;Enrolled;615;C;mahasiswa aktif;Tidak dipanggil
MHS0817;1;17;1;9070;1;1;136.0;1;1;37;4;5;130.8;0;0;0;1;0;0;20;0;0;6;6;6;12.5;0;0;6;8;6;11.5;0;10.8;1.4;1.74;Enrolled;650;C;mahasiswa aktif;Tidak dipanggil
MHS0818;1;16;1;9070;1;1;125.0;1;1;1;4;4;120.8;1;0;0;1;0;0;18;0;0;6;6;6;14.5;0;0;6;6;6;12.833333333333334;0;12.4;0.5;1.79;Graduate;689;B;data latih;Tidak dipanggil
MHS0819;1;17;2;9500;1;1;132.0;1;19;37;3;5;125.4;1;0;0;0;0;1;20;0;0;7;7;7;13.462857142857144;0;0;8;10;7;13.164285714285716;0;11.1;0.6;2.02;Enrolled;640;C;mahasiswa aktif;Tidak dipanggil
MHS0820;1;1;1;8014;0;1;123.0;1;34;37;9;90;121.3;1;0;0;1;0;0;25;0;0;6;6;6;12.833333333333334;0;0;6;6;6;12.833333333333334;0;7.6;2.6;0.32;Graduate;681;B;data latih;Tidak dipanggil
MHS0821;1;1;1;9147;1;1;142.0;1;19;19;9;9;127.0;1;0;0;1;0;1;18;0;0;5;10;5;12.0;0;0;5;8;4;11.6;0;13.9;-0.3;0.79;Graduate;623;C;data latih;Tidak dipanggil
MHS0822;1;1;3;171;1;1;147.0;1;12;19;9;3;151.6;1;0;0;1;0;0;19;0;0;0;0;0;0.0;0;0;0;0;0;0.0;0;13.9;-0.3;0.79;Graduate;560;D;data latih;Menghilang dari kelas
MHS0823;1;1;1;9085;1;1;140.0;6;1;19;4;7;131.6;1;0;0;1;0;0;20;1;0;7;9;6;14.714285714285714;0;1;7;16;6;13.2;0;12.4;0.5;1.79;Enrolled;692;B;mahasiswa aktif;Tidak dipanggil
MHS0824;1;1;2;9238;1;1;133.1;1;19;19;9;9;106.0;1;0;0;1;0;1;20;0;0;6;7;6;12.571428571428571;0;0;6;7;6;13.285714285714286;0;12.4;0.5;1.79;Graduate;722;A;data latih;Tidak dipanggil
MHS0825;1;18;4;9773;1;1;114.0;1;1;1;9;9;111.6;1;0;0;1;0;1;21;0;0;6;6;6;12.5;0;0;6;6;6;11.5;0;11.1;0.6;2.02;Graduate;675;B;data latih;Tidak dipanggil
MHS0826;1;17;3;9670;1;1;125.0;1;1;3;4;3;117.3;1;0;0;1;0;0;18;0;0;6;8;6;14.0;0;0;6;9;5;14.0;0;8.9;1.4;3.51;Graduate;654;C;data latih;Tidak dipanggil
MHS0827;1;17;1;9853;1;1;127.0;1;1;1;5;7;121.4;1;0;0;1;0;0;18;0;0;7;8;7;11.571428571428571;0;0;7;9;6;13.166666666666666;0;11.1;0.6;2.02;Dropout;668;B;data latih;Tidak dipanggil
MHS0828;1;1;3;9070;1;1;132.0;1;1;3;9;7;126.1;1;0;0;1;0;1;18;0;0;6;6;6;15.833333333333334;0;0;6;6;6;15.333333333333334;0;11.1;0.6;2.02;Graduate;732;A;data latih;Tidak dipanggil
MHS0829;1;1;4;9500;1;1;148.0;1;19;19;4;5;137.0;1;0;0;1;0;0;18;0;0;8;8;8;14.25;0;0;8;8;8;14.25;0;9.4;-0.8;-3.12;Graduate;706;A;data latih;Tidak dipanggil
MHS0830;1;43;1;9670;1;1;139.0;1;3;19;3;5;120.8;0;0;0;1;0;0;19;0;0;6;0;0;0.0;0;0;6;0;0;0.0;0;15.5;2.8;-4.06;Dropout;548;E;data latih;Menghilang dari kelas
MHS0831;1;17;1;9254;1;1;136.0;1;39;3;3;3;128.7;1;0;0;1;0;0;20;0;0;6;8;6;11.666666666666666;0;0;6;10;6;11.0;0;13.9;-0.3;0.79;Dropout;638;C;data latih;Tidak dipanggil
MHS0832;1;39;1;9238;1;9;133.1;1;34;34;0;0;118.0;0;0;0;1;0;0;47;0;0;6;12;0;0.0;0;0;5;10;0;0.0;0;7.6;2.6;0.32;Dropout;535;E;data latih;Berjuang secara akademik
MHS0833;1;43;1;9130;1;1;120.0;6;1;3;9;2;120.0;0;0;1;1;0;0;21;1;2;5;9;5;13.2;2;0;5;7;2;12.5;2;10.8;1.4;1.74;Enrolled;582;D;mahasiswa aktif;Berjuang secara akademik
MHS0834;2;39;1;9130;1;1;130.0;1;37;37;9;6;160.0;0;0;0;1;1;0;31;0;1;6;11;2;12.0;1;1;6;12;1;10.0;1;16.2;0.3;-0.92;Dropout;551;D;data latih;Berjuang secara akademik
MHS0835;2;39;1;9119;1;1;110.0;1;37;37;90;5;150.0;1;0;0;1;1;0;46;0;0;5;6;0;0.0;0;0;5;5;0;0.0;0;7.6;2.6;0.32;Dropout;508;E;data latih;Berjuang secara akademik
MHS0836;1;1;3;9119;1;1;133.0;1;3;1;3;4;121.8;1;0;0;1;1;0;18;0;0;5;9;4;12.0;0;0;5;10;2;11.0;0;8.9;1.4;3.51;Enrolled;578;D;mahasiswa aktif;Berjuang secara akademik
MHS0837;1;17;3;9119;1;1;138.0;1;3;3;3;4;125.4;1;1;0;1;1;0;19;0;0;5;10;3;13.333333333333334;0;0;5;9;4;10.75;0;8.9;1.4;3.51;Dropout;579;D;data latih;Berjuang secara akademik
MHS0838;1;51;1;9556;1;1;131.0;1;1;37;152;193;126.6;1;0;0;1;1;0;23;0;0;7;11;5;12.414285714285713;0;0;7;13;2;13.5;0;8.9;1.4;3.51;Enrolled;610;C;mahasiswa aktif;Tidak dipanggil
MHS0839;1;44;1;9130;1;39;150.0;1;3;1;2;8;150.0;0;0;0;0;1;0;22;0;0;5;5;0;0.0;0;0;5;5;0;0.0;0;12.7;3.7;-1.7;Dropout;457;E;data latih;Terhalang biaya
MHS0840;1;1;1;9147;1;1;125.0;1;38;1;3;10;114.5;1;0;0;1;1;0;19;0;0;5;5;5;13.8;0;0;5;7;5;12.4;0;9.4;-0.8;-3.12;Graduate;631;C;data latih;Tidak dipanggil
MHS0841;1;1;1;9147;1;1;108.0;41;3;3;9;9;107.0;0;0;1;0;0;0;19;1;0;5;14;0;0.0;0;0;5;5;0;0.0;0;8.9;1.4;3.51;Dropout;456;E;data latih;Terhalang biaya
MHS0842;1;17;1;9147;1;1;116.0;1;3;1;3;4;115.7;0;0;0;0;1;0;22;0;0;5;10;4;11.5;0;0;5;11;4;14.0;0;8.9;1.4;3.51;Enrolled;534;E;mahasiswa aktif;Terhalang biaya
MHS0843;1;39;1;9130;1;1;133.1;1;3;34;3;0;120.0;0;0;1;0;1;0;29;0;0;5;11;0;0.0;4;0;5;6;0;0.0;1;9.4;-0.8;-3.12;Dropout;415;E;data uji;Terhalang biaya
MHS0844;1;1;3;9500;1;1;147.0;1;37;38;9;5;134.8;1;0;0;1;0;0;18;0;0;7;7;6;14.016666666666666;0;0;7;7;6;14.016666666666666;0;7.6;2.6;0.32;Graduate;708;A;data uji;Tidak dipanggil
MHS0845;1;1;1;9238;1;1;143.0;1;38;34;9;9;133.6;1;0;0;1;0;0;18;0;0;6;9;5;11.4;0;0;6;8;5;10.8;0;9.4;-0.8;-3.12;Graduate;605;C;data latih;Tidak dipanggil
MHS0846;1;1;1;171;1;1;115.0;1;37;37;9;8;129.0;1;0;1;0;0;1;23;0;0;0;0;0;0.0;0;0;0;0;0;0.0;0;9.4;-0.8;-3.12;Dropout;475;E;data latih;Menghilang dari kelas
MHS0847;2;39;1;9991;0;1;160.0;1;1;1;194;131;128.4;0;0;0;1;0;0;34;0;0;5;12;5;10.4;0;0;5;11;5;12.0;0;12.4;0.5;1.79;Graduate;580;D;data latih;Berjuang secara akademik
MHS0848;1;17;1;9147;1;1;118.0;1;19;19;9;9;122.2;0;0;0;1;0;0;19;0;0;5;11;3;10.666666666666666;0;0;5;9;4;10.25;0;11.1;0.6;2.02;Graduate;585;D;data latih;Berjuang secara akademik
MHS0849;1;1;1;9085;1;1;122.0;1;1;1;2;5;113.3;1;0;0;1;0;0;18;0;0;5;9;4;14.25;0;0;5;8;5;12.714285714285714;0;10.8;1.4;1.74;Enrolled;638;C;mahasiswa aktif;Tidak dipanggil
MHS0850;1;17;6;9500;1;1;143.0;1;1;19;4;4;129.9;0;0;0;1;0;1;20;0;3;7;7;7;13.914285714285713;0;5;8;8;8;14.10625;0;11.1;0.6;2.02;Graduate;724;A;data uji;Tidak dipanggil
MHS0851;1;1;6;9500;1;1;133.0;1;3;3;1;1;126.2;1;0;0;1;0;0;19;0;0;7;9;7;13.761111111111113;0;0;8;11;7;12.82375;0;15.5;2.8;-4.06;Graduate;699;A;data uji;Tidak dipanggil
MHS0852;1;5;2;9853;1;1;122.0;1;19;19;4;5;112.6;1;0;0;1;0;0;22;0;0;6;10;5;12.6;0;0;6;9;4;11.25;0;12.7;3.7;-1.7;Enrolled;575;D;mahasiswa aktif;Berjuang secara akademik
MHS0853;1;1;1;9238;1;1;164.0;1;19;19;9;9;149.0;1;0;0;1;0;1;23;0;0;6;7;6;13.857142857142858;0;0;6;6;6;14.166666666666666;0;10.8;1.4;1.74;Graduate;723;A;data latih;Tidak dipanggil
MHS0854;2;39;1;9500;1;1;133.1;1;1;19;9;9;120.0;0;0;0;1;1;1;34;0;0;8;8;7;13.842857142857143;0;0;8;8;7;13.842857142857143;0;12.7;3.7;-1.7;Graduate;698;A;data latih;Tidak dipanggil
MHS0855;1;17;4;9119;1;1;127.0;1;19;19;5;5;120.4;1;0;1;0;1;0;18;0;0;5;12;0;0.0;0;0;5;8;0;0.0;0;9.4;-0.8;-3.12;Enrolled;435;E;mahasiswa aktif;Terhalang biaya
MHS0856;1;1;3;9773;1;1;140.0;1;1;39;4;1;128.1;1;1;0;1;1;0;21;0;0;6;6;5;11.8;0;0;6;9;0;0.0;0;16.2;0.3;-0.92;Dropout;595;D;data latih;Berjuang secara akademik
MHS0857;1;1;1;9238;1;1;127.0;1;1;19;4;3;141.7;1;0;0;1;1;0;22;0;0;6;6;6;12.666666666666666;0;0;6;6;6;13.833333333333334;0;10.8;1.4;1.74;Dropout;689;B;data latih;Tidak dipanggil
MHS0858;1;39;1;9003;1;12;133.1;1;37;1;9;10;130.0;0;0;0;1;1;0;28;0;0;6;6;0;0.0;0;0;6;6;0;0.0;0;11.1;0.6;2.02;Dropout;525;E;data latih;Menghilang dari kelas
MHS0859;1;5;4;9119;1;1;115.0;1;19;37;4;6;113.3;1;0;0;1;1;0;23;0;0;5;7;0;0.0;0;0;5;5;0;0.0;0;7.6;2.6;0.32;Dropout;523;E;data latih;Menghilang dari kelas
MHS0860;1;1;1;9773;1;1;108.0;1;34;38;0;3;105.9;0;0;0;1;1;0;20;0;0;6;11;4;10.75;0;0;6;13;2;10.0;0;7.6;2.6;0.32;Dropout;595;D;data uji;Berjuang secara akademik
MHS0861;1;18;2;9119;1;1;136.0;1;1;2;5;4;122.7;1;0;0;1;1;0;18;0;0;5;7;5;12.6;0;0;5;9;3;13.25;0;13.9;-0.3;0.79;Dropout;608;C;data latih;Tidak dipanggil
MHS0862;1;39;2;9147;1;12;133.1;1;19;38;9;9;120.0;1;0;1;0;1;0;28;0;0;5;5;0;0.0;0;0;5;5;0;0.0;0;9.4;-0.8;-3.12;Dropout;423;E;data latih;Terhalang biaya
MHS0863;1;44;1;9070;1;39;120.0;1;1;19;5;8;119.8;0;0;0;1;1;0;21;0;2;7;7;2;12.0;0;5;9;10;7;12.142857142857142;0;12.4;0.5;1.79;Dropout;651;C;data latih;Tidak dipanggil
MHS0864;1;39;1;9670;1;1;133.1;1;38;19;9;8;122.9;0;0;1;0;1;0;25;0;0;6;7;3;14.0;0;0;6;9;2;14.5;0;13.9;-0.3;0.79;Dropout;507;E;data latih;Terhalang biaya
MHS0865;1;44;1;9085;1;39;160.0;1;1;1;5;4;160.0;1;1;0;0;1;0;19;0;2;6;6;6;14.0;0;1;6;11;6;13.5;0;12.4;0.5;1.79;Dropout;609;C;data latih;Tidak dipanggil
MHS0866;1;1;4;9500;1;1;128.0;1;1;1;4;10;125.2;1;0;0;1;1;1;18;0;0;7;7;7;14.682857142857143;0;0;8;9;8;15.055555555555555;0;12.4;0.5;1.79;Graduate;735;A;data latih;Tidak dipanggil
MHS0867;1;39;1;9119;1;3;130.0;1;1;38;90;90;143.4;0;0;0;1;1;0;29;0;0;3;3;0;0.0;3;0;5;0;0;0.0;0;10.8;1.4;1.74;Dropout;508;E;data latih;Menghilang dari kelas
MHS0868;1;39;1;9119;1;19;133.1;1;37;38;3;7;96.7;0;0;0;1;1;1;29;0;0;5;6;0;0.0;0;0;5;7;0;0.0;0;12.4;0.5;1.79;Dropout;537;E;data latih;Berjuang secara akademik
MHS0869;1;18;1;9254;1;1;137.0;1;19;19;4;5;126.9;0;0;0;1;1;0;20;0;0;6;7;6;13.857142857142858;0;0;6;7;5;12.8;0;16.2;0.3;-0.92;Graduate;638;C;data latih;Tidak dipanggil
MHS0870;1;1;1;171;1;1;163.0;1;19;1;9;7;143.1;0;0;0;1;1;0;18;0;0;0;0;0;0.0;0;0;0;0;0;0.0;0;9.4;-0.8;-3.12;Graduate;562;D;data latih;Menghilang dari kelas
MHS0871;1;1;1;9254;1;1;125.0;1;1;1;191;193;114.5;0;0;0;1;1;0;20;0;0;6;8;6;13.142857142857142;0;0;6;7;6;12.5;0;8.9;1.4;3.51;Graduate;682;B;data latih;Tidak dipanggil
MHS0872;2;39;1;9119;1;1;120.0;1;34;34;0;0;140.0;1;0;0;1;1;0;33;0;0;5;14;1;18.0;0;0;5;9;2;13.0;0;9.4;-0.8;-3.12;Dropout;567;D;data latih;Berjuang secara akademik
MHS0873;1;42;1;9991;0;1;150.0;1;19;19;5;5;113.7;0;0;0;1;1;0;30;0;11;15;15;13;11.461538461538462;0;6;11;15;10;11.583333333333334;1;16.2;0.3;-0.92;Graduate;617;C;data latih;Tidak dipanggil
MHS0874;1;1;1;9556;1;1;135.0;1;1;1;1;1;131.5;0;0;0;1;1;1;21;0;0;7;14;5;11.2;0;0;8;11;6;11.583333333333334;0;16.2;0.3;-0.92;Enrolled;655;C;mahasiswa aktif;Tidak dipanggil
MHS0875;1;1;1;9003;1;1;148.0;1;1;19;194;194;143.5;0;0;1;1;1;0;18;0;0;6;6;5;15.0;0;0;6;8;4;14.5;0;8.9;1.4;3.51;Graduate;616;C;data uji;Tidak dipanggil
MHS0876;1;1;1;9500;1;1;138.0;1;38;38;9;9;126.8;0;0;0;1;1;1;19;0;0;7;9;7;14.244444444444444;0;0;8;12;8;12.233333333333333;0;15.5;2.8;-4.06;Graduate;723;A;data latih;Tidak dipanggil
MHS0877;1;17;1;9070;1;1;119.0;1;38;19;9;9;115.2;0;0;0;1;1;1;21;0;0;6;8;4;11.5;0;0;6;7;5;11.0;0;15.5;2.8;-4.06;Dropout;619;C;data latih;Tidak dipanggil
MHS0878;1;39;2;9556;1;1;130.0;1;19;19;4;5;100.0;0;0;0;1;1;1;25;0;0;7;7;2;10.0;0;0;7;7;0;0.0;0;15.5;2.8;-4.06;Dropout;572;D;data latih;Menghilang dari kelas
MHS0879;1;1;2;9670;1;1;135.0;1;19;19;7;10;121.4;0;0;0;1;1;0;19;0;0;5;7;3;12.333333333333334;0;0;5;5;5;11.6;0;9.4;-0.8;-3.12;Graduate;601;C;data latih;Tidak dipanggil
MHS0880;1;44;1;9070;1;39;120.0;1;19;1;9;3;120.0;1;0;0;1;1;0;23;0;2;7;8;5;12.2;0;5;9;10;7;12.142857142857142;1;16.2;0.3;-0.92;Dropout;649;C;data uji;Tidak dipanggil
MHS0881;1;17;2;9070;1;1;126.0;1;38;38;9;8;129.9;1;0;0;1;1;1;19;0;0;6;6;6;13.666666666666666;0;0;6;7;5;13.2;0;12.4;0.5;1.79;Graduate;679;B;data latih;Tidak dipanggil
MHS0882;1;1;1;171;1;1;149.0;1;3;2;2;5;151.1;1;0;0;1;1;0;19;0;0;0;0;0;0.0;0;0;0;0;0;0.0;0;9.4;-0.8;-3.12;Graduate;560;D;data latih;Menghilang dari kelas
MHS0883;1;39;1;9003;1;1;110.0;1;19;37;9;6;120.0;0;0;1;0;1;0;31;0;0;6;15;1;11.0;0;0;6;10;0;0.0;0;16.2;0.3;-0.92;Dropout;435;E;data latih;Terhalang biaya
MHS0884;1;39;1;9003;1;1;133.1;1;37;37;4;7;130.0;0;0;1;0;1;0;32;0;0;6;8;3;13.0;0;4;10;14;6;11.428571428571429;0;16.2;0.3;-0.92;Dropout;500;E;data latih;Terhalang biaya
MHS0885;1;16;2;9500;1;1;127.0;1;2;38;4;9;119.0;1;0;0;1;0;1;19;0;0;8;12;7;12.599999999999998;0;0;8;12;7;12.599999999999998;0;10.8;1.4;1.74;Graduate;709;A;data latih;Tidak dipanggil
MHS0886;1;42;1;9773;1;6;120.0;1;34;34;0;0;122.0;1;0;0;1;0;0;34;0;8;10;11;10;12.2;0;5;10;12;9;12.333333333333334;0;7.6;2.6;0.32;Graduate;660;B;data uji;Tidak dipanggil
MHS0887;1;16;6;9773;1;1;136.0;1;38;14;0;0;129.7;1;0;0;1;0;0;21;0;0;6;6;6;13.166666666666666;0;0;6;6;6;13.0;0;7.6;2.6;0.32;Graduate;681;B;data latih;Tidak dipanggil
MHS0888;1;43;2;9238;1;1;110.0;1;37;37;9;7;112.5;1;0;0;1;0;1;53;0;4;7;16;6;11.0;0;2;7;9;7;11.0;0;9.4;-0.8;-3.12;Graduate;657;B;data latih;Tidak dipanggil
MHS0889;1;1;1;9500;1;1;136.0;1;19;19;4;7;136.0;0;0;0;1;0;1;19;0;0;7;7;7;14.014285714285714;0;0;8;8;8;15.35;0;13.9;-0.3;0.79;Graduate;733;A;data latih;Tidak dipanggil
MHS0890;1;1;3;9773;1;1;145.0;1;38;38;9;5;133.1;0;0;0;1;0;1;20;0;0;6;9;4;13.0;0;0;6;13;4;11.25;0;10.8;1.4;1.74;Graduate;634;C;data latih;Tidak dipanggil
MHS0891;1;1;2;9773;1;1;159.0;1;1;19;9;9;151.3;1;0;0;1;0;0;18;0;0;6;6;6;14.0;0;0;6;6;6;14.666666666666666;0;10.8;1.4;1.74;Graduate;701;A;data latih;Tidak dipanggil
MHS0892;1;39;1;171;1;1;147.0;1;37;38;175;193;133.3;0;0;0;0;0;0;32;0;0;0;0;0;0.0;0;0;0;0;0;0.0;0;16.2;0.3;-0.92;Dropout;448;E;data latih;Menghilang dari kelas
MHS0893;1;43;1;9500;1;1;150.0;1;37;37;9;9;130.8;1;0;0;1;0;1;21;0;0;8;8;7;14.428571428571429;0;0;8;8;7;14.428571428571429;0;12.7;3.7;-1.7;Graduate;718;A;data uji;Tidak dipanggil
MHS0894;1;7;1;8014;0;3;140.0;1;37;12;9;4;140.0;0;0;0;0;0;0;26;0;0;5;9;0;0.0;0;0;5;10;0;0.0;0;9.4;-0.8;-3.12;Dropout;453;E;data latih;Terhalang biaya
MHS0895;1;42;1;9085;1;39;150.0;1;1;1;4;7;150.0;1;0;0;1;0;0;26;0;11;18;45;18;11.833333333333334;10;9;13;27;13;12.461538461538462;5;15.5;2.8;-4.06;Graduate;655;C;data latih;Tidak dipanggil
MHS0896;2;44;1;9991;0;39;130.0;1;1;37;4;9;130.0;0;0;0;0;0;0;21;0;0;5;12;3;11.333333333333334;0;0;5;10;1;13.0;0;15.5;2.8;-4.06;Dropout;533;E;data uji;Terhalang biaya
MHS0897;1;17;1;9773;1;1;120.0;1;37;37;5;5;125.3;0;0;0;1;0;0;18;0;0;6;9;6;12.5;0;0;6;9;6;13.0;0;7.6;2.6;0.32;Graduate;684;B;data latih;Tidak dipanggil
MHS0898;1;43;1;9070;1;39;130.0;1;19;37;5;9;124.0;1;0;0;1;0;1;21;0;4;12;12;12;13.333333333333334;0;5;12;12;11;12.545454545454543;0;15.5;2.8;-4.06;Graduate;701;A;data latih;Tidak dipanggil
MHS0899;1;1;1;9254;1;1;112.0;1;38;19;9;5;113.8;1;0;0;1;0;0;21;0;0;6;10;6;10.833333333333334;0;0;6;10;4;11.0;0;7.6;2.6;0.32;Enrolled;608;C;mahasiswa aktif;Tidak dipanggil
MHS0900;1;17;1;9670;1;1;128.0;1;19;19;7;7;124.4;0;0;0;1;0;1;19;0;0;6;6;6;13.0;0;0;6;6;6;14.0;0;13.9;-0.3;0.79;Graduate;716;A;data latih;Tidak dipanggil
MHS0901;1;17;1;9147;1;1;114.0;1;19;19;9;7;107.7;0;0;0;1;0;0;19;0;0;5;7;2;10.0;0;0;5;11;2;14.0;0;10.8;1.4;1.74;Dropout;607;C;data latih;Tidak dipanggil
MHS0902;1;43;2;9238;1;1;118.0;1;38;38;5;5;110.0;0;0;0;1;0;1;19;0;0;6;8;6;11.428571428571429;0;0;6;11;5;11.2;0;10.8;1.4;1.74;Graduate;635;C;data uji;Tidak dipanggil
MHS0903;1;7;1;9500;1;3;130.0;1;37;38;7;7;130.0;1;0;0;1;0;0;27;0;0;8;8;8;12.8875;0;0;8;8;8;12.8875;0;9.4;-0.8;-3.12;Graduate;663;B;data latih;Tidak dipanggil
MHS0904;1;1;2;9500;1;1;145.0;1;37;1;9;4;138.8;1;0;0;1;0;1;18;0;0;7;7;6;12.95;0;0;7;7;6;12.95;0;7.6;2.6;0.32;Graduate;730;A;data latih;Tidak dipanggil
MHS0905;1;1;2;9147;1;1;121.0;1;19;19;9;9;126.3;1;0;0;1;0;0;20;0;0;5;12;1;10.0;2;0;5;5;0;0.0;0;12.7;3.7;-1.7;Dropout;557;D;data latih;Berjuang secara akademik
MHS0906;1;1;3;9500;1;1;114.0;1;1;1;5;5;114.5;1;0;0;1;0;1;19;0;0;7;7;7;13.094285714285714;0;0;8;8;8;12.55;0;12.4;0.5;1.79;Graduate;721;A;data latih;Tidak dipanggil
MHS0907;1;1;4;9670;1;1;127.0;1;1;1;7;7;116.5;1;0;0;1;0;0;20;0;0;6;7;0;0.0;0;0;6;6;0;0.0;0;16.2;0.3;-0.92;Dropout;559;D;data latih;Menghilang dari kelas
MHS0908;1;17;2;9238;1;1;145.0;1;19;38;7;6;128.6;1;0;0;1;0;1;19;0;0;6;12;5;11.714285714285714;0;0;6;11;6;11.0;0;12.7;3.7;-1.7;Graduate;662;B;data uji;Tidak dipanggil
MHS0909;1;17;5;9238;1;1;130.0;1;19;1;5;5;130.0;1;0;0;1;0;0;20;0;0;6;8;4;11.25;0;0;6;15;3;10.0;0;9.4;-0.8;-3.12;Enrolled;594;D;mahasiswa aktif;Berjuang secara akademik
MHS0910;1;1;1;171;1;1;150.0;1;38;19;7;10;134.6;0;0;0;1;0;0;20;0;0;0;0;0;0.0;0;0;0;0;0;0.0;0;15.5;2.8;-4.06;Dropout;558;D;data latih;Menghilang dari kelas
MHS0911;1;1;1;9853;1;1;145.0;1;37;37;9;5;146.8;0;0;0;1;0;0;18;0;0;6;6;6;13.166666666666666;0;0;6;6;6;13.333333333333334;0;7.6;2.6;0.32;Graduate;685;B;data latih;Tidak dipanggil
MHS0912;1;1;1;9085;1;1;128.0;1;19;1;5;4;135.7;1;0;0;1;0;0;20;0;0;5;7;4;12.75;0;0;5;5;5;13.4;0;10.8;1.4;1.74;Graduate;634;C;data latih;Tidak dipanggil
MHS0913;2;39;1;9991;0;1;140.0;1;37;37;9;9;120.0;0;0;0;0;0;0;38;0;0;5;6;5;10.6;0;0;5;9;2;11.0;0;12.7;3.7;-1.7;Dropout;476;E;data latih;Terhalang biaya
MHS0914;4;39;1;8014;0;1;130.0;1;37;37;9;7;138.0;0;0;0;1;0;0;42;0;0;6;8;5;11.2;0;0;6;6;6;12.0;0;8.9;1.4;3.51;Graduate;626;C;data latih;Tidak dipanggil
MHS0915;1;39;1;9500;1;1;140.0;1;37;37;9;6;135.5;0;0;0;1;0;0;32;0;0;7;0;0;0.0;0;0;8;0;0;0.0;0;13.9;-0.3;0.79;Dropout;536;E;data latih;Menghilang dari kelas
MHS0916;1;15;1;9773;1;1;120.0;26;19;19;4;5;120.0;1;0;0;1;0;0;22;1;0;6;6;6;13.0;0;0;6;6;6;13.666666666666666;0;12.4;0.5;1.79;Graduate;672;B;data uji;Tidak dipanggil
MHS0917;2;39;1;9991;0;1;147.0;1;34;34;90;90;111.7;1;0;0;1;0;0;28;0;0;5;10;0;0.0;0;0;5;5;0;0.0;0;7.6;2.6;0.32;Dropout;522;E;data uji;Berjuang secara akademik
MHS0918;2;39;1;8014;0;9;133.1;1;37;37;8;10;100.0;1;0;0;1;0;0;37;0;0;6;0;0;0.0;0;0;6;0;0;0.0;0;9.4;-0.8;-3.12;Dropout;529;E;data latih;Menghilang dari kelas
MHS0919;2;44;1;9003;1;39;160.0;1;37;38;9;4;160.0;0;0;0;1;0;0;43;0;0;6;8;6;14.166666666666666;0;0;6;9;6;15.0;0;15.5;2.8;-4.06;Graduate;672;B;data uji;Tidak dipanggil
MHS0920;6;39;1;8014;0;1;133.1;1;37;1;9;7;114.8;0;0;0;1;0;1;41;0;0;6;10;5;12.833333333333334;0;0;6;6;6;12.333333333333334;0;13.9;-0.3;0.79;Graduate;665;B;data uji;Tidak dipanggil
MHS0921;4;39;1;8014;0;19;140.0;1;37;37;9;3;131.0;0;0;0;1;0;1;29;0;0;6;11;4;11.75;0;0;6;9;5;10.4;0;10.8;1.4;1.74;Graduate;591;D;data latih;Berjuang secara akademik
MHS0922;1;39;1;8014;0;1;133.1;1;37;37;9;9;97.0;0;0;0;1;0;1;35;0;0;6;8;6;10.833333333333334;0;0;6;7;6;11.5;0;10.8;1.4;1.74;Graduate;644;C;data latih;Tidak dipanggil
MHS0923;1;17;6;9238;1;1;131.0;1;1;3;4;2;131.7;1;0;0;1;0;0;18;0;0;6;8;4;11.75;0;0;6;8;4;12.25;0;9.4;-0.8;-3.12;Dropout;625;C;data latih;Tidak dipanggil
MHS0924;1;39;1;9500;1;19;133.1;1;37;37;9;6;120.0;0;0;0;0;0;1;39;0;0;7;14;3;11.5;0;0;7;9;2;10.5;0;16.2;0.3;-0.92;Dropout;521;E;data latih;Berjuang secara akademik
MHS0925;4;39;1;9991;0;1;120.0;1;37;37;9;9;110.0;0;0;0;1;0;0;37;0;0;5;14;2;10.0;0;0;5;7;3;11.333333333333334;0;12.7;3.7;-1.7;Enrolled;538;E;mahasiswa aktif;Berjuang secara akademik
MHS0926;1;39;1;9500;1;1;130.0;1;37;37;9;7;133.0;1;0;0;1;0;1;26;0;0;7;7;6;13.7;0;0;7;7;6;13.7;0;7.6;2.6;0.32;Graduate;695;A;data latih;Tidak dipanggil
MHS0927;1;7;1;9085;1;3;140.0;1;19;20;4;90;140.0;1;0;0;1;0;0;32;0;0;5;8;1;14.0;2;0;5;12;0;0.0;4;10.8;1.4;1.74;Dropout;555;D;data latih;Berjuang secara akademik
MHS0928;2;39;1;8014;0;1;133.1;1;37;37;6;8;100.0;0;0;1;1;0;0;37;0;3;8;12;7;11.375;0;2;7;10;6;12.166666666666666;0;13.9;-0.3;0.79;Enrolled;616;C;mahasiswa aktif;Tidak dipanggil
MHS0929;1;39;1;9085;1;1;140.0;1;37;19;191;163;129.3;1;0;1;1;0;0;28;0;0;6;17;0;0.0;0;0;6;6;0;0.0;0;8.9;1.4;3.51;Enrolled;505;E;mahasiswa aktif;Berjuang secara akademik
MHS0930;1;1;1;9238;1;1;133.1;1;19;37;0;0;137.0;1;0;0;1;0;0;19;0;0;6;10;0;0.0;4;0;6;0;0;0.0;0;7.6;2.6;0.32;Dropout;570;D;data uji;Menghilang dari kelas
MHS0931;1;1;5;9147;1;1;125.0;1;37;38;7;7;122.2;1;0;0;1;0;0;18;0;0;5;9;1;11.0;0;0;5;9;2;12.5;0;7.6;2.6;0.32;Enrolled;603;C;mahasiswa aktif;Tidak dipanggil
MHS0932;1;1;1;9853;1;1;115.0;1;19;38;9;9;108.0;0;0;0;1;0;1;19;0;0;7;10;6;13.0;0;0;7;7;7;13.285714285714286;0;12.4;0.5;1.79;Graduate;710;A;data latih;Tidak dipanggil
MHS0933;2;7;1;9670;1;3;110.0;1;37;37;7;7;110.0;0;0;0;1;0;0;32;0;4;11;15;8;13.6;0;2;8;10;8;15.11111111111111;0;13.9;-0.3;0.79;Graduate;656;C;data latih;Tidak dipanggil
MHS0934;2;39;1;9147;1;1;140.0;1;37;37;9;9;127.7;1;0;0;1;0;0;31;0;0;5;8;3;11.0;0;0;5;9;2;11.5;0;7.6;2.6;0.32;Dropout;557;D;data latih;Berjuang secara akademik
MHS0935;1;39;1;9500;1;1;100.0;1;3;1;2;5;121.3;1;0;0;1;0;0;34;0;0;8;11;7;11.705714285714285;0;0;8;11;7;11.705714285714285;0;10.8;1.4;1.74;Enrolled;620;C;mahasiswa aktif;Tidak dipanggil
MHS0936;1;1;3;171;1;1;145.0;1;1;1;3;3;140.1;1;0;0;1;0;0;20;0;6;12;12;12;13.25;0;4;11;14;11;14.333333333333334;0;8.9;1.4;3.51;Graduate;689;B;data latih;Tidak dipanggil
MHS0937;1;39;1;9500;1;19;133.1;1;38;38;9;9;114.8;0;0;0;1;0;0;28;0;0;7;15;1;10.75;0;0;7;10;1;10.0;0;13.9;-0.3;0.79;Dropout;553;D;data latih;Berjuang secara akademik
MHS0938;1;44;1;9991;0;39;150.0;1;37;37;6;6;150.0;0;0;0;1;0;0;31;0;2;6;8;6;12.0;0;2;7;8;7;13.428571428571429;0;9.4;-0.8;-3.12;Enrolled;650;C;mahasiswa aktif;Tidak dipanggil
MHS0939;1;1;1;9773;1;1;145.0;1;19;38;4;10;131.7;1;0;0;1;0;0;18;0;0;6;7;6;12.666666666666666;0;0;6;8;4;12.25;0;7.6;2.6;0.32;Enrolled;649;C;mahasiswa aktif;Tidak dipanggil
MHS0940;4;39;1;8014;0;19;133.1;1;37;37;90;7;110.0;0;0;0;0;0;0;31;0;0;6;8;5;11.4;0;0;6;9;3;11.0;0;9.4;-0.8;-3.12;Dropout;485;E;data latih;Terhalang biaya
MHS0941;1;1;3;9773;1;1;110.0;1;19;19;5;5;105.5;1;0;0;1;0;0;19;0;0;6;6;6;13.0;0;0;6;8;5;12.4;0;12.4;0.5;1.79;Graduate;650;C;data latih;Tidak dipanggil
MHS0942;1;1;1;9238;1;1;128.0;1;37;19;9;4;127.3;1;0;0;1;0;1;19;0;0;6;8;6;14.0;0;0;6;8;6;12.285714285714286;0;16.2;0.3;-0.92;Graduate;724;A;data latih;Tidak dipanggil
MHS0943;2;39;1;9238;1;19;133.1;1;37;37;9;9;130.0;1;0;0;1;0;0;31;0;0;6;11;0;0.0;0;0;5;10;0;0.0;0;9.4;-0.8;-3.12;Enrolled;535;E;mahasiswa aktif;Berjuang secara akademik
MHS0944;1;7;1;9085;1;3;130.0;1;1;19;9;10;130.0;0;0;0;1;0;0;34;0;0;6;0;0;0.0;0;0;6;0;0;0.0;0;15.5;2.8;-4.06;Dropout;528;E;data latih;Menghilang dari kelas
MHS0945;1;16;1;9556;1;1;137.0;1;37;37;9;7;122.7;1;0;0;1;0;1;18;0;0;7;7;7;15.285714285714286;0;0;8;8;8;16.075;0;12.4;0.5;1.79;Graduate;713;A;data latih;Tidak dipanggil
MHS0946;1;17;2;9254;1;1;123.0;1;37;37;7;7;113.9;1;0;0;1;0;0;18;0;0;6;6;6;13.166666666666666;0;0;6;6;6;12.666666666666666;0;11.1;0.6;2.02;Graduate;679;B;data latih;Tidak dipanggil
MHS0947;1;1;1;9147;1;1;156.0;1;3;19;3;3;151.1;0;0;1;1;1;0;19;0;0;5;7;5;13.6;0;0;5;11;5;12.833333333333334;5;16.2;0.3;-0.92;Graduate;608;C;data latih;Tidak dipanggil
MHS0948;1;17;2;9773;1;1;133.1;1;3;5;0;2;125.8;1;0;0;0;1;1;22;0;0;4;8;0;0.0;0;0;4;8;0;0.0;0;7.6;2.6;0.32;Dropout;498;E;data latih;Berjuang secara akademik
MHS0949;2;43;1;9670;1;1;100.0;1;34;34;0;0;128.2;0;0;0;1;1;0;32;0;6;10;12;10;11.4;0;4;9;9;4;11.5;0;7.6;2.6;0.32;Graduate;584;D;data latih;Berjuang secara akademik
MHS0950;1;39;1;9147;1;1;140.0;1;37;3;9;2;135.1;0;0;0;1;1;0;61;0;0;5;0;0;0.0;0;0;5;0;0;0.0;0;15.5;2.8;-4.06;Dropout;524;E;data uji;Menghilang dari kelas
MHS0951;1;39;1;9991;0;1;130.0;1;37;37;9;9;120.2;1;0;0;1;1;0;30;0;0;5;7;5;11.0;0;0;5;5;5;11.6;0;7.6;2.6;0.32;Graduate;553;D;data latih;Berjuang secara akademik
MHS0952;2;39;1;9991;0;1;133.1;1;37;37;9;9;132.8;0;0;1;0;1;0;45;0;0;5;9;0;0.0;0;0;5;11;0;0.0;0;12.4;0.5;1.79;Dropout;417;E;data latih;Terhalang biaya
MHS0953;1;44;1;9003;1;39;140.0;1;1;19;4;8;140.0;0;0;0;1;1;0;20;0;0;6;7;6;13.571428571428571;0;0;6;6;6;12.666666666666666;0;12.4;0.5;1.79;Graduate;671;B;data latih;Tidak dipanggil
MHS0954;1;18;5;9500;1;1;137.0;1;19;1;1;10;129.3;0;0;0;1;0;0;19;0;0;7;0;0;0.0;0;0;8;0;0;0.0;0;9.4;-0.8;-3.12;Dropout;562;D;data uji;Menghilang dari kelas
MHS0955;1;42;1;9119;1;1;120.0;1;3;1;2;9;108.2;1;0;0;1;1;0;26;0;4;10;14;4;11.25;0;4;11;11;4;12.0;0;7.6;2.6;0.32;Dropout;583;D;data latih;Berjuang secara akademik
MHS0956;1;17;4;9670;1;1;125.0;1;1;1;4;90;125.4;1;0;0;1;1;0;19;0;0;5;6;3;13.333333333333334;0;0;5;5;1;11.0;0;7.6;2.6;0.32;Dropout;597;D;data latih;Berjuang secara akademik
MHS0957;1;17;1;9773;1;1;130.0;1;19;37;9;9;140.2;0;0;0;1;1;1;19;0;0;6;6;6;12.0;0;0;6;7;6;11.666666666666666;0;16.2;0.3;-0.92;Graduate;672;B;data latih;Tidak dipanggil
MHS0958;1;1;3;9773;1;1;115.0;1;38;1;9;4;116.1;1;0;0;1;1;0;19;0;0;6;6;6;12.5;0;0;6;7;5;13.0;0;12.4;0.5;1.79;Graduate;652;C;data latih;Tidak dipanggil
MHS0959;1;1;1;9147;1;1;150.0;1;1;19;5;5;137.8;1;0;0;1;1;1;19;0;0;5;6;5;13.2;0;0;5;6;5;12.666666666666666;0;16.2;0.3;-0.92;Graduate;658;B;data latih;Tidak dipanggil
MHS0960;1;1;3;9670;1;1;134.0;1;14;11;0;0;128.4;1;0;0;0;1;0;19;0;0;5;5;0;0.0;0;0;4;4;0;0.0;0;7.6;2.6;0.32;Dropout;484;E;data latih;Terhalang biaya
MHS0961;1;39;1;9670;1;1;120.0;1;34;34;0;0;106.0;1;0;0;0;1;0;28;0;0;5;7;3;11.666666666666666;0;0;5;8;2;11.5;1;7.6;2.6;0.32;Dropout;484;E;data latih;Terhalang biaya
MHS0962;1;43;1;9147;1;1;141.0;1;37;37;9;9;130.2;0;0;0;1;1;0;24;0;10;15;16;15;13.466666666666669;1;10;14;14;14;13.642857142857142;0;9.4;-0.8;-3.12;Graduate;661;B;data latih;Tidak dipanggil
MHS0963;1;1;1;9130;1;1;133.0;1;3;1;2;4;126.0;0;0;0;1;1;0;18;0;0;5;7;3;13.666666666666666;0;0;5;5;5;13.2;0;7.6;2.6;0.32;Graduate;630;C;data latih;Tidak dipanggil
MHS0964;1;1;2;9119;1;1;149.0;1;38;38;5;5;141.0;0;0;0;1;1;0;18;0;0;5;9;2;11.666666666666666;0;0;5;9;2;12.5;2;7.6;2.6;0.32;Enrolled;605;C;mahasiswa aktif;Tidak dipanggil
MHS0965;1;1;1;9773;1;1;121.0;1;1;3;3;7;113.0;1;0;0;1;1;1;18;0;0;6;7;6;11.666666666666666;0;0;6;12;5;10.2;0;12.4;0.5;1.79;Graduate;644;C;data latih;Tidak dipanggil
MHS0966;1;44;1;9003;1;39;120.0;1;4;1;2;8;120.0;0;0;0;1;1;0;21;0;0;6;9;5;13.4;0;0;6;9;5;12.4;0;8.9;1.4;3.51;Graduate;618;C;data latih;Tidak dipanggil
MHS0967;2;39;1;9991;0;1;148.0;1;19;37;9;5;130.9;0;0;0;0;1;0;28;0;0;5;5;0;0.0;0;0;5;6;0;0.0;0;12.4;0.5;1.79;Dropout;445;E;data latih;Terhalang biaya
MHS0968;1;39;1;9003;1;12;133.1;1;37;19;9;10;120.0;0;0;0;1;1;0;58;0;0;6;9;0;0.0;0;0;6;6;0;0.0;0;13.9;-0.3;0.79;Dropout;523;E;data latih;Berjuang secara akademik
MHS0969;2;39;1;9991;0;1;135.0;1;34;34;0;0;134.1;1;0;0;0;1;0;49;0;0;5;5;0;0.0;0;0;5;5;0;0.0;0;7.6;2.6;0.32;Dropout;443;E;data uji;Terhalang biaya
MHS0970;1;39;1;9119;1;1;150.0;1;1;38;3;5;120.0;0;0;0;1;1;0;24;0;0;5;6;3;10.666666666666666;0;0;5;9;2;10.5;0;15.5;2.8;-4.06;Enrolled;543;E;mahasiswa aktif;Berjuang secara akademik
MHS0971;1;43;1;9670;1;1;130.0;1;34;34;0;0;114.8;0;0;0;1;1;0;25;0;0;5;5;4;13.75;0;0;5;5;4;14.75;0;7.6;2.6;0.32;Graduate;619;C;data latih;Tidak dipanggil
MHS0972;4;42;1;9147;1;1;133.1;1;37;38;7;3;123.0;1;0;0;1;1;0;33;0;0;5;5;1;10.0;0;0;5;5;0;0.0;0;7.6;2.6;0.32;Dropout;537;E;data latih;Menghilang dari kelas
MHS0973;2;39;2;9119;1;19;133.1;1;37;37;7;7;118.0;0;0;0;0;1;0;33;0;0;5;11;0;0.0;0;0;5;5;0;0.0;0;9.4;-0.8;-3.12;Dropout;431;E;data latih;Terhalang biaya
MHS0974;2;43;1;9853;1;1;110.0;1;37;37;7;7;100.0;0;0;0;1;1;0;40;0;0;2;4;1;16.0;0;0;4;5;4;15.5;0;13.9;-0.3;0.79;Graduate;593;D;data latih;Berjuang secara akademik
MHS0975;2;39;1;9991;0;1;170.0;1;37;19;9;3;151.1;0;0;0;1;1;0;48;0;0;5;9;5;12.285714285714286;0;0;5;8;5;11.125;0;16.2;0.3;-0.92;Graduate;560;D;data uji;Berjuang secara akademik
MHS0976;1;17;3;9119;1;1;120.0;1;1;19;9;3;116.9;1;0;1;0;1;0;18;0;0;5;10;3;12.0;0;0;5;8;3;10.333333333333334;0;8.9;1.4;3.51;Enrolled;468;E;mahasiswa aktif;Terhalang biaya
MHS0977;1;39;1;9500;1;19;133.1;1;38;38;9;8;106.0;1;0;0;1;1;0;24;0;0;7;7;6;12.666666666666666;1;0;7;7;6;12.666666666666666;1;7.6;2.6;0.32;Graduate;658;B;data latih;Tidak dipanggil
MHS0978;2;1;1;9085;1;1;139.0;1;19;19;192;144;127.1;0;0;0;1;1;1;23;0;0;5;6;5;11.8;0;0;5;7;4;13.25;1;10.8;1.4;1.74;Graduate;647;C;data latih;Tidak dipanggil
MHS0979;1;39;1;9991;0;19;133.1;1;19;37;7;5;155.5;1;0;1;0;1;0;39;0;0;5;6;5;10.6;0;0;5;7;5;14.666666666666666;0;10.8;1.4;1.74;Dropout;487;E;data latih;Terhalang biaya
MHS0980;1;18;1;9003;1;1;133.1;1;1;38;9;6;101.0;0;0;0;1;1;0;21;0;5;11;16;9;11.9;0;3;9;14;8;12.25;0;15.5;2.8;-4.06;Graduate;658;B;data latih;Tidak dipanggil
MHS0981;1;42;1;9119;1;6;120.0;1;35;35;6;6;128.2;1;0;0;1;1;0;34;0;4;6;8;4;11.25;0;1;5;8;2;10.5;0;7.6;2.6;0.32;Dropout;554;D;data latih;Berjuang secara akademik
MHS0982;2;39;1;9991;0;1;100.0;1;19;19;4;4;113.0;0;0;0;1;1;1;41;0;0;5;9;4;11.0;0;0;5;6;5;11.4;0;8.9;1.4;3.51;Enrolled;582;D;mahasiswa aktif;Berjuang secara akademik
MHS0983;1;1;1;9773;1;1;134.0;1;1;38;4;5;122.8;0;0;0;1;1;0;18;0;0;6;6;6;12.0;0;0;6;6;6;12.5;0;12.7;3.7;-1.7;Graduate;679;B;data latih;Tidak dipanggil
MHS0984;2;39;1;9991;0;1;130.0;1;38;38;9;3;145.6;0;0;0;1;1;0;34;0;0;5;10;4;11.75;0;0;5;10;4;10.833333333333334;0;13.9;-0.3;0.79;Enrolled;553;D;mahasiswa aktif;Berjuang secara akademik
MHS0985;1;1;1;9147;1;1;128.0;1;1;1;2;10;116.5;0;0;0;1;1;0;19;0;0;5;8;2;10.0;0;0;5;8;1;16.0;0;7.6;2.6;0.32;Dropout;614;C;data latih;Tidak dipanggil
MHS0986;1;1;1;9500;1;1;154.0;1;19;19;3;3;142.0;0;0;0;1;1;0;19;0;0;8;8;7;13.714285714285714;0;0;8;8;7;13.714285714285714;0;12.7;3.7;-1.7;Graduate;697;A;data latih;Tidak dipanggil
MHS0987;1;7;1;9003;1;4;150.0;1;1;1;4;6;150.0;0;0;0;1;1;0;28;0;0;6;14;6;14.875;0;0;6;12;6;15.8;0;16.2;0.3;-0.92;Graduate;659;B;data latih;Tidak dipanggil
MHS0988;1;17;1;9070;1;1;134.0;1;1;1;5;0;133.3;1;0;0;1;1;0;18;0;0;6;7;5;10.8;1;0;6;6;0;0.0;0;7.6;2.6;0.32;Dropout;594;D;data uji;Berjuang secara akademik
MHS0989;1;1;1;9238;1;1;127.0;1;2;2;3;4;115.8;1;0;0;1;1;0;19;0;0;6;11;3;12.0;0;0;6;12;2;10.0;0;11.1;0.6;2.02;Dropout;603;C;data uji;Tidak dipanggil
MHS0990;1;17;2;9085;1;1;133.1;1;19;38;9;1;100.0;1;0;1;0;1;0;19;0;0;6;10;5;12.5;0;0;6;19;2;13.5;0;12.4;0.5;1.79;Dropout;526;E;data latih;Terhalang biaya
MHS0991;1;17;1;9500;1;1;130.0;1;1;3;9;2;128.6;1;0;0;1;0;0;18;0;0;7;7;7;14.728571428571428;0;0;8;11;8;16.327272727272728;0;16.2;0.3;-0.92;Graduate;699;A;data latih;Tidak dipanggil
MHS0992;1;1;1;9130;1;1;135.0;1;3;3;2;2;137.1;1;0;0;1;0;0;18;0;0;6;8;6;12.0;0;0;6;8;5;14.8;0;12.4;0.5;1.79;Graduate;641;C;data latih;Tidak dipanggil
MHS0993;1;1;1;9773;1;1;143.0;1;1;3;3;3;149.0;1;0;0;1;0;0;18;0;0;6;8;6;11.428571428571429;0;0;6;7;6;11.0;0;11.1;0.6;2.02;Dropout;652;C;data latih;Tidak dipanggil
MHS0994;1;44;2;9238;1;39;150.0;1;3;19;4;9;147.0;1;0;0;1;0;0;19;0;3;6;6;6;14.166666666666666;0;2;6;6;6;13.5;0;12.4;0.5;1.79;Graduate;692;B;data latih;Tidak dipanggil
MHS0995;2;7;1;9238;1;3;150.0;1;37;37;191;192;150.0;0;0;0;1;0;0;31;0;1;6;12;5;12.5;0;0;6;10;5;14.6;0;12.7;3.7;-1.7;Graduate;611;C;data latih;Tidak dipanggil
MHS0996;1;39;1;8014;0;1;130.0;1;37;37;9;8;103.5;0;0;0;1;0;1;33;0;0;6;6;6;14.166666666666666;0;0;6;6;6;14.333333333333334;0;12.7;3.7;-1.7;Graduate;693;B;data latih;Tidak dipanggil
MHS0997;1;1;3;9500;1;1;113.0;1;3;1;134;135;107.8;1;0;0;1;0;1;20;0;0;7;10;5;14.46;0;0;7;8;6;13.55;0;12.4;0.5;1.79;Enrolled;712;A;mahasiswa aktif;Tidak dipanggil
MHS0998;1;44;1;9085;1;39;130.0;6;19;1;6;4;130.0;1;0;0;1;0;0;22;1;0;6;12;5;12.8;0;0;6;19;2;11.5;0;12.4;0.5;1.79;Enrolled;585;D;mahasiswa aktif;Berjuang secara akademik
MHS0999;1;17;1;9254;1;1;115.0;1;1;19;3;3;109.4;1;0;0;1;0;0;19;0;0;6;8;6;12.666666666666666;0;0;6;8;5;13.4;0;11.1;0.6;2.02;Graduate;642;C;data latih;Tidak dipanggil
MHS1000;1;1;3;9070;1;1;146.0;1;34;34;0;0;143.6;1;0;0;1;0;0;18;0;0;6;6;6;12.5;0;0;6;6;6;13.0;0;7.6;2.6;0.32;Dropout;693;B;data latih;Tidak dipanggil
MHS1001;1;17;3;9070;1;1;132.0;1;38;1;5;5;124.3;0;1;0;1;0;0;18;0;0;6;0;0;0.0;0;0;6;0;0;0.0;0;15.5;2.8;-4.06;Dropout;561;D;data uji;Menghilang dari kelas
MHS1002;1;1;5;9670;1;1;116.0;1;19;38;9;9;119.5;1;0;0;0;0;0;18;0;0;6;0;0;0.0;0;0;6;0;0;0.0;0;8.9;1.4;3.51;Dropout;486;E;data latih;Menghilang dari kelas
MHS1003;1;1;1;171;1;1;163.0;1;3;4;2;5;175.6;1;0;0;1;0;0;18;0;0;0;0;0;0.0;0;0;0;0;0;0.0;0;11.1;0.6;2.02;Graduate;562;D;data latih;Menghilang dari kelas
MHS1004;1;17;2;9147;1;1;122.0;1;19;19;7;7;116.1;1;0;0;1;0;1;19;0;0;5;8;5;11.2;0;0;5;5;3;11.0;0;12.4;0.5;1.79;Graduate;614;C;data latih;Tidak dipanggil
MHS1005;1;17;2;9238;1;1;136.0;1;1;3;3;4;126.6;1;0;0;1;0;0;18;0;0;6;6;6;16.5;0;0;6;7;6;17.428571428571427;0;11.1;0.6;2.02;Dropout;700;A;data latih;Tidak dipanggil
MHS1006;1;17;1;9085;1;1;142.0;1;3;19;5;5;130.8;1;0;0;1;0;0;18;0;0;5;9;3;13.666666666666666;1;0;5;5;5;12.0;0;12.7;3.7;-1.7;Graduate;629;C;data latih;Tidak dipanggil
MHS1007;1;17;6;9500;1;1;139.0;1;37;37;9;6;133.5;1;0;0;1;0;1;18;0;0;8;8;7;15.228571428571428;0;0;8;8;7;15.228571428571428;0;12.7;3.7;-1.7;Graduate;728;A;data latih;Tidak dipanggil
MHS1008;1;53;1;9238;1;42;140.0;1;37;37;9;10;136.9;1;0;0;1;0;0;21;0;5;9;10;9;12.77777777777778;0;4;9;9;9;13.22222222222222;0;8.9;1.4;3.51;Graduate;682;B;data uji;Tidak dipanggil
MHS1009;1;1;1;9500;1;1;165.0;1;19;37;5;5;142.3;0;0;0;1;0;1;18;0;0;8;8;7;14.428571428571429;0;0;8;8;7;14.428571428571429;0;12.7;3.7;-1.7;Graduate;735;A;data latih;Tidak dipanggil
MHS1010;1;17;3;9670;1;1;122.0;1;1;38;3;3;114.3;1;0;0;1;0;0;18;0;0;6;8;6;13.875;0;0;6;7;6;13.714285714285714;0;11.1;0.6;2.02;Graduate;686;B;data latih;Tidak dipanggil
MHS1011;1;1;2;9500;1;1;135.0;1;19;19;9;10;122.9;1;0;0;1;0;0;18;0;0;7;10;7;13.128;0;0;8;13;6;13.193333333333332;0;15.5;2.8;-4.06;Graduate;701;A;data latih;Tidak dipanggil
MHS1012;1;17;1;9500;1;1;128.0;1;19;1;4;3;117.2;1;0;0;1;0;0;20;0;0;7;9;6;11.605;0;0;8;10;7;12.4125;0;16.2;0.3;-0.92;Graduate;673;B;data latih;Tidak dipanggil
MHS1013;1;17;1;9147;1;1;139.0;1;1;38;4;5;152.0;0;0;0;1;0;1;18;0;0;5;5;5;14.6;0;0;5;8;5;12.0;0;12.7;3.7;-1.7;Graduate;655;C;data latih;Tidak dipanggil
MHS1014;1;1;2;9773;1;1;125.0;1;19;1;4;5;122.2;1;0;0;1;0;0;18;0;0;6;0;0;0.0;0;0;6;0;0;0.0;0;11.1;0.6;2.02;Dropout;566;D;data latih;Menghilang dari kelas
MHS1015;1;18;2;9147;1;1;102.0;1;37;38;191;143;101.7;1;0;0;1;0;1;20;0;0;5;6;5;11.8;0;0;5;6;5;11.6;0;8.9;1.4;3.51;Graduate;610;C;data latih;Tidak dipanggil
MHS1016;1;17;1;9254;1;1;116.0;1;19;19;9;8;119.9;1;0;0;1;0;0;20;0;0;6;6;6;12.333333333333334;0;0;6;6;6;12.333333333333334;0;12.4;0.5;1.79;Graduate;672;B;data latih;Tidak dipanggil
MHS1017;1;17;1;9147;1;1;138.0;1;37;1;9;9;123.7;1;0;1;1;0;1;19;0;0;5;5;4;11.0;0;0;5;5;0;0.0;0;11.1;0.6;2.02;Dropout;588;D;data latih;Berjuang secara akademik
MHS1018;1;51;1;9070;1;1;135.0;1;3;1;3;5;121.8;0;0;0;1;0;1;19;0;5;11;11;11;13.181818181818182;0;5;11;11;11;12.909090909090908;0;11.1;0.6;2.02;Graduate;712;A;data uji;Tidak dipanggil
MHS1019;1;17;4;9670;1;1;110.0;1;19;37;9;99;106.1;1;1;1;0;0;1;18;0;0;6;6;1;11.0;0;0;6;0;0;0.0;0;12.7;3.7;-1.7;Dropout;497;E;data latih;Menghilang dari kelas
MHS1020;1;17;3;9773;1;1;132.0;1;1;1;4;9;124.3;1;0;1;1;0;1;19;0;0;6;6;6;11.833333333333334;0;0;6;7;6;12.285714285714286;0;15.5;2.8;-4.06;Graduate;673;B;data latih;Tidak dipanggil
MHS1021;1;1;2;9500;1;1;126.0;1;1;38;4;7;124.3;1;0;0;1;0;1;20;0;0;8;8;8;12.98125;0;0;8;8;8;12.98125;0;9.4;-0.8;-3.12;Graduate;724;A;data latih;Tidak dipanggil
MHS1022;1;44;1;9147;1;39;117.4;1;19;1;4;9;117.4;1;0;0;1;0;0;21;0;4;7;10;6;11.333333333333334;0;1;5;6;5;11.2;0;11.1;0.6;2.02;Graduate;598;D;data latih;Berjuang secara akademik
MHS1023;1;43;2;9500;1;1;120.0;1;41;3;2;2;112.7;0;0;0;1;0;0;21;0;0;8;12;6;11.68;0;0;8;12;6;11.68;0;10.8;1.4;1.74;Graduate;642;C;data uji;Tidak dipanggil
MHS1024;1;17;1;9070;1;1;116.0;1;38;38;9;9;123.7;0;0;0;1;0;0;20;0;0;6;6;6;14.5;0;0;6;7;6;13.5;0;11.1;0.6;2.02;Graduate;687;B;data latih;Tidak dipanggil
MHS1025;1;18;2;9853;1;1;111.0;1;38;38;191;171;105.8;1;0;0;1;0;0;19;0;0;7;7;7;13.142857142857142;0;0;7;8;7;12.857142857142858;0;8.9;1.4;3.51;Graduate;672;B;data latih;Tidak dipanggil
MHS1026;1;17;3;9085;1;1;128.0;1;1;19;4;90;124.2;0;0;0;0;0;0;21;0;0;5;8;2;11.5;0;0;5;7;2;10.5;0;7.6;2.6;0.32;Dropout;511;E;data uji;Terhalang biaya
MHS1027;1;1;1;9085;1;1;123.0;1;30;19;4;90;122.3;0;0;0;1;0;0;18;0;0;5;6;5;14.2;0;0;5;7;5;11.8;0;7.6;2.6;0.32;Graduate;611;C;data latih;Tidak dipanggil
MHS1028;1;1;5;9254;1;1;131.0;1;19;37;9;9;123.7;0;0;0;1;0;1;19;0;0;6;8;5;11.666666666666666;0;0;6;7;5;12.2;0;8.9;1.4;3.51;Graduate;650;C;data latih;Tidak dipanggil
MHS1029;1;17;2;9500;1;1;135.0;1;19;19;9;4;129.8;1;0;0;1;0;0;18;0;0;7;8;7;13.175;0;0;8;8;8;14.875;0;13.9;-0.3;0.79;Graduate;697;A;data latih;Tidak dipanggil
MHS1030;1;1;4;9500;1;1;136.0;1;1;1;9;9;123.8;1;0;0;1;0;1;19;0;0;8;8;7;13.314285714285717;0;0;8;8;7;13.314285714285717;0;12.7;3.7;-1.7;Graduate;726;A;data latih;Tidak dipanggil
MHS1031;1;1;2;9147;1;1;132.0;1;1;19;4;3;126.4;1;0;0;1;0;1;18;0;0;5;13;3;10.6;0;0;5;12;3;10.5;0;13.9;-0.3;0.79;Graduate;623;C;data latih;Tidak dipanggil
MHS1032;1;1;1;9853;1;1;120.0;1;19;37;5;7;115.1;0;0;0;1;0;1;18;0;0;6;11;4;12.0;0;0;6;8;4;10.75;0;15.5;2.8;-4.06;Enrolled;619;C;mahasiswa aktif;Tidak dipanggil
MHS1033;1;1;1;9773;1;1;144.0;1;37;37;8;8;138.4;0;0;0;1;0;0;18;0;0;6;7;6;13.428571428571429;0;0;6;7;6;14.142857142857142;0;13.9;-0.3;0.79;Graduate;699;A;data latih;Tidak dipanggil
MHS1034;1;17;1;9085;1;1;129.0;1;1;37;9;9;118.2;1;0;0;1;0;1;18;0;0;5;7;4;13.25;0;0;5;8;5;15.571428571428571;0;10.8;1.4;1.74;Graduate;668;B;data latih;Tidak dipanggil
MHS1035;1;17;1;9070;1;1;136.0;1;38;19;7;7;121.7;1;0;0;1;0;0;18;0;0;6;6;2;13.0;0;0;6;6;0;0.0;0;12.4;0.5;1.79;Dropout;604;C;data latih;Tidak dipanggil
MHS1036;1;1;3;9070;1;1;125.0;1;1;38;9;7;118.0;0;0;0;1;0;1;18;0;0;6;6;6;14.333333333333334;0;0;6;7;6;14.0;0;11.1;0.6;2.02;Enrolled;732;A;mahasiswa aktif;Tidak dipanggil
MHS1037;1;17;1;9238;1;1;125.0;1;1;38;9;7;119.8;0;0;0;1;0;0;18;0;0;6;0;0;0.0;0;0;6;0;0;0.0;0;11.1;0.6;2.02;Dropout;565;D;data latih;Menghilang dari kelas
MHS1038;1;1;1;9238;1;1;154.0;1;1;3;4;2;164.9;0;0;0;1;0;0;18;0;0;6;6;6;14.0;0;0;6;6;6;13.166666666666666;0;10.8;1.4;1.74;Graduate;702;A;data uji;Tidak dipanggil
MHS1039;1;42;1;9085;1;1;100.0;1;1;38;4;9;100.0;1;0;0;1;0;1;20;0;1;2;2;2;12.0;0;1;6;11;6;12.833333333333334;0;13.9;-0.3;0.79;Graduate;684;B;data uji;Tidak dipanggil
MHS1040;1;1;1;9853;1;1;124.0;1;3;1;2;5;121.6;0;0;0;1;0;0;18;0;0;6;9;5;12.333333333333334;0;0;6;10;5;10.6;0;15.5;2.8;-4.06;Enrolled;597;D;mahasiswa aktif;Berjuang secara akademik
MHS1041;1;17;4;9070;1;1;126.0;1;1;19;4;5;120.4;1;0;0;1;0;0;18;0;0;6;8;5;11.8;0;0;6;7;5;10.4;1;16.2;0.3;-0.92;Graduate;594;D;data latih;Berjuang secara akademik
MHS1042;1;18;6;9500;1;1;124.0;1;37;37;9;7;117.8;0;0;0;1;0;1;20;0;0;8;8;7;12.791428571428572;1;0;8;8;7;12.791428571428572;1;10.8;1.4;1.74;Graduate;707;A;data latih;Tidak dipanggil
MHS1043;4;43;1;9670;1;1;150.0;1;37;37;9;6;110.0;0;0;0;1;0;0;40;0;4;8;8;8;11.625;0;3;7;12;5;11.2;0;9.4;-0.8;-3.12;Graduate;584;D;data latih;Berjuang secara akademik
MHS1044;1;1;6;9500;1;1;133.0;1;38;38;9;9;128.8;1;0;0;1;0;1;18;0;0;7;11;6;11.994444444444444;0;0;8;11;7;12.43142857142857;0;15.5;2.8;-4.06;Graduate;713;A;data latih;Tidak dipanggil
MHS1045;1;1;5;9254;1;1;126.0;1;19;19;4;7;116.6;1;0;0;1;0;0;19;0;0;6;9;5;11.6;0;0;6;12;5;12.2;0;13.9;-0.3;0.79;Graduate;621;C;data latih;Tidak dipanggil
MHS1046;1;7;1;9991;0;40;120.0;1;1;19;4;9;120.0;0;0;0;1;0;0;24;0;0;5;5;0;0.0;0;0;5;6;0;0.0;0;12.4;0.5;1.79;Dropout;521;E;data latih;Menghilang dari kelas
MHS1047;1;1;3;9773;1;1;175.0;1;3;38;2;10;157.5;1;0;0;1;0;0;19;0;0;6;8;6;13.166666666666666;0;0;6;7;6;13.166666666666666;0;10.8;1.4;1.74;Dropout;692;B;data latih;Tidak dipanggil
MHS1048;1;1;6;9500;1;1;141.0;1;2;1;4;4;136.3;1;0;0;1;0;0;19;0;0;8;8;7;14.1;0;0;8;8;7;14.1;0;10.8;1.4;1.74;Graduate;704;A;data uji;Tidak dipanggil
MHS1049;1;1;1;9500;1;1;133.0;1;1;19;9;6;121.5;1;0;0;1;0;1;20;0;0;7;8;6;12.396666666666668;0;0;8;9;7;12.94285714285714;0;11.1;0.6;2.02;Graduate;721;A;data latih;Tidak dipanggil
MHS1050;1;1;1;9500;1;1;143.0;1;38;38;5;5;133.9;0;0;0;1;0;0;18;0;0;7;7;7;15.014285714285714;0;0;8;8;8;16.0875;0;12.4;0.5;1.79;Graduate;706;A;data latih;Tidak dipanggil
MHS1051;1;1;1;171;1;1;141.0;1;1;38;4;8;136.8;1;0;0;1;0;1;18;0;0;0;0;0;0.0;0;0;0;0;0;0.0;0;13.9;-0.3;0.79;Graduate;591;D;data latih;Menghilang dari kelas
MHS1052;1;17;2;9500;1;1;134.0;1;19;37;4;7;133.5;1;0;0;1;0;0;19;0;0;7;8;7;14.05;0;0;8;8;8;15.1;0;13.9;-0.3;0.79;Graduate;697;A;data latih;Tidak dipanggil
MHS1053;1;17;3;9500;1;1;138.0;1;3;3;4;5;130.0;1;0;0;1;0;0;18;0;0;7;8;7;14.85;0;0;8;8;8;15.2;0;13.9;-0.3;0.79;Dropout;699;A;data uji;Tidak dipanggil
MHS1054;1;44;1;9085;1;39;140.0;1;3;3;2;2;140.0;1;0;0;1;0;0;19;0;0;6;10;6;13.0;0;0;6;19;5;13.0;0;12.4;0.5;1.79;Graduate;647;C;data latih;Tidak dipanggil
MHS1055;1;1;2;9500;1;1;142.0;1;37;37;9;7;132.7;1;0;0;1;0;1;19;0;0;7;8;7;14.7875;0;0;8;8;8;15.8625;0;13.9;-0.3;0.79;Graduate;733;A;data latih;Tidak dipanggil
MHS1056;1;1;1;9500;1;1;118.0;1;19;19;5;7;117.8;0;0;0;1;0;1;19;0;0;7;7;7;13.7;0;0;8;9;7;14.671428571428574;0;12.4;0.5;1.79;Graduate;731;A;data latih;Tidak dipanggil
MHS1057;1;1;2;9500;1;1;131.0;1;1;37;4;4;126.1;1;0;0;1;0;1;19;0;0;7;7;7;12.495714285714286;0;0;8;9;7;12.242857142857144;0;11.1;0.6;2.02;Dropout;718;A;data latih;Tidak dipanggil
MHS1058;1;1;1;9500;1;1;130.0;1;1;38;1;7;120.0;0;0;0;1;0;0;19;0;0;7;7;6;14.566666666666668;0;0;7;7;6;14.566666666666668;0;7.6;2.6;0.32;Graduate;706;A;data latih;Tidak dipanggil
MHS1059;1;39;1;9670;1;12;133.1;1;1;19;1;5;100.0;1;0;1;0;0;0;25;0;0;5;5;5;11.2;0;0;5;5;4;11.25;0;9.4;-0.8;-3.12;Dropout;458;E;data latih;Terhalang biaya
MHS1060;1;1;1;9500;1;1;130.0;1;19;19;4;10;116.8;0;0;0;1;0;0;20;0;0;8;8;7;12.685714285714283;0;0;8;8;7;12.685714285714283;0;12.7;3.7;-1.7;Graduate;687;B;data uji;Tidak dipanggil
MHS1061;1;53;1;9238;1;42;130.0;1;1;19;5;5;128.3;0;0;1;0;0;0;23;0;5;9;12;7;13.571428571428571;0;4;9;14;4;13.25;0;8.9;1.4;3.51;Dropout;538;E;data latih;Terhalang biaya
MHS1062;1;1;1;9070;1;1;133.1;1;19;19;7;7;117.0;0;0;0;1;0;0;20;0;0;6;0;0;0.0;0;0;6;0;0;0.0;0;15.5;2.8;-4.06;Dropout;564;D;data latih;Menghilang dari kelas
MHS1063;1;39;1;8014;0;1;130.0;1;37;11;9;10;131.5;0;0;0;1;0;0;27;0;0;6;8;5;11.0;0;0;6;7;6;11.166666666666666;0;11.1;0.6;2.02;Graduate;601;C;data latih;Tidak dipanggil
MHS1064;1;1;1;9500;1;1;149.0;1;19;1;4;4;134.8;0;0;0;1;0;0;18;0;0;8;8;8;14.445;0;0;8;8;8;14.445;0;9.4;-0.8;-3.12;Graduate;706;A;data latih;Tidak dipanggil
MHS1065;1;1;1;9853;1;1;163.0;1;19;1;5;10;146.6;1;0;1;1;0;0;18;0;0;6;9;5;13.6;0;0;6;10;4;11.75;0;9.4;-0.8;-3.12;Enrolled;574;D;mahasiswa aktif;Berjuang secara akademik
MHS1066;1;7;1;8014;0;40;130.0;1;19;1;5;10;130.0;1;0;1;0;0;0;23;0;7;12;12;11;14.0;0;4;10;11;8;14.625;0;13.9;-0.3;0.79;Dropout;560;D;data latih;Terhalang biaya
MHS1067;1;1;6;9500;1;1;145.0;1;38;37;5;6;127.5;1;0;0;1;0;1;19;0;0;7;7;6;13.416666666666666;0;0;7;7;6;13.416666666666666;0;7.6;2.6;0.32;Graduate;728;A;data latih;Tidak dipanggil
MHS1068;1;1;1;9147;1;1;130.0;1;37;38;3;3;123.0;0;0;0;1;0;0;18;0;0;5;8;5;12.333333333333334;2;0;5;7;5;11.4;0;15.5;2.8;-4.06;Graduate;601;C;data latih;Tidak dipanggil
MHS1069;1;43;1;9500;1;1;128.0;1;1;19;9;8;100.0;1;0;0;1;0;0;20;0;0;7;8;7;13.1;0;0;8;8;8;14.8125;0;13.9;-0.3;0.79;Graduate;687;B;data latih;Tidak dipanggil
MHS1070;1;1;2;9670;1;1;111.0;1;19;19;9;9;114.2;1;0;0;1;0;0;18;0;0;6;9;4;13.2;0;0;6;10;5;12.8;0;12.4;0.5;1.79;Graduate;633;C;data latih;Tidak dipanggil
MHS1071;1;1;1;9500;1;1;140.0;1;1;1;4;4;123.5;1;0;0;1;0;1;19;0;0;8;8;8;14.75;0;0;8;8;8;14.75;0;9.4;-0.8;-3.12;Graduate;733;A;data latih;Tidak dipanggil
MHS1072;1;44;1;9238;1;39;140.0;1;19;19;8;8;144.3;1;0;0;1;0;1;19;0;3;6;7;6;13.142857142857142;0;2;6;6;6;14.333333333333334;0;12.4;0.5;1.79;Graduate;724;A;data latih;Tidak dipanggil
MHS1073;1;1;1;9853;1;1;145.0;1;38;37;5;5;142.2;0;0;0;1;0;0;19;0;0;6;9;4;12.5;0;0;6;9;5;12.5;0;9.4;-0.8;-3.12;Enrolled;622;C;mahasiswa aktif;Tidak dipanggil
MHS1074;1;1;1;9085;1;1;151.0;1;3;3;1;90;161.9;0;0;0;1;0;0;18;0;0;5;6;4;13.75;0;0;5;8;5;14.857142857142858;0;7.6;2.6;0.32;Graduate;648;C;data uji;Tidak dipanggil
MHS1075;1;1;1;9238;1;1;132.0;1;37;37;9;5;135.9;0;0;0;1;0;0;18;0;0;6;11;5;12.4;0;0;6;7;6;13.0;0;9.4;-0.8;-3.12;Graduate;681;B;data latih;Tidak dipanggil
MHS1076;1;1;2;9773;1;1;116.0;1;19;19;4;7;110.1;1;0;0;1;0;0;18;0;0;6;6;6;13.333333333333334;0;0;6;6;6;12.0;0;11.1;0.6;2.02;Graduate;689;B;data latih;Tidak dipanggil
MHS1077;1;2;1;9853;1;1;120.0;1;19;38;9;9;122.5;0;0;0;0;0;0;28;0;11;11;11;11;11.727272727272728;0;8;8;8;8;12.0;0;15.5;2.8;-4.06;Dropout;569;D;data uji;Terhalang biaya
MHS1078;1;17;1;9254;1;1;158.0;1;37;37;5;9;138.1;1;0;0;1;0;0;19;0;0;6;8;4;12.5;0;0;6;11;1;14.0;0;7.6;2.6;0.32;Dropout;631;C;data latih;Tidak dipanggil
MHS1079;1;43;1;171;1;1;116.0;1;3;1;2;3;117.3;1;0;1;1;0;0;20;0;0;0;0;0;0.0;0;0;0;0;0;0.0;0;13.9;-0.3;0.79;Dropout;519;E;data latih;Menghilang dari kelas
MHS1080;1;1;2;9500;1;1;112.0;1;1;37;4;9;106.8;1;0;0;1;0;1;19;0;0;7;8;6;13.533333333333331;0;0;8;9;7;13.614285714285714;0;12.4;0.5;1.79;Graduate;726;A;data latih;Tidak dipanggil
MHS1081;1;1;1;9070;1;1;126.0;1;1;19;4;0;120.1;0;1;0;1;0;1;20;0;0;6;6;6;13.166666666666666;0;0;6;6;6;12.666666666666666;0;11.1;0.6;2.02;Graduate;716;A;data latih;Tidak dipanggil
MHS1082;1;1;2;9254;1;1;120.0;1;19;19;9;9;116.5;1;0;0;1;0;1;19;0;0;6;9;5;13.2;0;0;6;8;5;11.0;0;12.4;0.5;1.79;Graduate;633;C;data latih;Tidak dipanggil
MHS1083;1;51;1;9070;1;1;117.0;1;5;1;2;10;120.0;1;0;0;1;0;0;21;0;0;6;7;5;12.2;0;0;6;7;4;12.6;0;8.9;1.4;3.51;Enrolled;622;C;mahasiswa aktif;Tidak dipanggil
MHS1084;1;1;1;9853;1;1;153.0;1;1;19;9;4;139.7;1;0;0;1;0;1;19;0;0;7;7;7;13.428571428571429;0;0;7;7;7;14.857142857142858;0;11.1;0.6;2.02;Graduate;715;A;data latih;Tidak dipanggil
MHS1085;1;1;2;9070;1;1;124.0;1;19;1;9;3;123.7;1;0;0;1;0;1;18;0;1;6;8;6;12.714285714285714;1;0;6;8;6;12.625;0;13.9;-0.3;0.79;Graduate;717;A;data latih;Tidak dipanggil
MHS1086;1;17;2;9130;1;1;127.0;1;3;1;2;1;116.5;0;0;0;1;0;0;19;0;0;6;0;0;0.0;0;0;6;0;0;0.0;0;15.5;2.8;-4.06;Dropout;546;E;data latih;Menghilang dari kelas
MHS1087;1;17;1;9670;1;1;126.0;1;12;38;9;5;122.2;0;0;0;1;0;1;19;0;0;6;6;6;13.666666666666666;0;0;6;9;6;13.666666666666666;0;8.9;1.4;3.51;Graduate;711;A;data uji;Tidak dipanggil
MHS1088;1;1;1;9773;1;1;133.1;1;38;19;132;103;146.0;0;0;1;1;0;0;20;0;0;6;6;5;11.0;0;0;6;6;6;13.166666666666666;0;16.2;0.3;-0.92;Graduate;638;C;data latih;Tidak dipanggil
MHS1089;1;17;2;9853;1;1;114.0;1;1;1;4;0;108.8;1;0;0;1;0;0;18;0;0;7;11;5;11.4;0;0;7;9;6;13.333333333333334;0;13.9;-0.3;0.79;Enrolled;652;C;mahasiswa aktif;Tidak dipanggil
MHS1090;1;43;1;171;1;1;133.0;1;19;19;5;7;133.0;0;0;0;1;0;0;18;0;0;0;0;0;0.0;0;0;0;0;0;0.0;0;15.5;2.8;-4.06;Enrolled;549;E;mahasiswa aktif;Menghilang dari kelas
MHS1091;1;17;1;9130;1;1;130.0;1;1;1;4;5;123.8;0;0;0;1;0;0;18;0;0;5;7;4;12.0;0;0;5;6;5;12.0;0;7.6;2.6;0.32;Graduate;608;C;data latih;Tidak dipanggil
MHS1092;1;17;3;9773;1;1;127.0;1;19;19;5;8;120.0;0;0;0;1;0;0;18;0;0;6;6;0;0.0;0;0;6;0;0;0.0;0;8.9;1.4;3.51;Dropout;559;D;data latih;Menghilang dari kelas
MHS1093;1;17;3;9238;1;1;143.0;1;37;38;0;7;126.9;1;0;0;1;0;0;18;0;0;6;14;5;11.0;0;0;6;6;6;11.666666666666666;0;7.6;2.6;0.32;Graduate;635;C;data latih;Tidak dipanggil
MHS1094;1;18;4;9773;1;1;130.0;1;19;19;4;4;121.3;1;0;0;1;0;0;20;0;0;6;12;5;12.0;0;0;6;8;6;11.571428571428571;0;15.5;2.8;-4.06;Dropout;623;C;data latih;Tidak dipanggil
MHS1095;1;17;3;9500;1;1;136.0;1;19;1;9;9;129.0;1;0;0;1;0;1;19;0;0;7;7;7;13.308571428571428;0;0;8;10;8;12.55;0;12.4;0.5;1.79;Graduate;714;A;data latih;Tidak dipanggil
MHS1096;1;1;1;9853;1;1;125.0;1;37;37;9;9;114.9;1;0;1;0;0;0;21;0;0;6;8;3;13.666666666666666;0;0;6;7;3;10.666666666666666;0;15.5;2.8;-4.06;Dropout;493;E;data latih;Terhalang biaya
MHS1097;1;17;1;9670;1;3;110.0;1;12;3;5;8;106.5;1;0;1;0;0;0;20;0;0;6;6;0;0.0;0;0;6;9;0;0.0;0;10.8;1.4;1.74;Dropout;449;E;data latih;Terhalang biaya
MHS1098;1;1;1;9254;1;1;130.0;1;37;38;9;9;133.9;1;0;0;1;0;0;18;0;0;6;10;5;12.2;0;0;6;8;4;11.25;0;9.4;-0.8;-3.12;Graduate;603;C;data latih;Tidak dipanggil
MHS1099;1;1;1;9773;1;1;135.0;1;1;4;5;3;124.9;0;0;0;1;0;1;20;0;0;6;7;6;12.666666666666666;0;0;6;6;6;12.833333333333334;0;10.8;1.4;1.74;Graduate;716;A;data latih;Tidak dipanggil
MHS1100;1;1;2;9500;1;1;133.0;1;19;37;1;9;128.5;1;0;0;1;0;1;19;0;0;8;8;8;14.07125;0;0;8;8;8;14.07125;0;9.4;-0.8;-3.12;Graduate;733;A;data latih;Tidak dipanggil
MHS1101;1;1;1;9085;1;6;122.0;1;19;19;9;9;126.2;1;0;0;1;0;0;22;0;0;5;14;4;14.25;3;0;5;9;5;13.2;4;9.4;-0.8;-3.12;Dropout;630;C;data uji;Tidak dipanggil
MHS1102;1;17;1;9130;1;1;122.0;1;19;19;9;9;121.7;1;0;0;0;0;0;22;0;0;6;0;0;0.0;0;0;2;2;0;0.0;2;9.4;-0.8;-3.12;Dropout;458;E;data latih;Menghilang dari kelas
MHS1103;1;1;2;9853;1;1;121.0;1;38;38;7;5;120.0;1;0;0;1;0;0;18;0;0;6;10;3;12.0;0;0;6;8;4;10.25;0;10.8;1.4;1.74;Enrolled;590;D;mahasiswa aktif;Berjuang secara akademik
MHS1104;1;43;1;9147;1;1;123.0;1;3;19;9;9;113.2;0;0;0;1;0;0;21;0;3;10;18;6;11.166666666666666;2;4;10;16;7;10.571428571428571;0;7.6;2.6;0.32;Enrolled;628;C;mahasiswa aktif;Tidak dipanggil
MHS1105;1;1;1;9238;1;1;128.0;1;19;19;0;5;120.3;1;0;0;1;0;0;19;0;0;6;12;2;13.0;0;0;6;8;5;11.6;0;7.6;2.6;0.32;Graduate;613;C;data latih;Tidak dipanggil
MHS1106;1;1;4;171;1;1;139.0;1;37;38;9;9;127.8;1;0;0;1;0;0;19;0;0;0;0;0;0.0;0;0;0;0;0;0.0;0;10.8;1.4;1.74;Dropout;560;D;data latih;Menghilang dari kelas
MHS1107;1;1;2;9500;1;1;124.0;1;34;34;0;0;123.3;1;0;0;1;0;1;20;0;0;8;8;7;14.901428571428571;1;0;8;8;7;14.901428571428571;1;9.4;-0.8;-3.12;Dropout;731;A;data latih;Tidak dipanggil
MHS1108;1;1;3;9500;1;1;135.0;1;38;19;8;8;126.3;1;0;1;1;0;1;18;0;0;7;8;7;12.65;0;0;8;9;8;12.445555555555554;0;15.5;2.8;-4.06;Graduate;694;B;data latih;Tidak dipanggil
MHS1109;1;51;1;9991;0;42;110.0;1;19;37;5;9;128.2;0;0;0;0;0;0;22;0;7;12;12;7;11.0;0;5;5;5;5;10.6;0;8.9;1.4;3.51;Dropout;507;E;data uji;Terhalang biaya
MHS1110;1;17;4;9085;1;1;138.0;1;19;36;90;7;134.9;1;0;0;1;0;0;20;0;0;5;7;4;12.4;0;0;5;9;5;12.666666666666666;0;7.6;2.6;0.32;Graduate;622;C;data latih;Tidak dipanggil
MHS1111;1;44;1;9003;1;39;140.0;1;38;38;6;6;140.0;0;0;0;1;0;0;19;0;0;6;7;6;12.0;0;0;6;7;6;12.666666666666666;0;12.4;0.5;1.79;Graduate;663;B;data latih;Tidak dipanggil
MHS1112;1;1;5;9500;1;1;126.0;1;1;19;6;7;115.5;1;0;0;1;0;1;19;0;0;7;8;7;12.135714285714286;0;0;8;10;7;13.328571428571427;0;12.4;0.5;1.79;Graduate;723;A;data latih;Tidak dipanggil
MHS1113;1;1;2;9500;1;1;113.0;1;38;19;9;7;106.7;1;0;0;1;0;1;20;0;0;7;10;5;12.62;0;0;7;8;6;12.5;0;11.1;0.6;2.02;Enrolled;702;A;mahasiswa aktif;Tidak dipanggil
MHS1114;1;39;1;9991;0;1;120.0;1;38;38;3;3;140.0;0;0;0;1;0;0;25;0;0;5;11;3;10.666666666666666;0;0;5;11;3;11.333333333333334;0;15.5;2.8;-4.06;Enrolled;555;D;mahasiswa aktif;Berjuang secara akademik
MHS1115;1;1;1;9500;1;1;145.0;1;19;19;9;7;136.6;0;0;0;1;0;1;19;0;0;7;12;6;13.766666666666666;0;0;8;10;7;14.051428571428572;0;15.5;2.8;-4.06;Graduate;733;A;data uji;Tidak dipanggil
MHS1116;1;18;1;9500;1;1;124.0;1;38;37;9;7;119.3;1;0;0;1;0;0;19;0;0;8;8;8;13.11625;0;0;8;8;8;13.11625;0;9.4;-0.8;-3.12;Graduate;688;B;data latih;Tidak dipanggil
MHS1117;1;1;1;9070;1;1;160.0;1;3;38;1;9;152.0;1;0;0;0;0;0;19;0;0;5;5;0;0.0;0;0;6;0;0;0.0;0;10.8;1.4;1.74;Dropout;489;E;data latih;Menghilang dari kelas
MHS1118;1;1;1;9500;1;1;138.0;1;38;19;9;5;144.3;0;0;0;1;0;0;20;0;0;7;9;6;12.7;0;0;8;8;7;13.571428571428571;0;13.9;-0.3;0.79;Graduate;692;B;data uji;Tidak dipanggil
MHS1119;1;39;2;9556;1;1;130.0;1;37;37;9;9;159.0;1;0;0;1;0;0;25;0;0;7;11;7;11.857142857142858;0;0;8;21;5;11.7;0;12.4;0.5;1.79;Enrolled;574;D;mahasiswa aktif;Berjuang secara akademik
MHS1120;1;17;1;9500;1;1;127.0;1;19;38;5;9;129.5;1;0;0;1;0;1;20;0;0;7;7;6;12.333333333333334;0;0;7;7;6;12.333333333333334;0;7.6;2.6;0.32;Graduate;711;A;data uji;Tidak dipanggil
MHS1121;1;39;1;9238;1;1;170.0;1;38;19;9;9;140.0;1;0;0;1;0;0;24;0;0;6;9;4;15.75;0;0;6;10;5;16.4;0;9.4;-0.8;-3.12;Enrolled;619;C;mahasiswa aktif;Tidak dipanggil
MHS1122;1;1;3;9670;1;1;111.0;1;1;1;5;5;105.4;0;0;0;1;0;0;20;0;0;5;6;5;13.333333333333334;0;0;5;6;5;13.2;0;7.6;2.6;0.32;Graduate;634;C;data latih;Tidak dipanggil
MHS1123;1;42;1;9500;1;1;100.0;1;1;19;4;8;136.0;1;0;0;1;0;0;21;0;4;7;9;7;14.355555555555554;0;5;8;8;8;13.49375;0;15.5;2.8;-4.06;Graduate;688;B;data latih;Tidak dipanggil
MHS1124;1;44;1;9003;1;39;160.0;1;37;38;9;9;160.0;0;0;1;1;0;1;19;0;0;6;8;6;13.0;0;0;6;11;5;13.0;0;15.5;2.8;-4.06;Graduate;644;C;data latih;Tidak dipanggil
MHS1125;1;1;1;9773;1;1;152.0;1;38;37;9;9;139.1;0;0;0;1;0;1;19;0;0;6;6;6;12.833333333333334;0;0;6;6;6;13.5;0;16.2;0.3;-0.92;Graduate;721;A;data latih;Tidak dipanggil
MHS1126;1;1;2;9670;1;1;144.0;1;37;38;9;9;126.9;0;0;0;1;0;1;21;0;0;5;5;5;13.2;0;0;5;5;4;13.0;0;9.4;-0.8;-3.12;Graduate;663;B;data latih;Tidak dipanggil
MHS1127;1;39;1;9500;1;3;133.8;1;3;37;2;10;184.0;0;0;0;1;0;0;28;0;0;7;9;7;17.005555555555556;0;1;8;9;8;16.582222222222224;0;15.5;2.8;-4.06;Graduate;671;B;data latih;Tidak dipanggil
MHS1128;1;1;1;9238;1;1;125.0;1;37;38;9;9;125.0;1;0;1;0;0;1;19;0;0;6;8;5;10.6;0;0;6;8;5;11.0;0;10.8;1.4;1.74;Graduate;529;E;data latih;Terhalang biaya
MHS1129;1;1;1;9147;1;1;150.0;1;37;37;9;6;138.5;0;0;0;1;0;1;18;0;0;5;5;5;14.0;0;0;5;6;5;13.6;0;12.4;0.5;1.79;Graduate;667;B;data uji;Tidak dipanggil
MHS1130;5;17;5;9500;1;1;143.0;1;37;38;5;8;133.5;1;0;0;1;0;1;18;0;0;8;8;7;12.114285714285714;0;0;8;8;7;12.114285714285714;0;12.7;3.7;-1.7;Graduate;713;A;data latih;Tidak dipanggil
MHS1131;1;1;3;9500;1;1;145.0;1;19;37;7;7;141.5;1;0;0;1;0;1;18;0;0;8;8;8;13.05875;0;0;8;8;8;13.05875;0;9.4;-0.8;-3.12;Graduate;728;A;data latih;Tidak dipanggil
MHS1132;1;42;1;9500;1;1;120.0;1;1;2;9;3;130.0;1;0;0;1;0;0;22;0;4;8;8;7;13.285714285714286;0;4;8;8;7;13.285714285714286;0;12.7;3.7;-1.7;Graduate;677;B;data latih;Tidak dipanggil
MHS1133;1;1;1;9147;1;1;138.0;1;37;37;194;171;131.0;1;0;0;1;0;0;19;0;0;5;9;4;11.0;0;0;5;8;3;10.666666666666666;0;12.4;0.5;1.79;Enrolled;592;D;mahasiswa aktif;Berjuang secara akademik
MHS1134;1;1;1;9500;1;1;145.0;1;19;1;9;5;145.0;0;0;0;1;0;1;18;0;0;7;7;7;14.071428571428571;0;0;8;8;8;15.1625;0;13.9;-0.3;0.79;Graduate;735;A;data latih;Tidak dipanggil
MHS1135;1;17;1;9254;1;1;122.0;1;37;37;5;6;114.3;0;0;0;0;0;0;20;0;0;6;0;0;0.0;0;0;6;0;0;0.0;0;15.5;2.8;-4.06;Dropout;475;E;data latih;Menghilang dari kelas
MHS1136;1;44;1;171;1;39;110.0;1;37;37;5;6;108.3;0;0;0;0;0;0;26;0;4;9;9;4;11.25;0;3;10;12;3;11.0;0;12.4;0.5;1.79;Dropout;497;E;data latih;Terhalang biaya
MHS1137;1;1;3;9070;1;1;136.0;1;37;38;9;9;125.2;1;0;0;1;0;1;18;0;0;6;6;6;14.0;0;0;6;8;6;13.625;0;10.8;1.4;1.74;Graduate;727;A;data latih;Tidak dipanggil
MHS1138;1;1;1;9254;1;1;145.0;1;1;38;4;9;131.7;1;0;0;1;0;1;21;0;0;6;8;6;12.166666666666666;0;0;6;11;3;11.666666666666666;0;10.8;1.4;1.74;Dropout;644;C;data latih;Tidak dipanggil
MHS1139;1;17;4;9500;1;1;141.0;1;38;37;3;3;126.3;1;0;0;1;0;0;18;0;0;8;8;7;13.297142857142855;0;0;8;8;7;13.297142857142855;0;10.8;1.4;1.74;Graduate;692;B;data uji;Tidak dipanggil
MHS1140;1;1;1;9085;1;1;149.0;1;19;19;4;6;147.6;1;0;0;1;0;0;20;0;0;6;14;6;13.923076923076923;0;0;6;9;6;14.25;0;15.5;2.8;-4.06;Graduate;697;A;data latih;Tidak dipanggil
MHS1141;1;1;6;9500;1;1;130.0;1;38;19;5;6;125.1;1;0;0;1;0;0;18;0;0;7;11;7;13.37;0;0;8;13;7;12.833333333333334;0;15.5;2.8;-4.06;Graduate;699;A;data uji;Tidak dipanggil
MHS1142;1;17;6;9147;1;1;121.0;1;19;38;7;9;123.8;0;0;0;1;0;1;19;0;0;5;5;5;12.4;0;0;5;8;3;11.0;0;12.7;3.7;-1.7;Enrolled;621;C;mahasiswa aktif;Tidak dipanggil
MHS1143;1;1;1;9670;1;1;128.0;1;1;1;2;2;130.8;1;0;0;1;0;0;20;0;0;5;5;4;15.0;0;0;5;5;4;13.75;0;7.6;2.6;0.32;Dropout;636;C;data latih;Tidak dipanggil
MHS1144;1;1;1;9853;1;1;152.0;1;19;19;9;5;154.1;0;0;1;1;0;1;18;0;0;6;6;6;13.333333333333334;0;0;6;7;6;12.571428571428571;0;12.7;3.7;-1.7;Graduate;683;B;data uji;Tidak dipanggil
MHS1145;1;16;2;9147;1;1;132.0;1;37;37;9;9;122.6;1;0;0;1;0;1;20;0;0;5;8;3;12.0;0;0;5;9;4;12.625;0;10.8;1.4;1.74;Enrolled;637;C;mahasiswa aktif;Tidak dipanggil
MHS1146;1;1;2;8014;0;1;107.0;1;19;11;0;0;103.5;1;0;0;1;0;0;22;0;0;6;7;5;13.4;0;0;6;9;5;12.2;0;7.6;2.6;0.32;Graduate;623;C;data latih;Tidak dipanggil
MHS1147;1;1;1;171;1;1;131.0;1;19;38;4;5;132.8;1;0;0;1;0;0;18;0;0;0;0;0;0.0;0;0;0;0;0;0.0;0;7.6;2.6;0.32;Enrolled;562;D;mahasiswa aktif;Menghilang dari kelas
MHS1148;1;51;1;9991;0;1;141.0;1;19;38;5;7;100.0;0;0;0;1;0;0;21;0;1;5;9;4;11.5;0;1;5;5;5;11.4;0;8.9;1.4;3.51;Graduate;577;D;data latih;Berjuang secara akademik
MHS1149;1;18;2;9853;1;1;120.0;1;1;1;9;0;115.8;0;0;0;1;0;0;18;0;0;7;12;6;12.0;0;0;7;11;6;12.166666666666666;0;13.9;-0.3;0.79;Enrolled;661;B;mahasiswa aktif;Tidak dipanggil
MHS1150;1;1;1;9500;1;1;148.0;1;19;19;4;4;133.8;0;0;0;1;0;0;18;0;0;8;8;7;13.485714285714284;0;0;8;8;7;13.485714285714284;0;12.7;3.7;-1.7;Graduate;699;A;data latih;Tidak dipanggil
MHS1151;1;1;1;9070;1;1;130.0;1;12;19;4;5;118.5;0;1;0;1;0;1;18;0;0;6;6;6;12.0;0;0;6;8;6;11.285714285714286;0;8.9;1.4;3.51;Graduate;683;B;data latih;Tidak dipanggil
MHS1152;1;17;1;171;1;1;145.0;1;37;37;9;1;150.3;1;0;0;1;0;0;19;0;0;0;0;0;0.0;0;0;0;0;0;0.0;0;15.5;2.8;-4.06;Dropout;553;D;data latih;Menghilang dari kelas
MHS1153;1;17;3;9147;1;1;112.0;1;1;19;3;5;107.8;1;0;0;1;0;0;19;0;0;5;7;3;10.333333333333334;0;0;5;11;3;14.428571428571429;0;10.8;1.4;1.74;Enrolled;607;C;mahasiswa aktif;Tidak dipanggil
MHS1154;1;1;1;9500;1;1;138.0;1;38;1;9;4;127.5;1;0;0;1;0;0;19;0;0;7;10;5;12.94;0;0;7;7;5;13.76;0;16.2;0.3;-0.92;Enrolled;646;C;mahasiswa aktif;Tidak dipanggil
MHS1155;1;1;3;9500;1;1;135.0;1;1;37;7;7;120.5;1;0;0;1;0;0;19;0;0;8;11;7;13.258571428571427;0;0;8;11;7;13.258571428571427;0;10.8;1.4;1.74;Graduate;697;A;data latih;Tidak dipanggil
MHS1156;1;1;1;9147;1;1;118.0;1;1;2;10;10;117.3;1;0;0;1;0;0;19;0;0;5;9;4;12.25;0;0;5;10;4;12.0;0;8.9;1.4;3.51;Enrolled;626;C;mahasiswa aktif;Tidak dipanggil
MHS1157;1;17;1;9254;1;1;123.0;1;38;37;9;7;120.6;1;0;0;0;0;0;19;0;0;6;9;3;11.666666666666666;0;0;6;15;1;10.0;0;10.8;1.4;1.74;Dropout;510;E;data latih;Terhalang biaya
MHS1158;1;16;4;9254;1;1;126.0;1;38;37;9;7;118.7;1;0;0;1;0;1;21;0;0;6;7;6;13.571428571428571;0;0;6;6;6;12.5;0;8.9;1.4;3.51;Graduate;702;A;data latih;Tidak dipanggil
MHS1159;1;1;2;9773;1;1;150.0;41;1;37;9;7;130.8;0;0;0;1;0;1;20;1;0;6;9;5;11.8;0;0;6;9;5;11.833333333333334;0;15.5;2.8;-4.06;Graduate;651;C;data latih;Tidak dipanggil
MHS1160;1;1;1;9147;1;1;121.0;1;19;19;3;9;112.6;1;0;0;1;0;1;20;0;0;5;7;5;14.2;0;0;5;7;5;13.285714285714286;0;11.1;0.6;2.02;Graduate;663;B;data latih;Tidak dipanggil
MHS1161;1;39;1;9991;0;19;133.1;1;37;37;9;9;117.2;0;0;0;1;0;0;41;0;0;5;8;5;11.0;0;0;5;6;5;11.8;1;7.6;2.6;0.32;Graduate;553;D;data latih;Berjuang secara akademik
MHS1162;4;7;1;9500;1;40;130.0;1;37;37;3;3;130.0;1;0;0;1;0;0;32;0;0;7;16;4;13.625;0;0;7;8;7;12.6375;0;12.4;0.5;1.79;Enrolled;640;C;mahasiswa aktif;Tidak dipanggil
MHS1163;1;17;3;9500;1;1;139.0;1;38;1;9;5;131.8;1;0;0;1;0;0;18;0;0;8;8;7;14.652857142857142;0;0;8;8;7;14.652857142857142;0;10.8;1.4;1.74;Graduate;699;A;data latih;Tidak dipanggil
MHS1164;4;39;1;8014;0;1;160.0;1;37;37;3;4;97.0;0;0;0;1;0;1;35;0;0;6;9;6;11.333333333333334;0;0;6;6;6;11.333333333333334;0;15.5;2.8;-4.06;Graduate;644;C;data uji;Tidak dipanggil
MHS1165;1;39;1;9500;1;1;110.0;1;37;37;9;9;130.0;0;0;1;0;0;0;32;0;0;7;12;4;13.7;0;0;7;7;0;0.0;0;16.2;0.3;-0.92;Dropout;476;E;data latih;Terhalang biaya
MHS1166;1;39;1;8014;0;40;140.0;1;19;37;5;9;148.0;0;0;0;1;0;0;37;0;7;11;11;11;13.727272727272728;0;4;8;8;8;14.75;0;12.4;0.5;1.79;Graduate;662;B;data latih;Tidak dipanggil
MHS1167;2;39;2;9147;1;3;130.0;1;3;37;9;9;103.4;0;0;0;1;0;0;30;0;4;7;9;7;11.75;0;3;8;12;7;11.142857142857142;0;12.7;3.7;-1.7;Dropout;608;C;data latih;Tidak dipanggil
MHS1168;1;43;2;9773;1;1;132.0;1;19;19;0;0;127.1;0;0;0;1;1;0;23;0;0;6;9;6;12.333333333333334;0;0;6;11;5;13.0;0;7.6;2.6;0.32;Graduate;628;C;data latih;Tidak dipanggil
MHS1169;1;17;2;9773;1;1;139.0;1;3;1;2;7;124.0;1;0;0;1;0;1;20;0;0;6;6;6;14.0;0;0;6;7;6;13.857142857142858;0;15.5;2.8;-4.06;Dropout;719;A;data latih;Tidak dipanggil
MHS1170;1;1;1;9670;1;1;135.0;1;19;37;5;7;121.4;0;0;0;1;1;0;21;0;0;5;7;4;11.5;0;0;5;6;4;11.75;0;9.4;-0.8;-3.12;Graduate;592;D;data uji;Berjuang secara akademik
MHS1171;1;1;1;9147;1;1;117.0;1;38;19;5;7;118.1;0;0;0;1;1;0;19;0;0;5;6;5;11.2;0;0;5;5;5;13.2;0;12.4;0.5;1.79;Graduate;624;C;data latih;Tidak dipanggil
MHS1172;1;17;4;9500;1;1;137.0;1;1;19;4;3;121.3;1;0;0;1;1;1;18;0;0;8;8;7;15.07;0;0;8;8;7;15.07;0;10.8;1.4;1.74;Graduate;728;A;data latih;Tidak dipanggil
MHS1173;1;42;1;9119;1;1;144.0;1;34;34;0;0;119.5;0;0;0;1;1;0;18;0;0;5;6;1;10.0;0;0;5;7;1;12.0;0;10.8;1.4;1.74;Dropout;563;D;data latih;Berjuang secara akademik
MHS1174;1;39;1;9991;0;1;130.0;1;1;1;4;10;115.2;0;0;0;1;1;0;24;0;0;5;5;4;12.0;0;0;5;6;5;12.666666666666666;0;12.4;0.5;1.79;Enrolled;582;D;mahasiswa aktif;Berjuang secara akademik
MHS1175;1;18;1;9670;1;1;140.0;1;1;37;9;9;130.2;1;0;0;1;1;0;22;0;0;6;11;4;13.0;0;0;6;11;4;12.6;0;12.7;3.7;-1.7;Graduate;611;C;data latih;Tidak dipanggil
MHS1176;1;17;4;9254;1;1;130.0;1;19;1;5;5;130.0;1;0;0;1;1;0;18;0;0;6;7;4;11.0;0;0;6;7;3;11.25;0;16.2;0.3;-0.92;Dropout;589;D;data uji;Berjuang secara akademik
MHS1177;1;16;2;9238;1;1;130.0;1;37;37;5;6;126.9;1;0;0;1;0;0;18;0;0;6;8;6;13.571428571428571;0;0;6;11;5;12.166666666666666;0;9.4;-0.8;-3.12;Graduate;649;C;data latih;Tidak dipanggil
MHS1178;1;1;2;9070;1;1;152.0;101;2;1;9;1;168.5;1;0;0;1;1;0;21;1;0;6;7;5;14.6;0;0;6;6;5;14.2;0;16.2;0.3;-0.92;Graduate;646;C;data latih;Tidak dipanggil
MHS1179;4;39;1;9500;1;1;133.1;1;37;37;9;9;130.0;0;0;1;1;0;0;38;0;0;7;13;3;11.833333333333334;0;0;7;14;2;10.0;0;16.2;0.3;-0.92;Dropout;543;E;data latih;Berjuang secara akademik
MHS1180;1;18;1;9556;1;1;140.0;1;38;37;9;9;122.8;0;0;0;1;0;1;19;0;0;7;11;7;12.625;0;0;8;11;8;12.5125;0;12.7;3.7;-1.7;Graduate;696;A;data uji;Tidak dipanggil
MHS1181;6;39;1;9500;1;1;133.1;1;37;37;9;9;110.0;0;0;0;1;0;0;36;0;0;7;12;4;11.5;0;0;7;14;3;12.333333333333334;0;16.2;0.3;-0.92;Dropout;596;D;data latih;Berjuang secara akademik
MHS1182;1;16;1;9085;1;1;140.0;1;1;1;9;9;127.1;1;0;0;1;0;0;18;0;0;5;8;4;13.25;1;0;5;10;4;10.5;0;12.7;3.7;-1.7;Graduate;600;C;data uji;Tidak dipanggil
MHS1183;1;1;3;9500;1;1;133.1;1;19;19;5;5;108.5;1;0;0;1;0;0;19;0;0;7;9;7;12.60625;0;0;8;12;6;11.9;0;12.4;0.5;1.79;Graduate;691;B;data uji;Tidak dipanggil
MHS1184;1;53;1;9085;1;42;140.0;1;19;38;9;9;138.2;0;0;1;0;0;0;21;0;7;10;15;8;13.75;0;4;9;17;5;13.2;0;8.9;1.4;3.51;Dropout;543;E;data latih;Terhalang biaya
MHS1185;1;1;2;9500;1;1;133.1;1;19;38;192;192;96.0;1;0;0;1;0;0;19;0;0;7;10;6;13.598333333333334;0;0;8;11;6;11.933333333333332;0;11.1;0.6;2.02;Enrolled;694;B;mahasiswa aktif;Tidak dipanggil
MHS1186;1;1;1;9238;1;1;135.0;1;19;19;9;9;124.5;0;0;0;1;0;1;18;0;0;6;11;5;11.142857142857142;0;0;6;8;6;12.285714285714286;0;16.2;0.3;-0.92;Graduate;698;A;data latih;Tidak dipanggil
MHS1187;2;7;1;9500;1;3;120.0;1;37;19;9;7;120.0;1;0;0;1;0;0;45;0;7;11;11;11;12.7;0;6;10;12;10;12.96818181818182;0;13.9;-0.3;0.79;Enrolled;658;B;mahasiswa aktif;Tidak dipanggil
MHS1188;1;17;1;9147;1;1;140.0;1;37;37;9;7;132.3;1;0;0;1;0;0;20;0;0;5;9;1;10.0;0;0;5;10;1;11.0;0;7.6;2.6;0.32;Dropout;550;D;data uji;Berjuang secara akademik
MHS1189;1;17;1;9254;1;1;128.0;1;19;1;5;7;120.7;1;0;1;1;0;0;18;0;0;6;8;6;11.666666666666666;0;0;6;10;4;11.5;0;13.9;-0.3;0.79;Graduate;579;D;data latih;Berjuang secara akademik
MHS1190;1;1;1;9670;1;1;141.0;1;1;19;4;4;132.6;0;0;0;1;0;1;18;0;0;6;8;6;14.0;0;0;6;7;6;13.142857142857142;0;11.1;0.6;2.02;Graduate;722;A;data latih;Tidak dipanggil
MHS1191;1;7;2;9130;1;3;140.0;1;34;34;0;0;140.0;0;0;0;1;0;0;25;0;0;5;9;0;0.0;4;0;5;9;0;0.0;3;10.8;1.4;1.74;Dropout;519;E;data latih;Berjuang secara akademik
MHS1192;1;1;6;9500;1;1;139.0;1;1;1;4;4;124.5;1;0;0;1;0;0;19;0;0;8;9;7;12.04142857142857;0;0;8;9;7;12.04142857142857;0;10.8;1.4;1.74;Graduate;689;B;data latih;Tidak dipanggil
MHS1193;1;1;1;171;1;1;142.0;1;19;19;7;7;142.0;1;0;0;1;0;1;18;0;0;0;0;0;0.0;0;0;0;0;0;0.0;0;13.9;-0.3;0.79;Graduate;591;D;data latih;Menghilang dari kelas
MHS1194;1;7;1;9254;1;40;130.0;1;1;1;3;6;130.0;0;0;0;1;0;0;39;0;12;13;14;13;13.76923076923077;0;9;12;16;12;14.583333333333334;0;13.9;-0.3;0.79;Graduate;658;B;data latih;Tidak dipanggil
MHS1195;2;39;1;9003;1;1;130.0;1;38;37;9;9;144.0;0;0;0;1;0;0;29;0;13;18;20;18;15.444444444444445;0;11;13;13;13;15.307692307692308;0;15.5;2.8;-4.06;Graduate;656;C;data uji;Tidak dipanggil
MHS1196;1;17;1;9853;1;1;125.0;1;19;19;4;7;128.5;1;0;0;1;0;0;18;0;0;7;9;6;11.5;0;0;7;8;7;12.714285714285714;0;13.9;-0.3;0.79;Enrolled;661;B;mahasiswa aktif;Tidak dipanggil
MHS1197;1;7;1;9070;1;3;140.0;1;37;2;9;3;140.0;0;0;0;0;0;0;23;0;0;3;3;2;10.0;0;0;6;0;0;0.0;0;10.8;1.4;1.74;Dropout;473;E;data latih;Menghilang dari kelas
MHS1198;1;42;1;9853;1;1;120.0;1;1;37;5;5;113.9;1;0;0;1;0;0;21;0;0;6;8;4;12.25;0;0;6;13;3;10.333333333333334;0;12.7;3.7;-1.7;Dropout;584;D;data latih;Berjuang secara akademik
MHS1199;1;1;1;9238;1;1;147.0;1;1;19;4;4;137.2;0;0;0;0;0;0;18;0;0;6;6;6;14.5;0;0;6;6;6;15.166666666666666;0;10.8;1.4;1.74;Graduate;630;C;data latih;Tidak dipanggil
MHS1200;1;7;1;9085;1;40;140.0;1;1;19;5;5;140.0;1;0;0;1;0;0;23;0;0;6;7;6;15.571428571428571;0;0;6;8;6;16.375;0;12.4;0.5;1.79;Graduate;665;B;data latih;Tidak dipanggil
MHS1201;1;1;1;9130;1;1;161.0;1;1;19;4;4;152.3;0;0;0;1;0;0;18;0;0;6;7;6;15.571428571428571;0;0;6;7;6;14.714285714285714;0;11.1;0.6;2.02;Graduate;690;B;data latih;Tidak dipanggil
MHS1202;2;39;1;8014;0;19;133.1;1;37;37;4;8;112.5;0;0;0;1;0;0;32;0;0;6;8;5;13.8;0;0;6;7;6;12.166666666666666;0;9.4;-0.8;-3.12;Graduate;638;C;data latih;Tidak dipanggil
MHS1203;2;39;2;9147;1;1;150.0;1;19;37;9;7;101.0;0;0;1;0;0;0;29;0;0;5;8;3;10.666666666666666;0;0;5;14;2;14.8;0;10.8;1.4;1.74;Dropout;491;E;data latih;Terhalang biaya
MHS1204;1;1;6;9238;1;1;113.0;1;1;38;194;163;112.3;1;0;1;1;0;1;20;0;0;6;8;5;11.6;0;0;6;8;4;11.75;0;8.9;1.4;3.51;Graduate;604;C;data uji;Tidak dipanggil
MHS1205;1;39;1;9238;1;1;140.0;1;34;34;0;0;114.0;1;0;0;0;0;0;28;0;0;6;11;1;13.0;0;0;6;12;0;0.0;0;9.4;-0.8;-3.12;Dropout;485;E;data uji;Terhalang biaya
MHS1206;1;7;1;9147;1;3;130.0;1;38;38;1;9;130.0;0;0;0;1;0;0;27;0;0;5;9;3;12.0;0;0;5;11;4;13.625;0;10.8;1.4;1.74;Graduate;590;D;data latih;Berjuang secara akademik
MHS1207;1;43;2;9500;1;1;120.0;1;37;34;90;0;121.5;0;0;1;1;0;0;22;0;11;14;14;12;12.333333333333334;2;11;14;14;12;12.333333333333334;2;7.6;2.6;0.32;Graduate;639;C;data uji;Tidak dipanggil
MHS1208;2;39;1;9003;1;19;133.1;1;19;37;9;10;120.0;0;0;1;1;0;0;37;0;0;6;10;6;12.875;0;0;6;12;6;12.9;0;16.2;0.3;-0.92;Enrolled;625;C;mahasiswa aktif;Tidak dipanggil
MHS1209;1;7;1;8014;0;3;130.0;1;37;38;0;5;130.0;0;0;0;0;0;0;28;0;0;6;12;1;11.0;0;0;6;0;0;0.0;0;12.7;3.7;-1.7;Dropout;468;E;data latih;Terhalang biaya
MHS1210;2;39;1;9003;1;1;120.0;1;37;37;9;9;125.7;0;0;1;0;0;0;43;0;0;6;10;4;12.25;0;0;6;13;4;10.5;0;8.9;1.4;3.51;Dropout;460;E;data latih;Terhalang biaya
MHS1211;1;43;1;9556;1;1;140.0;1;37;37;9;9;128.0;1;0;0;0;0;0;32;0;0;7;7;0;0.0;7;0;8;8;0;0.0;7;10.8;1.4;1.74;Dropout;455;E;data latih;Terhalang biaya
MHS1212;1;17;1;9238;1;1;123.0;1;1;1;9;9;113.2;0;0;0;1;0;1;20;0;0;6;11;4;10.75;0;0;6;13;5;11.5;0;15.5;2.8;-4.06;Enrolled;623;C;mahasiswa aktif;Tidak dipanggil
MHS1213;4;39;1;9500;1;19;133.1;1;38;1;9;4;120.0;0;0;0;1;0;1;35;0;0;8;9;8;13.63;1;0;8;9;8;13.63;1;9.4;-0.8;-3.12;Graduate;691;B;data latih;Tidak dipanggil
MHS1214;1;1;1;9670;1;1;130.0;1;37;37;0;0;117.8;1;0;0;1;0;0;21;0;0;5;8;3;13.0;0;0;5;7;4;11.5;1;7.6;2.6;0.32;Graduate;602;C;data latih;Tidak dipanggil
MHS1215;1;1;4;9500;1;1;126.0;1;19;19;7;9;121.3;1;0;0;1;0;1;18;0;0;7;9;6;13.533333333333331;0;0;7;7;7;12.228571428571428;0;12.4;0.5;1.79;Enrolled;723;A;mahasiswa aktif;Tidak dipanggil
MHS1216;1;1;1;9500;1;1;176.0;1;3;38;3;7;169.7;0;0;0;1;0;1;18;0;0;7;7;7;16.9;0;0;8;9;8;16.37777777777778;0;16.2;0.3;-0.92;Graduate;735;A;data latih;Tidak dipanggil
MHS1217;1;17;4;9238;1;1;124.0;1;19;19;5;8;117.7;1;0;0;1;0;0;18;0;0;6;10;5;12.0;0;0;6;11;4;12.0;0;16.2;0.3;-0.92;Graduate;625;C;data latih;Tidak dipanggil
MHS1218;1;44;1;8014;0;39;120.0;1;19;37;7;6;121.8;1;0;0;1;0;0;22;0;3;6;6;6;12.5;0;2;6;7;6;13.285714285714286;0;12.4;0.5;1.79;Graduate;670;B;data latih;Tidak dipanggil
MHS1219;1;1;2;9500;1;1;140.0;1;1;1;4;10;128.3;1;0;0;1;0;0;19;0;0;8;8;7;12.764285714285714;0;0;8;8;7;12.764285714285714;0;10.8;1.4;1.74;Graduate;689;B;data latih;Tidak dipanggil
MHS1220;1;18;2;9147;1;1;143.0;1;19;38;9;7;132.2;1;0;0;1;0;1;18;0;0;5;8;5;13.75;0;0;5;6;5;12.166666666666666;0;13.9;-0.3;0.79;Graduate;653;C;data latih;Tidak dipanggil
MHS1221;1;1;2;171;1;1;136.0;1;39;1;3;4;134.3;1;0;1;1;0;0;19;0;0;0;0;0;0.0;0;0;0;0;0;0.0;0;12.4;0.5;1.79;Dropout;534;E;data latih;Menghilang dari kelas
MHS1222;1;1;1;9500;1;1;132.0;1;19;1;9;5;123.4;0;0;0;1;0;1;18;0;0;7;7;7;14.604285714285712;0;0;8;9;8;15.68333333333333;0;11.1;0.6;2.02;Graduate;735;A;data latih;Tidak dipanggil
MHS1223;2;39;1;9991;0;19;133.1;1;19;39;5;3;121.7;0;0;1;0;0;0;31;0;0;5;7;0;0.0;0;0;5;7;0;0.0;0;16.2;0.3;-0.92;Dropout;417;E;data latih;Terhalang biaya
MHS1224;2;39;1;8014;0;19;100.0;1;1;19;1;5;130.0;0;0;1;1;0;1;33;0;0;6;9;5;13.833333333333334;0;0;6;7;6;12.5;0;9.4;-0.8;-3.12;Graduate;641;C;data uji;Tidak dipanggil
MHS1225;1;1;3;9500;1;1;137.0;1;19;38;7;7;126.5;1;0;0;1;0;1;19;0;0;8;8;8;13.57625;0;0;8;8;8;13.57625;0;9.4;-0.8;-3.12;Graduate;726;A;data latih;Tidak dipanggil
MHS1226;1;17;1;9238;1;1;153.0;1;38;38;7;7;159.7;1;0;0;1;0;1;18;0;0;6;7;6;15.142857142857142;0;0;6;6;6;15.833333333333334;0;12.7;3.7;-1.7;Graduate;729;A;data latih;Tidak dipanggil
MHS1227;1;1;1;9147;1;1;160.0;1;9;19;4;3;151.3;0;0;0;1;0;0;23;0;0;5;8;3;10.666666666666666;0;0;5;8;5;11.6;0;7.6;2.6;0.32;Graduate;581;D;data latih;Berjuang secara akademik
MHS1228;1;17;1;9238;1;1;145.0;1;38;38;5;7;138.0;1;0;0;1;0;0;20;0;0;6;11;5;11.2;0;0;6;6;6;12.0;0;9.4;-0.8;-3.12;Graduate;658;B;data latih;Tidak dipanggil
MHS1229;1;1;5;9500;1;1;137.0;1;38;38;4;8;126.5;1;0;0;1;0;0;18;0;0;8;8;8;13.76375;0;0;8;8;8;13.76375;0;9.4;-0.8;-3.12;Graduate;701;A;data uji;Tidak dipanggil
MHS1230;1;53;1;9085;1;42;140.0;1;1;1;4;3;140.0;1;0;1;1;0;0;21;0;7;9;10;8;13.25;0;4;9;14;5;12.2;0;8.9;1.4;3.51;Enrolled;613;C;mahasiswa aktif;Tidak dipanggil
MHS1231;1;1;1;9238;1;1;120.0;1;19;38;5;6;112.3;0;0;0;1;0;1;22;0;0;6;10;5;10.714285714285714;0;0;6;10;5;12.2;0;12.7;3.7;-1.7;Graduate;648;C;data uji;Tidak dipanggil
MHS1232;1;1;1;9238;1;1;122.0;1;1;19;4;4;127.3;1;0;1;1;0;0;20;0;0;6;6;6;12.166666666666666;0;0;6;7;6;11.666666666666666;0;9.4;-0.8;-3.12;Graduate;635;C;data latih;Tidak dipanggil
MHS1233;1;7;1;9500;1;3;130.0;1;19;38;4;10;130.0;1;0;0;1;0;0;23;0;1;7;8;6;14.357142857142858;0;1;7;8;6;14.357142857142858;0;7.6;2.6;0.32;Graduate;672;B;data uji;Tidak dipanggil
MHS1234;1;17;2;9773;1;1;133.1;1;3;1;4;5;115.0;1;0;0;1;0;0;19;0;0;6;6;6;12.833333333333334;0;0;6;6;6;12.666666666666666;0;16.2;0.3;-0.92;Graduate;680;B;data latih;Tidak dipanggil
MHS1235;1;17;6;9500;1;1;150.0;1;1;37;1;1;131.5;1;0;0;1;0;0;19;0;0;8;8;7;13.925714285714283;0;0;8;8;7;13.925714285714283;0;10.8;1.4;1.74;Graduate;697;A;data latih;Tidak dipanggil
MHS1236;1;39;1;9991;0;1;133.1;1;19;38;7;4;125.7;0;0;0;1;0;0;26;0;0;5;9;2;12.0;0;0;5;9;3;11.0;0;10.8;1.4;1.74;Dropout;555;D;data uji;Berjuang secara akademik
MHS1237;1;1;6;9500;1;1;141.0;1;1;37;4;3;126.8;1;0;0;1;0;0;18;0;0;7;7;7;13.44285714285714;0;0;8;9;8;13.744444444444444;0;16.2;0.3;-0.92;Graduate;699;A;data latih;Tidak dipanggil
MHS1238;1;18;1;9119;1;1;146.0;1;1;37;7;7;132.4;1;0;0;1;1;0;18;0;0;5;5;1;16.0;0;0;5;5;0;0.0;0;9.4;-0.8;-3.12;Dropout;563;D;data latih;Menghilang dari kelas
MHS1239;1;44;1;9003;1;39;150.0;1;38;37;9;9;150.0;1;0;0;1;1;0;20;0;0;6;8;6;13.125;0;0;6;10;6;13.2;0;16.2;0.3;-0.92;Graduate;676;B;data latih;Tidak dipanggil
MHS1240;1;1;1;9670;1;1;133.1;1;3;1;4;4;95.0;0;0;0;1;1;0;19;0;0;6;7;0;0.0;0;0;6;6;0;0.0;0;15.5;2.8;-4.06;Dropout;561;D;data latih;Menghilang dari kelas
MHS1241;1;43;1;9991;0;1;120.0;1;37;37;9;9;128.2;0;0;0;0;1;0;32;0;5;9;9;5;11.4;0;4;4;4;4;11.0;0;10.8;1.4;1.74;Dropout;485;E;data uji;Terhalang biaya
MHS1242;2;39;1;9130;1;1;150.0;1;19;19;4;4;130.0;0;0;0;0;1;0;31;0;0;4;12;2;11.0;2;0;5;9;3;11.666666666666666;0;9.4;-0.8;-3.12;Dropout;474;E;data latih;Terhalang biaya
MHS1243;1;39;1;9119;1;19;133.1;1;1;19;4;5;100.0;0;0;0;1;1;0;25;0;0;5;13;1;11.0;0;0;5;11;1;10.0;0;13.9;-0.3;0.79;Enrolled;525;E;mahasiswa aktif;Berjuang secara akademik
MHS1244;1;42;1;9085;1;39;140.0;1;19;3;9;1;159.9;1;0;0;1;0;0;21;0;2;6;14;5;13.666666666666666;0;2;6;10;5;13.0;0;16.2;0.3;-0.92;Graduate;628;C;data latih;Tidak dipanggil
MHS1245;2;43;1;9991;0;1;140.0;1;37;37;4;9;100.0;0;0;0;0;0;0;31;0;2;6;10;4;11.75;0;0;5;6;1;10.0;0;12.7;3.7;-1.7;Dropout;485;E;data uji;Terhalang biaya
MHS1246;2;39;1;9853;1;1;133.1;1;37;37;5;5;116.5;0;0;0;1;0;0;34;0;0;7;11;1;10.0;0;0;7;7;1;13.0;0;16.2;0.3;-0.92;Dropout;552;D;data latih;Berjuang secara akademik
MHS1247;1;1;1;9238;1;1;128.0;1;19;19;9;9;120.0;0;0;0;1;0;1;18;0;0;6;8;6;13.5;0;0;6;9;6;12.833333333333334;0;11.1;0.6;2.02;Graduate;729;A;data latih;Tidak dipanggil
MHS1248;1;1;3;9238;1;1;117.0;1;19;19;9;9;117.0;1;0;1;1;0;0;19;0;0;6;0;0;0.0;0;0;6;0;0;0.0;0;12.4;0.5;1.79;Dropout;544;E;data uji;Menghilang dari kelas
MHS1249;1;53;1;9670;1;42;140.0;1;19;37;3;6;140.0;1;0;1;1;0;0;21;0;0;6;12;1;12.0;0;0;6;11;1;11.0;0;8.9;1.4;3.51;Enrolled;539;E;mahasiswa aktif;Berjuang secara akademik
MHS1250;1;1;2;9853;1;1;124.0;1;38;37;5;3;118.1;1;0;0;0;0;0;18;0;0;6;11;3;13.0;0;0;6;10;5;11.8;0;9.4;-0.8;-3.12;Dropout;523;E;data latih;Terhalang biaya
MHS1251;1;1;1;9254;1;1;158.0;1;19;39;4;8;153.5;1;0;0;1;0;0;20;0;0;6;7;6;14.833333333333334;0;0;6;6;6;16.0;0;11.1;0.6;2.02;Graduate;694;B;data latih;Tidak dipanggil
MHS1252;1;43;1;9773;1;1;137.0;1;38;37;9;5;127.9;1;0;0;1;0;0;20;0;0;6;6;6;11.833333333333334;0;0;6;7;6;12.857142857142858;0;15.5;2.8;-4.06;Graduate;667;B;data latih;Tidak dipanggil
MHS1253;1;17;3;9670;1;1;123.0;1;38;38;7;8;118.8;1;1;0;1;0;1;18;0;0;6;10;5;12.0;0;0;6;11;5;12.333333333333334;0;11.1;0.6;2.02;Graduate;645;C;data latih;Tidak dipanggil
MHS1254;1;1;1;9238;1;1;126.0;1;38;38;7;8;126.7;1;0;0;1;0;0;19;0;0;6;11;4;12.75;0;0;6;7;6;11.333333333333334;0;7.6;2.6;0.32;Graduate;647;C;data latih;Tidak dipanggil
MHS1255;1;43;1;9085;1;1;170.0;1;19;19;5;1;170.0;1;0;0;1;0;0;19;0;0;5;5;0;0.0;5;0;5;7;4;14.75;1;12.7;3.7;-1.7;Enrolled;588;D;mahasiswa aktif;Berjuang secara akademik
MHS1256;4;39;1;9130;1;1;133.1;1;3;1;5;5;110.0;1;0;0;1;0;1;30;0;0;6;7;0;0.0;0;0;6;16;1;10.0;0;11.1;0.6;2.02;Dropout;547;E;data latih;Berjuang secara akademik
MHS1257;1;17;1;9238;1;1;115.0;1;19;38;5;5;115.0;1;0;0;1;0;0;19;0;0;6;6;6;12.0;0;0;6;7;6;12.857142857142858;0;11.1;0.6;2.02;Graduate;681;B;data latih;Tidak dipanggil
MHS1258;1;1;3;9556;1;1;132.0;1;38;37;7;7;119.0;1;0;0;1;0;0;19;0;0;7;9;7;11.677777777777775;0;0;8;8;8;13.8;0;12.7;3.7;-1.7;Graduate;679;B;data uji;Tidak dipanggil
MHS1259;1;1;4;9500;1;1;132.0;1;1;37;4;7;121.8;1;0;0;1;0;1;19;0;0;8;8;7;13.6;0;0;8;8;7;13.6;0;12.7;3.7;-1.7;Graduate;726;A;data latih;Tidak dipanggil
MHS1260;1;1;1;9085;1;1;143.0;1;19;38;9;9;133.4;1;0;0;1;0;0;19;0;0;6;7;6;16.0;0;0;6;8;6;15.875;0;12.4;0.5;1.79;Graduate;699;A;data latih;Tidak dipanggil
MHS1261;1;1;3;9238;1;1;137.0;1;1;1;3;3;131.4;1;0;0;1;0;0;20;0;0;6;9;5;11.8;0;0;6;7;6;11.5;0;7.6;2.6;0.32;Graduate;638;C;data latih;Tidak dipanggil
MHS1262;1;42;1;9119;1;1;130.0;1;19;37;9;3;135.0;0;0;1;1;1;0;25;0;0;5;5;0;0.0;0;2;6;7;2;14.0;0;13.9;-0.3;0.79;Dropout;534;E;data latih;Menghilang dari kelas
MHS1263;1;1;2;9773;1;1;121.0;1;19;19;9;9;122.8;0;0;0;1;1;0;19;0;0;6;0;0;0.0;0;0;6;0;0;0.0;0;12.4;0.5;1.79;Dropout;564;D;data latih;Menghilang dari kelas
MHS1264;2;39;1;9853;1;1;130.0;1;37;19;7;3;140.0;0;0;1;1;0;1;34;0;0;6;7;6;16.142857142857142;0;0;6;10;6;16.2;0;9.4;-0.8;-3.12;Graduate;658;B;data latih;Tidak dipanggil
MHS1265;1;18;2;9500;1;1;135.0;1;38;37;9;5;125.3;1;0;0;1;0;1;18;0;0;8;8;7;11.785714285714286;0;0;8;8;7;11.785714285714286;0;12.7;3.7;-1.7;Graduate;677;B;data uji;Tidak dipanggil
MHS1266;1;1;6;9500;1;1;137.0;1;1;1;4;5;126.3;1;0;0;1;0;1;18;0;0;8;8;8;13.42375;0;0;8;8;8;13.42375;0;9.4;-0.8;-3.12;Graduate;728;A;data latih;Tidak dipanggil
MHS1267;1;1;1;9670;1;1;100.0;1;38;38;9;10;100.0;0;0;0;1;0;0;20;0;0;6;8;6;12.5;0;0;6;10;5;14.166666666666666;0;11.1;0.6;2.02;Graduate;652;C;data latih;Tidak dipanggil
MHS1268;1;17;2;9500;1;1;127.0;1;19;37;9;7;121.3;1;0;0;1;0;1;20;0;0;8;8;7;12.464285714285714;0;0;8;8;7;12.464285714285714;0;10.8;1.4;1.74;Graduate;709;A;data latih;Tidak dipanggil
MHS1269;1;53;1;9991;0;1;140.0;1;38;38;191;193;135.0;0;0;1;1;0;0;23;0;6;11;18;8;12.375;0;3;9;15;5;12.6;0;8.9;1.4;3.51;Enrolled;592;D;mahasiswa aktif;Berjuang secara akademik
MHS1270;1;39;1;9670;1;1;140.0;1;37;37;6;6;120.0;0;0;0;1;0;0;28;0;0;6;8;1;10.0;0;0;6;9;0;0.0;0;10.8;1.4;1.74;Dropout;528;E;data latih;Berjuang secara akademik
MHS1271;1;17;1;9773;1;1;121.0;1;37;19;9;10;113.7;0;0;0;1;0;0;18;0;0;6;8;5;12.6;0;0;6;10;6;12.428571428571429;0;15.5;2.8;-4.06;Enrolled;663;B;mahasiswa aktif;Tidak dipanggil
MHS1272;1;43;1;9147;1;1;131.0;1;19;38;9;9;129.7;1;0;0;1;0;0;19;0;0;5;5;5;12.6;0;0;5;6;4;12.4;0;16.2;0.3;-0.92;Graduate;613;C;data latih;Tidak dipanggil
MHS1273;2;1;1;9147;1;1;151.0;1;38;37;9;8;132.1;1;0;0;1;0;0;34;0;0;5;7;2;10.0;0;0;5;6;4;12.0;0;7.6;2.6;0.32;Dropout;591;D;data latih;Berjuang secara akademik
MHS1274;2;51;1;9853;1;1;130.0;1;37;37;7;8;120.3;0;0;0;1;0;0;35;0;0;7;7;0;0.0;0;0;6;0;0;0.0;0;8.9;1.4;3.51;Dropout;533;E;data latih;Menghilang dari kelas
MHS1275;1;7;1;9991;0;40;120.0;1;37;37;9;7;120.0;0;0;0;1;0;0;32;0;0;5;7;5;11.6;0;0;5;8;5;12.333333333333334;0;12.4;0.5;1.79;Graduate;579;D;data latih;Berjuang secara akademik
MHS1276;1;17;2;9254;1;1;136.0;1;19;19;4;7;123.1;1;0;0;1;0;0;19;0;0;6;8;6;12.166666666666666;0;0;6;6;6;13.5;0;11.1;0.6;2.02;Graduate;679;B;data latih;Tidak dipanggil
MHS1277;1;17;5;9670;1;1;125.0;1;1;19;9;7;119.4;1;0;0;1;0;0;18;0;0;6;10;4;13.6;0;0;6;7;5;12.666666666666666;0;11.1;0.6;2.02;Graduate;626;C;data latih;Tidak dipanggil
MHS1278;2;39;1;9147;1;1;133.1;1;37;37;9;9;140.0;0;0;0;0;0;0;35;0;0;5;8;4;12.5;1;0;5;8;5;11.8;0;9.4;-0.8;-3.12;Dropout;487;E;data latih;Terhalang biaya
MHS1279;1;39;1;8014;0;1;133.1;1;1;12;4;5;116.5;0;0;0;1;1;1;24;0;0;6;6;4;12.25;0;0;6;10;4;11.5;0;12.4;0.5;1.79;Enrolled;600;C;mahasiswa aktif;Tidak dipanggil
MHS1280;1;17;1;9238;1;1;120.0;1;19;37;9;9;113.0;1;0;0;1;0;1;20;0;0;6;7;6;11.714285714285714;0;0;6;8;6;12.625;0;13.9;-0.3;0.79;Graduate;703;A;data latih;Tidak dipanggil
MHS1281;1;1;3;9773;1;1;143.0;11;19;19;4;9;133.9;1;0;0;1;1;1;18;1;0;6;7;6;13.5;0;0;6;7;6;13.0;0;16.2;0.3;-0.92;Graduate;723;A;data latih;Tidak dipanggil
MHS1282;1;1;3;9500;1;1;133.1;1;38;19;7;9;115.5;1;0;0;1;1;1;20;0;0;8;8;7;13.024285714285714;0;0;8;8;7;13.024285714285714;0;10.8;1.4;1.74;Graduate;724;A;data latih;Tidak dipanggil
MHS1283;1;17;5;9254;1;1;121.0;1;1;19;4;7;116.5;1;0;0;0;1;0;18;0;0;6;12;0;0.0;0;0;6;0;0;0.0;0;9.4;-0.8;-3.12;Dropout;479;E;data uji;Terhalang biaya
MHS1284;1;1;1;9119;1;1;168.0;1;19;19;4;4;171.2;0;0;0;1;1;1;18;0;0;5;6;5;17.333333333333332;0;0;5;8;5;18.571428571428573;0;12.4;0.5;1.79;Graduate;656;C;data latih;Tidak dipanggil
MHS1285;1;1;1;9670;1;1;124.0;1;19;37;5;7;119.1;0;0;0;1;1;1;20;0;0;5;7;4;11.0;0;0;5;7;4;11.5;0;9.4;-0.8;-3.12;Graduate;621;C;data latih;Tidak dipanggil
MHS1286;1;17;2;9853;1;1;127.0;1;19;38;3;3;121.1;1;0;0;1;1;0;19;0;0;7;10;6;13.666666666666666;0;0;7;9;6;12.5;0;12.4;0.5;1.79;Dropout;671;B;data latih;Tidak dipanggil
MHS1287;1;1;2;9070;1;1;129.0;1;1;1;4;9;132.9;1;0;0;1;1;1;20;0;0;6;9;6;11.375;0;0;6;6;5;13.8;0;7.6;2.6;0.32;Enrolled;679;B;mahasiswa aktif;Tidak dipanggil
MHS1288;1;1;1;9238;1;1;137.0;1;19;1;9;9;132.8;0;0;0;1;1;0;19;0;0;6;6;6;12.833333333333334;0;0;6;8;6;11.833333333333334;0;10.8;1.4;1.74;Graduate;693;B;data latih;Tidak dipanggil
MHS1289;1;1;1;9773;1;1;120.0;1;36;37;0;0;126.7;1;0;0;1;1;0;20;0;0;6;9;5;12.6;0;0;6;11;4;11.5;0;7.6;2.6;0.32;Graduate;602;C;data uji;Tidak dipanggil
MHS1290;1;1;1;9500;1;1;110.0;1;19;19;9;7;105.8;1;0;0;1;1;0;22;0;0;7;8;6;14.333333333333334;0;0;8;9;7;13.771428571428572;0;11.1;0.6;2.02;Graduate;688;B;data latih;Tidak dipanggil
MHS1291;1;17;2;9119;1;1;120.0;1;1;19;9;8;117.2;0;0;0;1;1;1;18;0;0;5;8;4;13.5;0;0;6;10;6;13.625;0;11.1;0.6;2.02;Enrolled;679;B;mahasiswa aktif;Tidak dipanggil
MHS1292;1;1;1;9500;1;1;143.0;1;38;38;9;9;140.0;0;0;0;1;1;0;19;0;0;8;8;7;14.285714285714286;0;0;8;8;7;14.285714285714286;0;12.7;3.7;-1.7;Graduate;704;A;data uji;Tidak dipanggil
MHS1293;1;44;1;9003;1;39;120.0;1;1;19;9;7;120.0;0;0;0;1;1;0;22;0;2;6;15;3;11.75;0;0;6;12;2;10.0;0;13.9;-0.3;0.79;Dropout;572;D;data latih;Berjuang secara akademik
MHS1294;1;17;5;9119;1;1;124.0;11;4;12;2;9;119.5;1;0;0;1;1;0;20;1;0;5;5;5;14.8;0;0;5;5;5;17.6;0;8.9;1.4;3.51;Graduate;616;C;data latih;Tidak dipanggil
MHS1295;2;39;1;9003;1;1;168.0;1;1;41;9;3;153.9;0;0;1;0;1;0;34;0;0;6;7;0;0.0;0;0;6;0;0;0.0;0;12.4;0.5;1.79;Dropout;420;E;data uji;Terhalang biaya
MHS1296;2;39;1;8014;0;19;133.1;1;1;1;4;4;130.0;0;0;0;1;1;0;24;0;0;6;14;1;10.0;0;0;5;5;0;0.0;0;16.2;0.3;-0.92;Dropout;531;E;data latih;Berjuang secara akademik
MHS1297;1;39;2;9670;1;1;150.0;1;34;34;0;0;107.0;1;0;0;1;1;0;26;0;0;5;5;0;0.0;0;0;5;5;0;0.0;0;7.6;2.6;0.32;Dropout;528;E;data latih;Menghilang dari kelas
MHS1298;1;39;1;9500;1;1;140.0;1;37;37;9;6;132.8;0;0;0;1;1;0;35;0;0;7;10;4;12.6;0;0;7;9;5;12.38;0;12.4;0.5;1.79;Dropout;603;C;data latih;Tidak dipanggil
MHS1299;1;1;1;9991;0;1;145.0;1;2;37;4;9;127.5;1;0;0;1;1;0;22;0;0;5;9;5;12.428571428571429;1;0;5;7;5;11.8;0;7.6;2.6;0.32;Graduate;584;D;data latih;Berjuang secara akademik
MHS1300;1;18;1;9254;1;1;118.0;1;38;38;5;5;123.3;1;0;0;1;1;0;26;0;0;6;10;4;10.0;0;0;6;11;3;12.0;0;9.4;-0.8;-3.12;Enrolled;586;D;mahasiswa aktif;Berjuang secara akademik
MHS1301;1;17;1;9147;1;1;123.0;1;1;19;3;4;122.0;0;0;0;1;1;0;19;0;0;5;7;3;12.333333333333334;0;0;5;5;0;0.0;0;8.9;1.4;3.51;Dropout;592;D;data uji;Berjuang secara akademik
MHS1302;1;1;5;9254;1;1;120.0;1;3;19;3;9;114.8;1;0;0;0;1;0;19;0;0;6;0;0;0.0;0;0;6;0;0;0.0;0;8.9;1.4;3.51;Dropout;484;E;data latih;Menghilang dari kelas
MHS1303;1;44;1;171;1;39;140.0;1;3;3;2;2;140.0;0;0;1;1;1;0;20;0;0;0;0;0;0.0;0;0;0;0;0;0.0;0;15.5;2.8;-4.06;Graduate;524;E;data latih;Menghilang dari kelas
MHS1304;1;51;1;9670;1;1;126.0;1;3;3;1;10;111.0;0;0;1;1;1;0;21;0;5;11;12;10;12.1;0;2;8;9;8;13.333333333333334;0;11.1;0.6;2.02;Graduate;647;C;data latih;Tidak dipanggil
MHS1305;1;1;2;9773;1;1;137.0;1;1;19;7;7;133.2;1;0;0;1;0;1;19;0;0;6;7;6;14.714285714285714;0;0;6;6;6;15.0;0;13.9;-0.3;0.79;Graduate;728;A;data latih;Tidak dipanggil
MHS1306;1;1;3;9773;1;1;130.0;1;19;19;9;9;123.0;1;0;0;1;0;0;18;0;0;6;6;6;12.666666666666666;0;0;6;7;6;12.833333333333334;0;12.7;3.7;-1.7;Graduate;691;B;data latih;Tidak dipanggil
MHS1307;1;53;1;9003;1;42;150.0;1;1;38;8;8;150.0;0;0;0;1;0;1;23;0;7;12;14;12;14.384615384615383;0;5;10;12;10;13.3;0;8.9;1.4;3.51;Graduate;695;A;data latih;Tidak dipanggil
MHS1308;1;17;3;9147;1;1;147.0;1;19;38;5;7;132.3;1;0;0;1;0;1;18;0;0;5;5;5;13.4;0;0;5;6;5;12.2;0;12.7;3.7;-1.7;Graduate;653;C;data uji;Tidak dipanggil
MHS1309;1;18;1;9500;1;1;140.0;1;37;38;5;7;126.0;1;0;0;1;0;0;18;0;0;8;8;7;13.314285714285717;0;0;8;8;7;13.314285714285717;0;12.7;3.7;-1.7;Graduate;690;B;data latih;Tidak dipanggil
MHS1310;1;1;3;9500;1;1;132.0;1;38;38;9;9;119.3;1;0;0;1;0;0;19;0;0;8;8;7;11.98857142857143;0;0;8;8;7;11.98857142857143;0;10.8;1.4;1.74;Graduate;682;B;data latih;Tidak dipanggil
MHS1311;1;53;1;9147;1;42;130.0;1;1;19;143;172;133.8;1;0;0;1;0;0;21;0;6;11;17;11;11.545454545454543;0;3;9;13;8;12.88888888888889;0;8.9;1.4;3.51;Graduate;664;B;data latih;Tidak dipanggil
MHS1312;1;1;1;9085;1;1;130.0;1;37;37;9;6;126.5;1;0;0;1;0;1;18;0;0;6;13;6;16.46153846153846;0;0;6;8;6;13.875;0;15.5;2.8;-4.06;Graduate;730;A;data uji;Tidak dipanggil
MHS1313;1;1;1;9773;1;1;151.0;1;38;37;9;5;138.4;1;0;0;1;0;1;24;0;0;6;7;6;13.666666666666666;0;0;6;6;6;12.833333333333334;0;10.8;1.4;1.74;Graduate;710;A;data latih;Tidak dipanggil
MHS1314;1;1;4;9500;1;1;144.0;1;3;39;2;3;129.0;1;0;0;1;0;0;18;0;0;7;8;7;12.65;0;0;8;9;8;13.411111111111111;0;16.2;0.3;-0.92;Dropout;696;A;data latih;Tidak dipanggil
MHS1315;1;1;1;9670;1;1;127.0;1;19;1;5;7;118.3;1;0;0;1;0;0;18;0;0;6;7;6;12.333333333333334;0;0;6;10;3;12.0;0;13.9;-0.3;0.79;Enrolled;646;C;mahasiswa aktif;Tidak dipanggil
MHS1316;1;17;2;9500;1;1;131.0;1;19;37;9;7;129.8;1;0;0;1;0;0;20;0;0;7;8;6;14.37;0;0;8;10;7;14.65;0;12.4;0.5;1.79;Graduate;695;A;data latih;Tidak dipanggil
MHS1317;1;17;2;9085;1;1;123.0;1;1;19;4;9;113.6;1;0;0;1;0;0;19;0;0;5;13;3;12.0;2;0;5;8;4;11.75;0;9.4;-0.8;-3.12;Enrolled;590;D;mahasiswa aktif;Berjuang secara akademik
MHS1318;1;1;5;9773;1;1;130.0;1;34;38;0;8;128.3;1;0;0;0;0;1;18;0;0;6;12;3;12.0;0;0;6;15;3;10.666666666666666;0;7.6;2.6;0.32;Dropout;551;D;data latih;Berjuang secara akademik
MHS1319;1;43;1;9254;1;1;130.0;1;1;19;5;7;130.0;0;0;0;1;0;1;19;0;0;6;11;4;12.0;0;0;6;14;3;11.0;0;10.8;1.4;1.74;Dropout;610;C;data latih;Tidak dipanggil
MHS1320;1;17;2;9853;1;1;131.0;1;1;38;4;8;121.9;1;0;0;1;0;0;19;0;0;6;10;5;12.6;0;0;6;7;5;11.2;0;10.8;1.4;1.74;Graduate;588;D;data uji;Berjuang secara akademik
MHS1321;1;1;5;9238;1;3;135.0;1;1;38;9;3;129.4;0;0;1;1;0;0;18;0;0;6;6;6;12.166666666666666;0;0;6;6;6;12.333333333333334;0;10.8;1.4;1.74;Graduate;666;B;data latih;Tidak dipanggil
MHS1322;1;1;2;9853;1;1;123.0;1;19;1;194;103;115.3;1;0;0;1;0;0;20;0;0;7;8;6;13.5;0;0;7;8;6;14.0;0;11.1;0.6;2.02;Enrolled;686;B;mahasiswa aktif;Tidak dipanggil
MHS1323;1;1;5;9500;1;1;145.0;1;38;38;9;9;125.5;1;0;0;1;0;1;18;0;0;8;8;8;13.76375;0;0;8;8;8;13.76375;0;9.4;-0.8;-3.12;Graduate;730;A;data latih;Tidak dipanggil
MHS1324;1;17;6;9556;1;1;118.0;1;38;38;5;5;117.8;1;0;0;1;0;1;19;0;0;7;11;6;12.4;0;0;7;8;6;12.8;0;11.1;0.6;2.02;Graduate;700;A;data latih;Tidak dipanggil
MHS1325;1;17;3;9147;1;1;125.0;1;3;38;2;10;118.7;1;0;0;1;0;0;18;0;0;5;16;4;10.666666666666666;0;0;5;11;2;12.0;0;13.9;-0.3;0.79;Enrolled;614;C;mahasiswa aktif;Tidak dipanggil
MHS1326;1;1;2;9500;1;1;152.0;1;37;37;9;9;139.0;1;0;0;1;0;0;18;0;0;7;7;6;14.333333333333334;0;0;7;7;6;14.333333333333334;0;7.6;2.6;0.32;Graduate;708;A;data uji;Tidak dipanggil
MHS1327;1;1;1;9085;1;1;101.0;1;1;37;4;9;98.9;1;0;0;1;0;0;21;0;0;6;12;4;12.5;0;0;6;13;2;12.666666666666666;0;11.1;0.6;2.02;Enrolled;629;C;mahasiswa aktif;Tidak dipanggil
MHS1328;1;17;1;9254;1;1;137.0;1;34;38;0;7;137.7;1;0;1;0;0;0;19;0;0;6;14;1;10.0;0;0;6;13;0;0.0;0;7.6;2.6;0.32;Dropout;451;E;data uji;Terhalang biaya
MHS1329;1;1;4;9500;1;1;123.0;1;1;1;3;3;113.6;1;0;0;1;0;0;21;0;0;7;8;7;14.69625;0;0;8;9;8;14.622222222222224;0;12.4;0.5;1.79;Graduate;702;A;data latih;Tidak dipanggil
MHS1330;1;1;1;9085;1;1;120.0;1;4;1;2;9;113.4;0;0;0;1;0;0;18;0;0;6;14;4;11.5;0;0;6;17;3;13.75;0;11.1;0.6;2.02;Enrolled;631;C;mahasiswa aktif;Tidak dipanggil
MHS1331;1;17;3;9556;1;1;131.0;1;19;38;9;7;128.5;0;0;0;1;0;1;18;0;0;7;9;7;12.855555555555556;0;0;8;8;8;13.9125;0;12.7;3.7;-1.7;Graduate;713;A;data latih;Tidak dipanggil
MHS1332;1;1;1;9500;1;1;141.0;1;1;1;3;10;142.8;0;0;0;1;0;0;18;0;0;7;7;7;13.7;0;0;8;9;8;13.994444444444444;0;11.1;0.6;2.02;Graduate;704;A;data latih;Tidak dipanggil
MHS1333;1;1;1;9130;1;1;144.0;1;3;1;1;3;137.7;0;0;0;0;0;0;23;0;0;5;9;0;0.0;3;1;5;10;1;12.0;3;10.8;1.4;1.74;Dropout;492;E;data latih;Terhalang biaya
MHS1334;1;1;1;9238;1;1;107.0;1;19;37;7;7;103.5;1;0;0;1;0;0;20;0;0;6;13;3;11.2;0;0;6;9;4;12.0;0;16.2;0.3;-0.92;Enrolled;628;C;mahasiswa aktif;Tidak dipanggil
MHS1335;1;1;1;9500;1;1;133.0;1;38;38;5;5;123.2;0;0;0;1;0;0;18;0;0;7;7;7;13.285714285714286;0;0;8;9;8;13.333333333333334;0;16.2;0.3;-0.92;Graduate;699;A;data latih;Tidak dipanggil
MHS1336;1;17;2;9853;1;1;126.0;1;1;19;2;10;126.0;1;0;0;1;0;0;19;0;0;6;9;5;13.0;0;0;6;8;5;10.4;0;7.6;2.6;0.32;Enrolled;591;D;mahasiswa aktif;Berjuang secara akademik
MHS1337;1;39;1;9500;1;1;133.1;1;1;38;3;7;121.7;0;0;0;1;0;1;27;0;0;7;8;6;12.6;0;0;7;9;6;11.685714285714283;0;12.4;0.5;1.79;Enrolled;660;B;mahasiswa aktif;Tidak dipanggil
MHS1338;1;17;1;9147;1;1;147.0;1;37;37;9;6;142.8;1;0;1;0;0;1;19;0;0;5;5;5;12.8;0;0;5;5;4;12.0;0;11.1;0.6;2.02;Enrolled;545;E;mahasiswa aktif;Terhalang biaya
MHS1339;1;43;1;9130;1;1;120.0;1;1;19;9;9;120.0;1;0;0;1;0;0;21;0;0;6;14;5;11.5;1;0;6;13;5;11.0;1;15.5;2.8;-4.06;Dropout;571;D;data latih;Berjuang secara akademik
MHS1340;1;18;1;9500;1;1;130.0;1;37;38;7;8;119.3;1;0;0;1;0;1;19;0;0;8;8;7;11.4;0;0;8;8;7;11.4;0;10.8;1.4;1.74;Graduate;675;B;data latih;Tidak dipanggil
MHS1341;1;44;1;9238;1;1;120.0;1;37;37;6;9;121.0;0;0;0;1;0;1;21;0;3;6;6;6;12.333333333333334;0;2;6;8;6;11.333333333333334;0;13.9;-0.3;0.79;Graduate;682;B;data latih;Tidak dipanggil
MHS1342;1;1;5;9773;1;1;138.0;1;19;19;9;9;139.4;1;0;0;1;0;0;18;0;0;6;7;5;12.8;0;0;6;10;4;12.2;0;10.8;1.4;1.74;Graduate;633;C;data latih;Tidak dipanggil
MHS1343;1;17;1;9085;1;1;124.0;1;19;38;7;7;113.9;1;0;0;1;0;1;20;0;0;5;8;5;12.0;1;0;5;8;4;15.0;1;12.7;3.7;-1.7;Graduate;654;C;data latih;Tidak dipanggil
MHS1344;1;1;1;9853;1;1;133.0;1;37;37;9;7;124.6;1;0;0;1;0;1;18;0;0;6;8;5;13.0;0;0;6;9;5;13.5;0;9.4;-0.8;-3.12;Graduate;661;B;data latih;Tidak dipanggil
MHS1345;1;17;1;9070;1;1;122.0;1;1;1;4;8;123.8;1;0;1;0;0;1;18;0;0;6;6;6;11.833333333333334;0;0;6;8;6;11.0;0;12.7;3.7;-1.7;Dropout;573;D;data latih;Terhalang biaya
MHS1346;1;1;3;9085;1;1;138.0;1;1;3;4;4;126.3;1;0;0;1;0;0;18;0;0;6;8;6;14.0;0;0;6;9;6;13.333333333333334;0;8.9;1.4;3.51;Graduate;696;A;data latih;Tidak dipanggil
MHS1347;1;17;4;9773;1;1;134.0;1;1;1;3;3;120.4;1;0;0;1;0;1;18;0;0;6;6;6;12.333333333333334;0;0;6;6;6;13.5;0;16.2;0.3;-0.92;Graduate;713;A;data latih;Tidak dipanggil
MHS1348;1;1;3;9500;1;1;128.0;1;1;1;7;7;120.5;1;0;0;1;0;1;19;0;0;7;10;5;13.04;0;0;7;7;7;12.5;0;12.4;0.5;1.79;Enrolled;705;A;mahasiswa aktif;Tidak dipanggil
MHS1349;1;53;1;9085;1;42;140.0;1;19;38;8;9;144.9;1;0;1;0;0;0;23;0;7;11;18;11;13.166666666666666;0;4;9;15;8;13.333333333333334;0;8.9;1.4;3.51;Enrolled;567;D;mahasiswa aktif;Terhalang biaya
MHS1350;1;39;1;9085;1;19;133.1;1;19;19;4;9;139.9;1;0;0;1;0;1;24;0;1;6;7;6;12.5;0;0;6;11;6;12.833333333333334;0;8.9;1.4;3.51;Graduate;685;B;data latih;Tidak dipanggil
MHS1351;1;1;1;171;1;1;142.0;1;1;1;3;3;133.3;1;0;0;1;0;0;19;0;0;0;0;0;0.0;0;0;0;0;0;0.0;0;10.8;1.4;1.74;Graduate;560;D;data latih;Menghilang dari kelas
MHS1352;1;1;3;9500;1;1;141.0;1;19;19;9;9;126.0;1;0;0;1;0;0;18;0;0;8;8;7;15.657142857142857;0;0;8;8;7;15.657142857142857;0;12.7;3.7;-1.7;Graduate;706;A;data latih;Tidak dipanggil
MHS1353;1;1;2;9070;1;1;145.0;1;1;19;4;3;133.5;0;0;0;1;0;0;19;0;0;6;6;6;12.166666666666666;0;0;6;6;6;11.333333333333334;0;12.7;3.7;-1.7;Graduate;659;B;data latih;Tidak dipanggil
MHS1354;1;17;2;9853;1;1;145.0;1;38;19;4;9;127.9;1;0;0;1;0;0;19;0;0;6;0;0;0.0;0;0;6;0;0;0.0;0;10.8;1.4;1.74;Dropout;548;E;data latih;Menghilang dari kelas
MHS1355;1;1;1;9238;1;1;108.0;1;1;38;5;8;105.9;0;0;0;1;0;1;20;0;0;6;11;5;10.6;0;0;6;9;5;11.166666666666666;0;11.1;0.6;2.02;Enrolled;630;C;mahasiswa aktif;Tidak dipanggil
MHS1356;1;1;1;9085;1;1;132.0;1;1;12;4;5;124.3;0;0;0;1;0;0;20;0;0;6;10;6;13.428571428571429;0;0;6;11;5;12.666666666666666;0;13.9;-0.3;0.79;Enrolled;648;C;mahasiswa aktif;Tidak dipanggil
MHS1357;1;39;1;9773;1;1;140.0;1;34;37;0;0;102.5;0;0;0;1;0;0;26;0;0;6;8;4;11.75;0;0;6;12;0;0.0;0;7.6;2.6;0.32;Dropout;564;D;data latih;Berjuang secara akademik
MHS1358;1;39;1;9254;1;19;133.1;1;19;1;9;5;97.0;0;0;1;0;1;0;36;0;0;5;10;0;0.0;0;0;5;5;0;0.0;0;15.5;2.8;-4.06;Dropout;423;E;data uji;Terhalang biaya
MHS1359;1;17;1;171;1;1;128.0;1;1;1;4;10;134.7;0;0;0;0;1;0;19;0;0;0;0;0;0.0;0;0;0;0;0;0.0;0;10.8;1.4;1.74;Dropout;476;E;data latih;Menghilang dari kelas
MHS1360;1;42;1;9119;1;1;120.0;1;19;37;9;9;113.8;0;0;0;0;1;0;27;0;0;5;0;0;0.0;0;0;5;0;0;0.0;0;15.5;2.8;-4.06;Dropout;446;E;data uji;Menghilang dari kelas
MHS1361;1;1;4;9119;1;1;120.0;1;3;1;123;152;116.9;0;0;0;1;1;0;18;0;0;5;9;1;13.0;0;0;5;5;0;0.0;0;8.9;1.4;3.51;Dropout;570;D;data uji;Berjuang secara akademik
MHS1362;1;1;4;9500;1;1;139.0;1;37;38;9;9;124.0;1;0;0;1;1;1;18;0;0;8;8;7;13.331428571428573;0;0;8;8;7;13.331428571428573;0;10.8;1.4;1.74;Graduate;728;A;data latih;Tidak dipanggil
MHS1363;1;39;1;9070;1;1;139.3;1;38;38;5;5;117.5;0;0;0;1;1;0;28;0;0;6;0;0;0.0;0;0;6;0;0;0.0;0;12.4;0.5;1.79;Dropout;533;E;data latih;Menghilang dari kelas
MHS1364;1;44;1;171;1;39;150.0;1;19;1;9;9;154.8;1;0;0;1;1;0;21;0;0;0;0;0;0.0;0;0;0;0;0;0.0;0;12.4;0.5;1.79;Graduate;550;D;data latih;Menghilang dari kelas
MHS1365;1;1;1;9500;1;1;138.0;1;19;37;4;9;141.0;0;0;0;1;1;0;19;0;0;7;7;6;13.7;0;0;7;7;6;13.7;0;7.6;2.6;0.32;Graduate;699;A;data latih;Tidak dipanggil
MHS1366;1;39;1;9670;1;9;133.1;1;6;22;3;3;120.0;0;0;1;0;1;0;26;0;0;5;5;0;0.0;0;0;5;5;0;0.0;5;9.4;-0.8;-3.12;Dropout;425;E;data latih;Terhalang biaya
MHS1367;1;51;1;9119;1;1;136.0;1;1;19;3;5;133.6;1;0;0;1;1;0;20;0;4;9;12;9;13.454545454545457;0;2;7;9;6;13.875;0;11.1;0.6;2.02;Dropout;665;B;data latih;Tidak dipanggil
MHS1368;1;1;6;9500;1;1;134.0;1;38;38;9;9;122.0;1;0;0;1;1;0;19;0;0;8;8;7;12.2;0;0;8;8;7;12.2;0;12.7;3.7;-1.7;Graduate;689;B;data uji;Tidak dipanggil
MHS1369;1;1;1;9147;1;1;140.0;1;19;19;7;3;120.0;1;0;0;1;1;0;21;0;0;5;8;3;10.0;0;0;5;10;4;11.0;0;12.7;3.7;-1.7;Dropout;575;D;data latih;Berjuang secara akademik
MHS1370;1;53;1;9670;1;42;110.0;1;1;19;9;9;114.2;0;0;0;1;1;1;23;0;0;6;7;5;13.0;0;0;6;7;6;12.857142857142858;0;8.9;1.4;3.51;Graduate;682;B;data latih;Tidak dipanggil
MHS1371;1;39;1;8014;0;38;133.1;1;38;37;4;8;95.5;0;0;0;1;1;0;29;0;0;6;11;6;12.0;0;0;6;6;6;14.0;0;11.1;0.6;2.02;Graduate;652;C;data latih;Tidak dipanggil
MHS1372;1;1;1;9500;1;1;129.0;1;1;1;9;9;120.0;0;0;0;1;1;0;20;0;0;8;8;7;15.028571428571428;0;0;8;8;7;15.028571428571428;0;12.7;3.7;-1.7;Graduate;702;A;data latih;Tidak dipanggil
MHS1373;1;1;1;9238;1;1;116.0;1;1;19;5;9;111.1;0;0;0;1;1;0;18;0;0;6;8;6;12.0;0;0;6;7;6;11.714285714285714;0;15.5;2.8;-4.06;Graduate;658;B;data latih;Tidak dipanggil
MHS1374;1;1;1;9773;1;1;130.0;1;1;38;3;5;128.6;1;0;0;1;1;0;19;0;0;6;8;5;12.0;0;0;6;8;5;12.4;0;9.4;-0.8;-3.12;Graduate;624;C;data latih;Tidak dipanggil
MHS1375;1;7;1;9556;1;3;130.0;1;1;37;4;8;130.0;0;0;0;0;1;0;23;0;3;7;7;3;13.666666666666666;0;3;8;8;3;11.333333333333334;4;10.8;1.4;1.74;Dropout;490;E;data latih;Terhalang biaya
MHS1376;1;1;1;171;1;1;116.0;1;38;1;5;1;111.1;0;0;0;1;1;0;21;0;0;0;0;0;0.0;0;0;0;0;0;0.0;0;13.9;-0.3;0.79;Dropout;558;D;data uji;Menghilang dari kelas
MHS1377;1;17;1;9147;1;1;136.0;1;1;1;9;3;122.7;1;0;0;1;1;0;18;0;0;5;6;5;12.0;0;0;5;7;4;12.5;0;15.5;2.8;-4.06;Enrolled;614;C;mahasiswa aktif;Tidak dipanggil
MHS1378;1;1;1;171;1;1;147.0;1;37;19;7;7;134.4;1;0;0;1;1;1;18;0;0;0;0;0;0.0;0;0;0;0;0;0.0;0;10.8;1.4;1.74;Graduate;591;D;data latih;Menghilang dari kelas
MHS1379;1;1;5;9070;1;1;117.0;1;19;37;5;5;131.0;1;0;1;0;1;0;21;0;0;6;6;1;14.0;0;0;6;7;0;0.0;7;9.4;-0.8;-3.12;Dropout;488;E;data latih;Terhalang biaya
MHS1380;1;51;1;9238;1;1;141.0;1;1;1;5;9;125.0;0;0;0;1;1;0;22;0;0;6;6;0;0.0;0;0;6;7;0;0.0;0;11.1;0.6;2.02;Dropout;550;D;data latih;Menghilang dari kelas
MHS1381;1;18;1;9556;1;1;133.1;1;3;19;2;8;106.0;1;0;0;1;1;0;21;0;0;7;8;7;12.375;0;0;7;11;5;12.583333333333334;0;8.9;1.4;3.51;Graduate;630;C;data latih;Tidak dipanggil
MHS1382;1;39;1;9500;1;1;133.1;1;38;19;9;9;128.0;1;0;0;0;1;0;32;0;0;7;0;0;0.0;0;0;8;0;0;0.0;0;16.2;0.3;-0.92;Dropout;459;E;data latih;Menghilang dari kelas
MHS1383;1;7;1;9003;1;3;120.0;1;1;19;4;1;120.0;1;0;0;1;1;0;27;0;14;18;21;18;11.421052631578949;0;10;13;16;13;11.076923076923077;1;15.5;2.8;-4.06;Graduate;608;C;data latih;Tidak dipanggil
MHS1384;1;1;1;9500;1;1;148.0;1;19;38;9;8;134.8;1;0;0;1;1;0;18;0;0;7;7;6;13.35;0;0;7;7;6;13.35;0;7.6;2.6;0.32;Graduate;701;A;data latih;Tidak dipanggil
MHS1385;1;39;1;9070;1;1;130.0;1;1;1;5;3;112.0;1;0;0;1;1;1;24;0;0;6;6;6;15.0;0;0;6;6;2;16.0;0;15.5;2.8;-4.06;Graduate;660;B;data uji;Tidak dipanggil
MHS1386;1;1;1;9130;1;1;120.0;1;19;37;1;9;116.1;1;0;0;1;1;0;22;0;0;5;9;2;10.5;0;0;5;5;0;0.0;0;12.7;3.7;-1.7;Dropout;575;D;data uji;Berjuang secara akademik
MHS1387;1;43;1;9130;1;1;120.0;1;2;3;3;2;120.0;1;0;0;0;1;0;22;0;0;6;0;0;0.0;0;0;4;6;0;0.0;2;10.8;1.4;1.74;Dropout;452;E;data uji;Menghilang dari kelas
MHS1388;1;1;3;9147;1;1;133.0;1;37;37;9;5;119.7;1;0;0;1;1;0;19;0;0;5;8;5;13.25;0;0;5;6;5;11.833333333333334;0;13.9;-0.3;0.79;Graduate;629;C;data latih;Tidak dipanggil
MHS1389;1;17;6;9119;1;1;129.0;1;37;13;4;90;117.1;1;0;0;1;1;0;19;0;0;5;10;0;0.0;0;0;5;5;0;0.0;0;7.6;2.6;0.32;Dropout;536;E;data latih;Berjuang secara akademik
MHS1390;1;1;2;9085;1;1;118.0;1;1;19;3;3;112.4;1;0;0;1;1;0;21;0;0;5;7;4;11.5;0;0;5;15;3;10.6;4;10.8;1.4;1.74;Enrolled;595;D;mahasiswa aktif;Berjuang secara akademik
MHS1391;1;1;2;9500;1;1;140.0;1;1;1;2;7;131.0;1;0;0;1;0;1;18;0;0;8;8;8;13.88125;0;0;8;8;8;13.88125;0;9.4;-0.8;-3.12;Graduate;735;A;data latih;Tidak dipanggil
MHS1392;1;1;2;9254;1;1;127.0;1;3;19;3;10;130.9;1;0;0;1;0;0;18;0;0;6;8;6;11.333333333333334;0;0;6;8;5;12.6;0;9.4;-0.8;-3.12;Graduate;639;C;data latih;Tidak dipanggil
MHS1393;1;1;1;171;1;1;131.0;1;19;19;9;9;134.9;1;0;1;1;0;0;20;0;0;0;0;0;0.0;0;0;0;0;0;0.0;0;16.2;0.3;-0.92;Dropout;532;E;data uji;Menghilang dari kelas
MHS1394;1;17;1;9238;1;1;132.0;1;1;19;4;9;127.1;1;0;0;1;0;0;19;0;0;6;7;6;12.857142857142858;0;0;6;7;6;13.666666666666666;0;13.9;-0.3;0.79;Graduate;691;B;data uji;Tidak dipanggil
MHS1395;1;17;5;9773;1;1;113.0;1;38;38;191;175;110.2;1;0;1;1;0;0;19;0;0;6;6;5;11.6;0;0;6;6;6;12.5;0;8.9;1.4;3.51;Graduate;628;C;data uji;Tidak dipanggil
MHS1396;1;17;1;9254;1;1;115.0;1;12;1;9;3;108.7;1;0;0;1;0;1;18;0;0;6;9;5;11.4;0;0;6;6;6;11.333333333333334;0;12.4;0.5;1.79;Graduate;655;C;data latih;Tidak dipanggil
MHS1397;1;1;1;9130;1;1;133.1;1;1;1;3;9;138.0;1;0;0;1;0;0;20;0;0;6;11;6;13.333333333333334;0;0;6;10;6;13.0;0;16.2;0.3;-0.92;Enrolled;679;B;mahasiswa aktif;Tidak dipanggil
MHS1398;1;44;1;9070;1;39;150.0;1;12;37;3;9;147.7;0;0;1;1;0;1;22;0;2;7;7;7;13.571428571428571;0;5;9;9;9;13.77777777777778;0;12.4;0.5;1.79;Graduate;676;B;data latih;Tidak dipanggil
MHS1399;2;39;1;9556;1;19;133.1;1;37;38;9;9;123.0;0;0;0;1;0;0;31;0;0;7;13;6;11.833333333333334;0;0;7;8;7;12.228571428571428;0;12.4;0.5;1.79;Graduate;634;C;data latih;Tidak dipanggil
MHS1400;1;17;1;9853;1;1;141.0;1;19;19;9;8;142.8;0;0;0;1;0;1;19;0;0;7;7;7;14.428571428571429;0;0;7;7;7;14.142857142857142;0;16.2;0.3;-0.92;Graduate;710;A;data latih;Tidak dipanggil
MHS1401;1;1;2;171;1;1;140.0;1;1;3;3;3;138.3;1;0;0;1;0;0;18;0;0;0;0;0;0.0;0;0;0;0;0;0.0;0;12.4;0.5;1.79;Enrolled;562;D;mahasiswa aktif;Menghilang dari kelas
MHS1402;1;1;2;9254;1;1;136.0;1;38;38;9;7;125.2;1;0;0;1;0;1;18;0;0;6;8;6;12.285714285714286;0;0;6;9;5;12.4;0;8.9;1.4;3.51;Graduate;675;B;data latih;Tidak dipanggil
MHS1403;1;1;1;9085;1;1;140.0;1;12;1;1;90;141.8;0;0;0;1;0;0;21;0;0;5;7;5;14.4;0;0;5;5;5;13.8;0;7.6;2.6;0.32;Graduate;644;C;data latih;Tidak dipanggil
MHS1404;1;17;5;9500;1;1;143.0;1;38;1;9;7;130.6;1;0;0;1;0;1;18;0;0;7;8;7;13.15;0;0;8;9;8;15.06875;0;13.9;-0.3;0.79;Graduate;726;A;data latih;Tidak dipanggil
MHS1405;1;44;1;9147;1;39;130.0;22;2;37;2;8;130.0;0;0;1;0;1;0;25;1;0;5;6;0;0.0;0;0;5;5;0;0.0;0;15.5;2.8;-4.06;Dropout;437;E;data latih;Terhalang biaya
MHS1406;1;15;1;9119;1;1;133.1;41;1;3;5;8;100.0;0;0;1;1;1;0;21;1;0;5;5;0;0.0;0;0;6;8;0;0.0;0;11.1;0.6;2.02;Dropout;506;E;data latih;Menghilang dari kelas
MHS1407;1;18;2;9500;1;1;129.0;1;38;37;5;5;119.0;1;0;0;1;0;1;19;0;0;8;8;7;12.342857142857143;0;0;8;8;7;12.342857142857143;0;10.8;1.4;1.74;Graduate;709;A;data uji;Tidak dipanggil
MHS1408;1;1;2;9773;1;1;132.0;1;38;1;9;9;124.3;1;0;0;1;0;0;19;0;0;6;6;5;12.2;0;0;6;7;5;10.8;0;10.8;1.4;1.74;Enrolled;604;C;mahasiswa aktif;Tidak dipanggil
MHS1409;1;17;1;9254;1;1;118.0;1;11;34;5;0;122.2;1;0;0;1;0;0;22;0;0;6;10;4;10.5;0;0;6;14;1;11.0;0;7.6;2.6;0.32;Dropout;576;D;data latih;Berjuang secara akademik
MHS1410;1;15;1;9147;1;1;150.0;1;38;1;9;1;150.0;0;0;0;1;1;0;19;0;0;5;5;5;10.6;0;0;5;8;5;11.6;0;12.4;0.5;1.79;Graduate;583;D;data latih;Berjuang secara akademik
MHS1411;1;39;1;8014;0;19;133.1;1;37;37;9;5;135.5;0;0;0;1;0;0;58;0;0;6;6;0;0.0;0;0;6;6;0;0.0;0;11.1;0.6;2.02;Dropout;529;E;data latih;Berjuang secara akademik
MHS1412;1;16;2;9238;1;1;122.0;1;19;37;9;7;127.3;1;0;0;1;0;1;19;0;0;6;8;4;11.25;0;0;6;6;6;12.0;0;10.8;1.4;1.74;Graduate;687;B;data latih;Tidak dipanggil
MHS1413;1;43;1;9670;1;1;127.0;22;37;37;9;9;127.0;1;0;0;1;1;0;23;1;3;9;11;6;10.5;0;4;10;10;10;11.7;0;9.4;-0.8;-3.12;Graduate;621;C;data uji;Tidak dipanggil
MHS1414;1;1;2;9773;1;1;122.0;1;37;37;9;9;126.9;1;0;0;1;0;1;19;0;0;6;11;4;11.0;0;0;6;11;3;11.666666666666666;0;9.4;-0.8;-3.12;Enrolled;626;C;mahasiswa aktif;Tidak dipanggil
MHS1415;1;18;3;9500;1;1;131.0;1;19;1;4;7;127.5;1;0;0;1;0;0;18;0;0;7;7;7;13.457142857142856;0;0;8;8;8;14.5125;0;13.9;-0.3;0.79;Graduate;695;A;data uji;Tidak dipanggil
MHS1416;1;1;2;9085;1;1;130.0;1;19;19;90;90;122.0;0;0;0;1;0;0;20;0;0;5;6;5;12.6;0;0;5;8;4;12.333333333333334;0;7.6;2.6;0.32;Graduate;629;C;data latih;Tidak dipanggil
MHS1417;1;17;5;9085;1;1;130.0;1;19;19;90;7;115.8;0;0;0;0;0;0;18;0;0;6;0;0;0.0;0;0;6;0;0;0.0;0;12.7;3.7;-1.7;Dropout;482;E;data latih;Menghilang dari kelas
MHS1418;1;17;1;9670;1;1;130.0;1;3;19;5;5;121.6;0;0;0;1;0;0;18;0;0;6;6;6;13.666666666666666;0;0;6;8;5;13.6;0;8.9;1.4;3.51;Graduate;647;C;data latih;Tidak dipanggil
MHS1419;1;17;4;9147;1;1;122.0;1;19;19;5;7;116.4;1;0;1;1;0;1;18;0;0;5;5;5;11.6;0;0;5;5;5;11.8;0;11.1;0.6;2.02;Graduate;590;D;data latih;Berjuang secara akademik
MHS1420;1;39;1;9130;1;1;114.0;1;38;38;9;10;120.0;0;0;0;1;0;0;24;0;0;6;9;6;12.571428571428571;0;0;6;10;5;12.833333333333334;0;11.1;0.6;2.02;Dropout;608;C;data latih;Tidak dipanggil
MHS1421;1;17;4;9853;1;1;143.0;1;37;37;9;5;127.3;1;0;0;1;0;0;18;0;0;6;7;5;11.8;0;0;6;7;5;11.4;0;10.8;1.4;1.74;Dropout;583;D;data latih;Berjuang secara akademik
MHS1422;1;1;3;9147;1;1;127.0;1;1;38;5;7;123.5;1;0;0;1;0;1;19;0;0;5;5;5;11.6;0;0;5;11;3;12.666666666666666;0;9.4;-0.8;-3.12;Enrolled;648;C;mahasiswa aktif;Tidak dipanggil
MHS1423;1;17;3;9238;1;1;141.0;1;19;38;9;7;125.6;1;0;0;1;0;1;19;0;0;6;8;6;11.333333333333334;0;0;6;6;6;11.833333333333334;0;8.9;1.4;3.51;Graduate;705;A;data uji;Tidak dipanggil
MHS1424;1;1;1;9254;1;1;129.0;1;38;38;6;6;118.5;1;0;0;1;0;0;18;0;0;6;6;6;10.666666666666666;0;0;6;6;6;11.5;0;7.6;2.6;0.32;Graduate;649;C;data latih;Tidak dipanggil
MHS1425;1;1;2;9130;1;1;140.0;1;19;37;9;9;129.5;1;0;0;1;0;0;18;0;0;5;10;4;13.5;1;0;5;5;5;13.4;0;12.7;3.7;-1.7;Enrolled;630;C;mahasiswa aktif;Tidak dipanggil
MHS1426;1;1;1;171;1;1;137.0;1;19;19;5;5;134.6;1;0;0;1;0;1;19;0;0;0;0;0;0.0;0;0;0;0;0;0.0;0;10.8;1.4;1.74;Graduate;589;D;data latih;Menghilang dari kelas
MHS1427;1;44;1;9085;1;1;140.0;1;4;4;2;6;140.0;0;0;0;1;0;0;22;0;2;6;9;6;13.333333333333334;0;1;6;9;4;11.5;0;13.9;-0.3;0.79;Graduate;604;C;data latih;Tidak dipanggil
MHS1428;1;1;1;9254;1;1;143.0;1;2;37;1;1;133.2;1;0;0;1;0;0;19;0;0;6;9;5;13.4;0;0;6;16;2;13.5;0;10.8;1.4;1.74;Enrolled;636;C;mahasiswa aktif;Tidak dipanggil
MHS1429;3;17;1;9238;1;1;138.0;1;37;37;9;9;133.5;1;0;0;1;0;1;21;0;0;6;8;3;10.2;0;0;6;13;4;12.25;0;12.7;3.7;-1.7;Enrolled;635;C;mahasiswa aktif;Tidak dipanggil
MHS1430;1;17;1;9773;1;1;120.0;1;19;38;9;7;117.9;1;0;0;1;0;1;21;0;0;6;6;5;13.0;0;0;6;7;6;12.833333333333334;0;8.9;1.4;3.51;Graduate;696;A;data uji;Tidak dipanggil
MHS1431;1;1;3;9500;1;1;144.0;1;38;38;5;7;128.0;1;0;0;1;0;1;18;0;0;8;11;7;12.90857142857143;0;0;8;11;7;12.90857142857143;0;10.8;1.4;1.74;Graduate;728;A;data latih;Tidak dipanggil
MHS1432;1;1;5;9853;1;1;123.0;1;1;12;4;9;113.2;1;0;0;1;0;0;20;0;0;6;12;4;12.0;0;0;6;11;1;10.0;0;10.8;1.4;1.74;Dropout;586;D;data uji;Berjuang secara akademik
MHS1433;1;1;3;9254;1;1;129.0;1;37;38;7;7;122.0;1;0;0;1;0;1;18;0;0;6;9;6;10.833333333333334;0;0;6;8;5;11.0;0;7.6;2.6;0.32;Enrolled;641;C;mahasiswa aktif;Tidak dipanggil
MHS1434;1;16;3;9070;1;1;152.0;1;1;38;4;8;156.9;1;0;0;1;0;0;19;0;0;6;6;6;15.333333333333334;0;0;6;9;6;15.833333333333334;0;12.7;3.7;-1.7;Graduate;692;B;data latih;Tidak dipanggil
MHS1435;1;1;2;9500;1;1;130.0;1;1;38;9;9;125.1;1;0;0;1;0;1;18;0;0;7;9;6;12.816666666666668;0;0;8;11;6;12.875;0;11.1;0.6;2.02;Enrolled;727;A;mahasiswa aktif;Tidak dipanggil
MHS1436;1;15;1;9147;1;1;133.1;41;41;1;3;4;100.0;0;0;1;0;1;0;26;1;6;7;7;6;13.0;0;2;6;6;2;14.0;0;11.1;0.6;2.02;Dropout;532;E;data latih;Terhalang biaya
MHS1437;1;15;1;9119;1;1;160.0;32;1;3;143;152;160.0;0;0;1;1;0;0;19;1;0;6;11;2;13.5;1;0;5;11;2;11.0;0;8.9;1.4;3.51;Enrolled;551;D;mahasiswa aktif;Berjuang secara akademik
MHS1438;2;39;1;8014;0;1;140.0;1;37;37;9;9;101.0;0;0;0;1;0;0;35;0;0;6;7;6;12.5;0;0;6;6;6;12.166666666666666;0;15.5;2.8;-4.06;Graduate;649;C;data uji;Tidak dipanggil
MHS1439;1;18;1;9670;1;1;133.0;1;1;1;9;9;121.5;1;0;0;1;0;1;19;0;0;6;7;6;13.0;0;0;6;6;6;14.333333333333334;0;12.4;0.5;1.79;Graduate;714;A;data latih;Tidak dipanggil
MHS1440;1;1;1;9085;1;1;138.0;1;38;37;9;6;126.8;1;0;0;1;1;0;18;0;0;5;6;4;11.75;0;0;5;10;5;12.571428571428571;1;10.8;1.4;1.74;Graduate;626;C;data latih;Tidak dipanggil
MHS1441;1;1;5;9670;1;1;142.0;1;19;19;7;3;132.9;0;0;0;1;1;0;19;0;0;5;5;4;12.5;0;0;5;5;4;14.25;0;7.6;2.6;0.32;Graduate;638;C;data latih;Tidak dipanggil
MHS1442;1;1;1;171;1;1;115.0;1;1;1;9;9;134.3;1;0;0;1;1;0;25;0;16;17;19;17;11.61111111111111;0;14;17;22;17;12.055555555555555;0;12.4;0.5;1.79;Graduate;660;B;data latih;Tidak dipanggil
MHS1443;1;17;6;9254;1;1;125.0;1;1;1;4;3;120.5;1;0;0;1;1;0;18;0;0;6;6;6;14.0;0;0;6;6;6;14.666666666666666;0;11.1;0.6;2.02;Graduate;691;B;data latih;Tidak dipanggil
MHS1444;1;17;1;9003;1;1;170.0;1;1;4;9;5;144.1;1;0;1;0;1;0;26;0;0;6;8;0;0.0;0;0;6;10;0;0.0;0;16.2;0.3;-0.92;Dropout;437;E;data latih;Terhalang biaya
MHS1445;1;43;1;9991;0;1;140.0;1;1;1;6;6;100.0;0;0;0;1;1;0;34;0;0;5;5;5;13.8;0;0;5;6;5;13.833333333333334;0;9.4;-0.8;-3.12;Graduate;611;C;data latih;Tidak dipanggil
MHS1446;1;1;2;9254;1;1;110.0;1;4;19;4;3;114.8;1;0;0;0;1;0;18;0;0;5;6;0;0.0;0;0;5;5;0;0.0;0;12.7;3.7;-1.7;Dropout;486;E;data latih;Terhalang biaya
MHS1447;1;1;1;171;1;1;114.0;1;3;29;3;5;111.9;0;0;0;0;1;0;18;0;0;0;0;0;0.0;0;0;0;0;0;0.0;0;9.4;-0.8;-3.12;Dropout;485;E;data latih;Menghilang dari kelas
MHS1448;1;17;3;9119;1;1;138.0;1;1;19;4;3;125.4;1;0;0;1;1;1;18;0;0;5;9;4;12.25;0;0;5;9;3;12.333333333333334;0;8.9;1.4;3.51;Dropout;634;C;data uji;Tidak dipanggil
MHS1449;1;44;1;9003;1;39;140.0;1;37;37;9;4;140.0;0;0;0;1;1;0;20;0;0;6;12;3;11.5;0;0;6;12;3;13.666666666666666;0;12.4;0.5;1.79;Dropout;613;C;data latih;Tidak dipanggil
MHS1450;1;44;1;9070;1;39;140.0;1;1;19;4;4;140.0;0;0;0;1;1;0;25;0;2;7;9;6;12.571428571428571;0;5;9;9;9;12.555555555555555;0;16.2;0.3;-0.92;Graduate;665;B;data latih;Tidak dipanggil
MHS1451;1;17;1;9130;1;1;132.0;1;2;1;4;1;127.8;0;0;0;1;1;0;18;0;0;6;9;6;12.0;0;0;6;10;5;12.166666666666666;0;11.1;0.6;2.02;Dropout;624;C;data latih;Tidak dipanggil
MHS1452;1;1;1;9003;1;1;148.0;1;19;37;9;9;131.6;1;0;0;1;1;0;19;0;8;12;17;11;12.0;2;4;12;21;12;12.307692307692308;0;15.5;2.8;-4.06;Graduate;669;B;data latih;Tidak dipanggil
MHS1453;1;1;1;171;1;1;132.0;1;1;1;4;1;119.4;1;0;0;1;1;0;20;0;0;0;0;0;0.0;0;0;0;0;0;0.0;0;10.8;1.4;1.74;Dropout;558;D;data latih;Menghilang dari kelas
MHS1454;1;18;2;9238;1;1;126.0;1;19;37;5;7;129.9;1;0;0;1;1;1;20;0;1;7;9;6;12.0;0;2;6;6;6;11.166666666666666;0;10.8;1.4;1.74;Graduate;674;B;data latih;Tidak dipanggil
MHS1455;1;1;1;9119;1;1;121.0;1;3;1;2;3;114.0;0;0;0;1;1;0;20;0;0;5;9;4;11.6;0;0;5;7;4;12.25;2;7.6;2.6;0.32;Enrolled;601;C;mahasiswa aktif;Tidak dipanggil
MHS1456;1;1;2;9147;1;1;120.0;1;1;37;4;9;113.4;1;0;0;1;1;1;19;0;0;5;5;0;0.0;0;0;5;5;0;0.0;0;11.1;0.6;2.02;Dropout;588;D;data latih;Menghilang dari kelas
MHS1457;1;1;1;9147;1;1;123.0;1;1;19;4;5;117.8;0;0;0;1;1;0;20;0;0;5;9;5;12.0;0;0;5;9;4;13.0;0;8.9;1.4;3.51;Enrolled;622;C;mahasiswa aktif;Tidak dipanggil
MHS1458;1;1;6;9500;1;1;122.0;1;1;1;3;7;114.3;1;0;0;1;1;0;18;0;0;7;8;6;13.976666666666668;0;0;8;12;6;12.041666666666666;1;11.1;0.6;2.02;Enrolled;698;A;mahasiswa aktif;Tidak dipanggil
MHS1459;1;1;1;9670;1;1;136.0;1;2;38;143;163;129.7;1;0;0;1;1;0;19;0;0;6;10;4;12.5;0;0;6;12;1;10.0;3;16.2;0.3;-0.92;Enrolled;601;C;mahasiswa aktif;Tidak dipanggil
MHS1460;1;18;1;9147;1;1;119.0;1;37;37;7;7;112.0;1;0;0;0;1;0;20;0;0;5;5;0;0.0;0;0;5;0;0;0.0;0;9.4;-0.8;-3.12;Dropout;471;E;data latih;Menghilang dari kelas
MHS1461;1;39;1;9670;1;1;120.0;1;38;37;7;7;140.0;0;0;0;1;1;0;24;0;0;6;15;4;10.5;0;0;6;16;4;12.5;0;15.5;2.8;-4.06;Dropout;588;D;data latih;Berjuang secara akademik
MHS1462;1;44;1;9003;1;39;150.0;1;38;38;9;8;150.0;1;0;0;1;1;0;20;0;0;6;8;5;12.857142857142858;0;0;6;11;6;12.3;0;16.2;0.3;-0.92;Graduate;655;C;data latih;Tidak dipanggil
MHS1463;1;1;3;9670;1;1;121.0;1;3;19;2;8;122.4;1;0;0;1;1;0;19;0;0;5;7;3;11.666666666666666;0;0;5;5;4;12.0;0;9.4;-0.8;-3.12;Enrolled;621;C;mahasiswa aktif;Tidak dipanggil
MHS1464;1;51;1;9119;1;1;140.0;1;1;19;4;4;150.0;0;0;0;1;1;0;23;0;0;5;7;2;13.0;0;0;5;11;1;10.0;0;8.9;1.4;3.51;Dropout;566;D;data latih;Berjuang secara akademik
MHS1465;1;17;2;9254;1;1;135.0;1;19;19;4;3;135.0;1;0;0;1;1;0;20;0;0;6;8;6;11.833333333333334;0;0;6;9;5;10.4;0;7.6;2.6;0.32;Enrolled;601;C;mahasiswa aktif;Tidak dipanggil
MHS1466;1;43;4;8014;0;1;116.0;1;34;34;0;0;116.2;0;0;0;1;1;0;21;0;9;11;11;11;12.454545454545457;0;3;11;17;8;12.75;0;9.4;-0.8;-3.12;Graduate;667;B;data latih;Tidak dipanggil
MHS1467;1;17;2;9119;1;1;120.0;1;10;12;9;9;120.4;1;0;0;1;1;0;20;0;0;5;6;3;11.0;0;0;5;6;0;0.0;0;10.8;1.4;1.74;Dropout;567;D;data latih;Berjuang secara akademik
MHS1468;2;17;5;9119;1;1;126.0;1;37;38;4;4;122.9;1;0;0;1;1;0;21;0;0;5;10;4;13.2;0;0;5;7;4;14.25;2;7.6;2.6;0.32;Enrolled;614;C;mahasiswa aktif;Tidak dipanggil
MHS1469;1;1;1;9773;1;1;170.0;1;1;19;9;7;155.0;0;0;0;1;1;1;18;0;0;6;6;6;15.5;0;0;6;6;6;14.166666666666666;0;11.1;0.6;2.02;Graduate;730;A;data latih;Tidak dipanggil
MHS1470;1;1;3;9254;1;1;123.0;1;1;1;4;3;123.4;1;0;0;1;1;0;18;0;0;6;8;6;12.333333333333334;0;0;6;6;6;13.666666666666666;0;11.1;0.6;2.02;Graduate;688;B;data latih;Tidak dipanggil
MHS1471;1;17;1;9147;1;1;120.0;1;3;38;3;7;124.2;1;0;0;1;1;0;18;0;0;5;13;5;12.0;0;0;5;9;4;11.4;0;13.9;-0.3;0.79;Enrolled;587;D;mahasiswa aktif;Berjuang secara akademik
MHS1472;1;44;1;9003;1;39;130.0;1;3;3;7;1;130.0;1;0;0;1;1;0;20;0;0;6;12;4;11.6;0;0;6;11;5;11.5;0;15.5;2.8;-4.06;Enrolled;581;D;mahasiswa aktif;Berjuang secara akademik
MHS1473;1;17;1;9773;1;1;130.0;1;19;38;4;9;126.2;0;0;0;1;1;1;18;0;0;6;7;6;11.333333333333334;0;0;6;8;6;12.285714285714286;0;16.2;0.3;-0.92;Graduate;701;A;data latih;Tidak dipanggil
MHS1474;1;17;1;9773;1;1;117.0;1;37;37;0;4;120.5;1;0;0;1;1;0;19;0;0;6;12;0;0.0;1;0;6;0;0;0.0;0;9.4;-0.8;-3.12;Dropout;557;D;data latih;Menghilang dari kelas
MHS1475;1;17;1;9119;1;1;131.0;1;1;3;9;10;123.7;1;0;0;1;1;0;20;0;0;5;7;4;12.0;0;0;5;8;2;12.5;0;10.8;1.4;1.74;Enrolled;594;D;mahasiswa aktif;Berjuang secara akademik
MHS1476;1;17;1;9130;1;1;130.0;1;19;38;4;7;122.5;0;0;0;1;1;0;19;0;0;5;11;4;12.0;1;0;5;9;5;12.6;0;9.4;-0.8;-3.12;Graduate;606;C;data latih;Tidak dipanggil
MHS1477;1;39;1;9991;0;1;133.0;1;37;37;9;5;139.2;1;0;1;1;1;0;33;0;0;5;11;2;12.5;0;0;5;9;2;11.5;1;12.7;3.7;-1.7;Dropout;534;E;data uji;Berjuang secara akademik
MHS1478;1;51;1;171;1;1;128.0;1;2;1;3;3;131.2;1;0;0;1;1;0;21;0;6;12;12;12;13.666666666666666;0;4;11;16;11;13.0;0;8.9;1.4;3.51;Graduate;675;B;data latih;Tidak dipanggil
MHS1479;2;39;1;9003;1;1;133.1;1;1;19;4;4;120.0;0;0;1;0;1;0;25;0;0;6;17;2;14.5;2;0;6;13;0;0.0;1;15.5;2.8;-4.06;Dropout;467;E;data latih;Terhalang biaya
MHS1480;1;1;1;9085;1;1;123.0;1;1;1;4;9;116.7;1;0;0;1;1;1;20;0;0;6;10;4;13.2;0;0;6;8;0;0.0;0;12.4;0.5;1.79;Dropout;634;C;data latih;Tidak dipanggil
MHS1481;1;53;1;9085;1;42;150.0;1;1;1;9;4;150.0;1;0;0;1;1;1;22;0;1;7;11;5;12.166666666666666;0;4;8;14;5;14.8;0;8.9;1.4;3.51;Dropout;650;C;data latih;Tidak dipanggil
MHS1482;4;39;1;9773;1;19;133.1;1;37;37;9;1;117.5;0;0;0;1;0;0;39;0;0;6;10;4;11.25;0;0;6;6;6;11.333333333333334;0;10.8;1.4;1.74;Graduate;599;C;data latih;Tidak dipanggil
MHS1483;1;1;2;9670;1;1;140.0;1;3;1;2;6;137.6;1;0;0;1;1;1;21;0;0;6;8;6;15.166666666666666;0;0;6;7;6;14.428571428571429;0;8.9;1.4;3.51;Graduate;723;A;data uji;Tidak dipanggil
MHS1484;1;17;1;9254;1;1;126.0;1;1;1;9;9;124.3;0;0;0;1;0;1;19;0;0;6;8;6;11.166666666666666;0;0;6;7;4;13.4;0;16.2;0.3;-0.92;Graduate;664;B;data latih;Tidak dipanggil
MHS1485;1;39;1;9500;1;19;133.1;1;37;37;9;7;116.0;0;0;0;1;0;1;26;0;0;7;8;6;10.983333333333334;0;0;7;8;6;10.983333333333334;0;7.6;2.6;0.32;Graduate;653;C;data uji;Tidak dipanggil
MHS1486;1;18;2;9238;1;1;121.0;1;19;1;4;3;121.4;1;0;0;1;0;1;19;0;0;6;8;4;10.75;0;0;6;11;5;11.5;0;15.5;2.8;-4.06;Graduate;623;C;data uji;Tidak dipanggil
MHS1487;1;53;1;9085;1;42;140.0;1;1;3;4;2;142.8;1;0;0;0;0;1;20;0;7;12;15;11;13.384615384615383;0;4;9;13;7;14.285714285714286;0;8.9;1.4;3.51;Graduate;636;C;data latih;Tidak dipanggil
MHS1488;1;17;1;9670;1;1;133.1;1;1;37;4;9;96.0;1;0;0;1;0;1;25;0;0;6;8;6;11.285714285714286;0;0;6;10;5;12.2;0;15.5;2.8;-4.06;Enrolled;648;C;mahasiswa aktif;Tidak dipanggil
MHS1489;1;43;1;8014;0;1;131.0;1;19;37;8;5;125.0;0;0;0;1;1;0;24;0;0;6;13;0;0.0;3;0;6;6;0;0.0;0;16.2;0.3;-0.92;Dropout;540;E;data latih;Berjuang secara akademik
MHS1490;1;17;6;9119;1;1;124.0;1;19;19;4;0;126.1;1;0;0;1;1;0;20;0;0;5;7;4;13.0;0;0;5;9;5;14.833333333333334;3;7.6;2.6;0.32;Graduate;614;C;data latih;Tidak dipanggil
MHS1491;2;39;1;9003;1;1;120.0;1;37;37;9;9;155.8;0;0;0;1;1;0;29;0;0;6;9;6;16.11111111111111;0;0;6;7;6;13.5;0;13.9;-0.3;0.79;Graduate;653;C;data uji;Tidak dipanggil
MHS1492;1;1;1;9773;1;1;133.1;1;1;3;9;9;116.0;0;0;0;1;1;0;20;0;0;6;8;6;11.5;0;0;6;8;6;11.0;0;16.2;0.3;-0.92;Graduate;648;C;data latih;Tidak dipanggil
MHS1493;1;44;1;9130;1;39;110.0;1;3;4;2;2;110.0;1;0;0;1;1;0;20;0;0;6;15;4;10.75;0;0;6;12;2;10.5;0;13.9;-0.3;0.79;Dropout;576;D;data latih;Berjuang secara akademik
MHS1494;1;39;1;9670;1;19;133.1;1;19;1;5;8;97.2;1;0;0;1;1;1;24;0;0;6;10;4;11.6;0;0;6;8;5;13.0;0;11.1;0.6;2.02;Graduate;622;C;data latih;Tidak dipanggil
MHS1495;1;39;1;9500;1;19;133.1;1;1;3;2;2;100.0;0;0;1;1;1;0;24;0;0;7;21;0;0.0;3;0;7;7;0;0.0;0;16.2;0.3;-0.92;Dropout;512;E;data latih;Berjuang secara akademik
MHS1496;1;7;1;9119;1;40;140.0;1;3;1;2;5;140.0;0;0;0;1;1;0;23;0;0;5;5;5;13.8;0;0;5;7;5;14.142857142857142;0;11.1;0.6;2.02;Graduate;591;D;data uji;Berjuang secara akademik
MHS1497;1;43;1;9556;1;1;130.0;1;1;37;5;5;128.0;1;0;0;1;1;0;20;0;0;7;8;7;13.585714285714284;0;0;8;8;8;14.6875;0;15.5;2.8;-4.06;Graduate;674;B;data latih;Tidak dipanggil
MHS1498;1;17;2;9670;1;1;110.0;1;1;1;4;10;115.3;1;0;0;1;1;0;19;0;0;6;8;6;13.857142857142858;0;0;6;8;5;13.0;0;15.5;2.8;-4.06;Graduate;647;C;data latih;Tidak dipanggil
MHS1499;4;39;1;9003;1;1;140.0;1;37;37;9;8;150.0;0;0;0;1;1;0;28;0;0;6;12;5;12.0;0;0;6;10;6;12.333333333333334;0;11.1;0.6;2.02;Enrolled;622;C;mahasiswa aktif;Tidak dipanggil
MHS1500;1;44;1;9003;1;39;160.0;1;1;38;4;4;160.0;1;0;0;1;1;1;20;0;0;6;9;6;13.444444444444445;0;0;6;9;5;12.6;0;13.9;-0.3;0.79;Graduate;663;B;data latih;Tidak dipanggil
MHS1501;1;1;1;9070;1;1;138.0;1;38;37;3;3;133.1;0;0;0;1;1;0;18;0;0;6;6;6;14.0;0;0;6;7;6;13.857142857142858;0;8.9;1.4;3.51;Graduate;703;A;data latih;Tidak dipanggil
MHS1502;1;1;1;9670;1;1;126.0;1;1;1;90;90;119.0;1;0;1;1;1;0;20;0;0;6;10;1;12.0;1;0;6;0;0;0.0;0;10.8;1.4;1.74;Dropout;548;E;data uji;Menghilang dari kelas
MHS1503;2;39;1;9991;0;1;120.0;1;37;19;5;3;156.0;1;0;0;1;1;0;33;0;0;5;5;5;14.2;0;0;5;6;5;13.833333333333334;0;10.8;1.4;1.74;Graduate;602;C;data latih;Tidak dipanggil
MHS1504;2;39;1;9500;1;1;130.0;1;37;37;191;183;163.7;0;0;0;1;0;0;35;0;0;7;11;5;13.34;0;0;7;9;5;10.84;0;12.4;0.5;1.79;Enrolled;579;D;mahasiswa aktif;Berjuang secara akademik
MHS1505;1;39;1;9500;1;40;130.0;1;37;37;9;7;130.0;0;0;0;1;0;0;27;0;3;8;12;7;12.457142857142856;0;3;8;12;7;12.457142857142856;0;12.7;3.7;-1.7;Enrolled;656;C;mahasiswa aktif;Tidak dipanggil
MHS1506;1;17;5;9773;1;1;122.0;1;38;38;7;7;123.1;1;0;0;0;0;0;19;0;0;6;12;3;11.0;0;0;6;12;3;12.0;0;9.4;-0.8;-3.12;Dropout;540;E;data latih;Terhalang biaya
MHS1507;1;39;1;9991;0;1;160.0;41;37;19;9;9;160.0;0;0;0;1;0;1;31;1;0;5;13;4;10.5;0;0;5;10;4;10.5;0;15.5;2.8;-4.06;Enrolled;582;D;mahasiswa aktif;Berjuang secara akademik
MHS1508;1;1;1;171;1;1;134.0;1;19;37;7;7;136.1;1;0;0;1;1;0;19;0;0;0;0;0;0.0;0;0;0;0;0;0.0;0;9.4;-0.8;-3.12;Graduate;560;D;data latih;Menghilang dari kelas
MHS1509;1;43;1;9070;1;1;134.0;1;19;37;7;7;132.7;1;0;0;1;1;0;22;0;9;13;13;13;14.0;0;7;12;13;12;13.0;0;15.5;2.8;-4.06;Graduate;670;B;data uji;Tidak dipanggil
MHS1510;1;43;1;9500;1;1;140.0;100;1;1;6;6;128.2;0;0;0;1;0;0;39;1;0;7;0;0;0.0;0;0;8;0;0;0.0;0;12.7;3.7;-1.7;Dropout;545;E;data latih;Menghilang dari kelas
MHS1511;1;17;1;9254;1;1;127.0;1;1;1;4;8;126.7;1;0;0;0;1;0;22;0;0;1;1;0;0.0;0;0;6;0;0;0.0;0;12.4;0.5;1.79;Dropout;466;E;data latih;Menghilang dari kelas
MHS1512;2;39;1;9991;0;1;133.1;1;37;19;9;10;150.0;0;0;0;1;1;0;47;0;0;5;8;4;10.0;0;0;5;8;4;12.5;0;9.4;-0.8;-3.12;Enrolled;565;D;mahasiswa aktif;Berjuang secara akademik
MHS1513;1;17;1;171;1;1;143.0;1;19;37;5;9;156.3;1;0;0;1;1;1;19;0;0;0;0;0;0.0;0;0;0;0;0;0.0;0;11.1;0.6;2.02;Graduate;582;D;data uji;Menghilang dari kelas
MHS1514;1;10;1;9254;1;1;115.0;24;3;1;9;9;116.1;1;0;0;1;0;0;19;1;0;6;6;6;13.5;0;0;6;6;6;14.333333333333334;0;12.4;0.5;1.79;Graduate;685;B;data latih;Tidak dipanggil
MHS1515;1;17;1;9500;1;1;131.0;1;19;37;9;9;123.8;1;0;0;1;0;0;19;0;0;7;0;0;0.0;0;0;8;0;0;0.0;0;15.5;2.8;-4.06;Dropout;564;D;data latih;Menghilang dari kelas
MHS1516;1;1;1;171;1;1;146.0;1;19;37;9;7;153.0;1;0;0;1;0;1;21;0;15;17;18;17;13.38888888888889;0;15;17;18;17;14.88888888888889;0;11.1;0.6;2.02;Graduate;718;A;data latih;Tidak dipanggil
MHS1517;1;7;1;9500;1;5;140.0;1;19;1;4;1;140.0;1;0;0;0;0;0;39;0;0;7;0;0;0.0;0;0;8;0;0;0.0;0;12.4;0.5;1.79;Dropout;458;E;data latih;Menghilang dari kelas
MHS1518;1;17;1;171;1;1;135.0;1;19;1;4;1;131.9;1;0;0;1;1;0;19;0;6;12;12;12;13.583333333333334;0;4;11;12;11;13.583333333333334;0;8.9;1.4;3.51;Graduate;679;B;data latih;Tidak dipanggil
MHS1519;1;1;1;171;1;1;133.0;1;37;19;9;8;141.4;0;0;0;1;1;1;20;0;0;0;0;0;0.0;0;0;0;0;0;0.0;0;13.9;-0.3;0.79;Enrolled;587;D;mahasiswa aktif;Menghilang dari kelas
MHS1520;1;39;1;9147;1;12;133.1;1;1;1;9;4;140.0;1;0;1;0;1;0;24;0;0;5;5;0;0.0;0;0;5;5;0;0.0;0;12.7;3.7;-1.7;Dropout;423;E;data latih;Terhalang biaya
MHS1521;1;39;1;9991;0;1;120.0;1;19;19;9;9;115.0;1;0;0;1;1;0;27;0;0;5;9;1;10.0;0;0;5;5;0;0.0;0;12.7;3.7;-1.7;Dropout;522;E;data latih;Berjuang secara akademik
MHS1522;2;39;1;9991;0;1;133.1;1;37;37;9;9;168.0;0;0;0;1;1;0;29;0;0;5;5;5;15.2;0;0;5;5;5;15.2;0;11.1;0.6;2.02;Graduate;602;C;data uji;Tidak dipanggil
MHS1523;1;17;1;9085;1;1;130.0;1;19;1;9;4;101.3;1;0;0;1;1;0;20;0;0;6;12;4;12.8;0;0;6;17;0;0.0;0;12.4;0.5;1.79;Dropout;595;D;data latih;Berjuang secara akademik
MHS1524;1;1;1;9670;1;1;125.0;1;19;1;7;4;122.6;0;0;0;1;1;0;21;0;0;5;7;5;11.166666666666666;0;0;5;5;4;11.0;0;9.4;-0.8;-3.12;Dropout;592;D;data latih;Berjuang secara akademik
MHS1525;1;1;1;171;1;1;134.0;1;3;2;2;2;141.7;1;0;0;1;1;0;18;0;0;0;0;0;0.0;0;0;0;0;0;0.0;0;7.6;2.6;0.32;Enrolled;562;D;mahasiswa aktif;Menghilang dari kelas
MHS1526;1;1;1;9500;1;1;151.0;1;1;1;4;3;132.3;0;0;0;1;1;0;19;0;0;8;9;7;12.828571428571427;0;0;8;9;7;12.828571428571427;0;12.7;3.7;-1.7;Graduate;694;B;data uji;Tidak dipanggil
MHS1527;1;17;1;9773;1;1;112.0;1;1;1;5;1;111.7;0;0;1;0;1;0;19;0;0;6;6;6;12.5;0;0;6;10;4;12.6;0;15.5;2.8;-4.06;Dropout;537;E;data latih;Terhalang biaya
MHS1528;1;39;1;9119;1;1;120.0;1;37;37;9;9;98.7;0;0;0;1;1;1;28;0;0;5;12;3;10.0;0;0;5;10;3;12.4;0;12.4;0.5;1.79;Graduate;584;D;data latih;Berjuang secara akademik
MHS1529;1;15;1;9254;1;1;140.0;26;19;1;9;7;140.0;1;0;0;0;0;0;21;1;0;6;6;6;11.5;0;0;6;10;4;13.25;0;13.9;-0.3;0.79;Graduate;554;D;data latih;Terhalang biaya
MHS1530;1;10;1;9500;1;1;140.0;24;3;3;2;9;140.0;1;0;1;0;0;0;23;1;0;8;11;7;11.328571428571427;0;0;8;11;7;11.328571428571427;0;12.7;3.7;-1.7;Dropout;532;E;data latih;Terhalang biaya
MHS1531;4;39;1;9003;1;1;133.1;1;19;19;9;4;100.7;0;0;0;1;0;0;39;0;0;6;15;2;13.0;2;0;6;13;3;13.0;1;15.5;2.8;-4.06;Enrolled;598;D;mahasiswa aktif;Berjuang secara akademik
MHS1532;1;17;3;9500;1;1;143.0;1;38;1;9;5;133.8;1;0;0;1;0;0;18;0;0;7;7;6;13.033333333333331;0;0;7;7;6;13.033333333333331;0;7.6;2.6;0.32;Graduate;694;B;data latih;Tidak dipanggil
MHS1533;2;15;1;9773;1;1;133.1;41;37;37;9;6;100.0;0;0;0;1;0;0;59;1;0;6;8;6;12.166666666666666;0;0;6;7;4;11.75;0;11.1;0.6;2.02;Graduate;598;D;data latih;Berjuang secara akademik
MHS1534;1;7;1;9119;1;4;180.0;1;4;3;2;7;180.0;0;0;1;1;1;0;30;0;0;5;6;4;14.5;0;0;5;10;3;16.2;0;13.9;-0.3;0.79;Enrolled;563;D;mahasiswa aktif;Berjuang secara akademik
MHS1535;1;1;1;9085;1;1;136.0;1;1;38;9;9;130.8;1;0;0;1;0;0;18;0;0;5;7;5;14.4;1;0;5;5;5;13.6;0;12.7;3.7;-1.7;Graduate;643;C;data latih;Tidak dipanggil
MHS1536;2;44;1;9991;0;39;140.0;1;37;37;9;9;140.0;0;0;0;1;0;0;41;0;2;6;10;4;12.25;0;3;7;9;6;12.5;0;9.4;-0.8;-3.12;Enrolled;638;C;mahasiswa aktif;Tidak dipanggil
MHS1537;1;39;1;9500;1;1;130.0;1;37;19;9;8;106.2;1;0;0;1;0;0;27;0;0;7;14;0;0.0;0;0;7;14;0;0.0;0;11.1;0.6;2.02;Dropout;538;E;data latih;Berjuang secara akademik
MHS1538;1;1;1;9238;1;1;141.0;1;38;19;9;10;125.6;1;0;0;1;0;1;18;0;0;6;6;6;12.666666666666666;0;0;6;6;6;12.0;0;9.4;-0.8;-3.12;Graduate;721;A;data latih;Tidak dipanggil
MHS1539;1;18;5;9853;1;1;121.0;1;38;19;7;7;117.5;1;0;1;0;0;0;20;0;0;6;14;2;12.0;0;0;6;14;3;11.666666666666666;0;10.8;1.4;1.74;Dropout;474;E;data uji;Terhalang biaya
MHS1540;2;39;1;9119;1;3;120.0;1;37;37;4;7;122.5;0;0;0;0;0;0;32;0;0;5;6;0;0.0;0;0;5;5;0;0.0;0;12.7;3.7;-1.7;Dropout;431;E;data latih;Terhalang biaya
MHS1541;1;17;1;9147;1;1;129.0;1;38;37;3;5;132.9;1;0;0;1;0;0;19;0;0;5;5;3;11.666666666666666;0;0;5;10;4;10.8;0;9.4;-0.8;-3.12;Dropout;585;D;data latih;Berjuang secara akademik
MHS1542;2;39;1;9853;1;12;133.1;1;37;37;7;8;103.0;0;0;0;1;0;0;41;0;0;6;0;0;0.0;0;0;6;0;0;0.0;0;16.2;0.3;-0.92;Dropout;520;E;data latih;Menghilang dari kelas
MHS1543;4;17;5;8014;0;1;100.0;1;19;19;90;90;107.0;0;0;0;1;0;0;38;0;0;5;12;1;10.0;0;0;5;10;0;0.0;0;10.8;1.4;1.74;Dropout;544;E;data latih;Berjuang secara akademik
MHS1544;1;7;1;9130;1;2;133.1;6;42;1;4;9;100.0;0;0;0;1;1;0;35;1;0;7;8;0;0.0;1;0;6;9;0;0.0;0;8.9;1.4;3.51;Dropout;517;E;data latih;Berjuang secara akademik
MHS1545;1;39;1;8014;0;1;133.1;1;34;34;0;0;100.0;1;0;0;1;0;0;27;0;0;6;11;4;12.25;0;0;6;16;3;12.0;0;7.6;2.6;0.32;Dropout;598;D;data latih;Berjuang secara akademik
MHS1546;1;17;1;9070;1;1;139.0;1;1;37;4;9;131.3;1;0;0;1;0;0;19;0;0;6;10;4;12.0;1;0;6;6;6;12.5;0;7.6;2.6;0.32;Graduate;656;C;data uji;Tidak dipanggil
MHS1547;1;18;1;9773;1;1;125.0;1;19;37;9;5;122.2;0;0;0;0;0;0;18;0;0;6;7;5;12.6;0;0;6;6;5;11.8;0;11.1;0.6;2.02;Enrolled;520;E;mahasiswa aktif;Terhalang biaya
MHS1548;2;39;1;9991;0;9;133.1;1;34;34;0;0;118.4;0;0;0;0;0;0;39;0;0;5;5;0;0.0;0;0;5;5;0;0.0;0;7.6;2.6;0.32;Dropout;443;E;data latih;Terhalang biaya
MHS1549;2;7;1;9254;1;2;100.0;1;37;37;9;9;100.0;0;0;0;0;0;0;37;0;0;5;5;0;0.0;0;0;5;10;0;0.0;0;10.8;1.4;1.74;Dropout;448;E;data latih;Terhalang biaya
MHS1550;5;39;1;9500;1;1;110.0;1;38;38;9;9;110.0;0;0;0;0;0;0;37;0;0;8;8;0;0.0;1;0;8;8;0;0.0;1;12.7;3.7;-1.7;Dropout;459;E;data latih;Terhalang biaya
MHS1551;2;43;1;8014;0;1;133.1;1;34;34;0;0;100.0;0;0;0;1;0;1;35;0;11;16;16;16;12.6875;0;11;13;13;13;12.0;0;9.4;-0.8;-3.12;Graduate;685;B;data latih;Tidak dipanggil
MHS1552;1;43;1;9147;1;1;123.0;1;37;37;9;9;106.2;0;0;0;1;0;0;49;0;9;13;22;10;10.4;0;4;9;18;6;10.666666666666666;0;12.7;3.7;-1.7;Graduate;619;C;data uji;Tidak dipanggil
MHS1553;1;7;1;9147;1;40;110.0;1;37;37;9;9;110.0;0;0;0;1;0;0;52;0;11;15;26;14;10.466666666666669;0;9;12;16;12;10.923076923076923;0;13.9;-0.3;0.79;Graduate;607;C;data latih;Tidak dipanggil
MHS1554;1;1;2;9085;1;1;130.0;1;1;38;5;5;122.3;1;0;0;1;0;0;18;0;0;5;10;5;14.333333333333334;2;0;5;8;5;13.0;1;9.4;-0.8;-3.12;Graduate;643;C;data latih;Tidak dipanggil
MHS1555;1;39;1;8014;0;1;133.1;1;37;37;9;9;112.5;0;0;0;1;0;1;30;0;0;7;7;6;14.666666666666666;1;0;6;7;6;14.333333333333334;0;10.8;1.4;1.74;Graduate;693;B;data latih;Tidak dipanggil
MHS1556;1;1;2;9500;1;1;97.0;1;1;19;2;7;98.1;1;0;0;1;0;0;21;0;0;7;7;7;12.835714285714284;0;0;8;8;8;14.23125;0;11.1;0.6;2.02;Graduate;700;A;data latih;Tidak dipanggil
MHS1557;1;1;1;9119;1;1;130.0;1;37;19;9;5;140.2;1;0;0;1;1;0;20;0;0;5;5;0;0.0;0;0;5;0;0;0.0;0;9.4;-0.8;-3.12;Dropout;541;E;data latih;Menghilang dari kelas
MHS1558;1;17;1;9147;1;1;139.0;1;1;38;6;6;143.6;1;0;1;1;1;0;18;0;0;5;9;0;0.0;0;0;5;5;0;0.0;0;7.6;2.6;0.32;Enrolled;528;E;mahasiswa aktif;Menghilang dari kelas
MHS1559;1;16;1;171;1;1;150.0;1;37;37;9;9;134.6;1;0;0;1;1;0;19;0;0;0;0;0;0.0;0;0;0;0;0;0.0;0;7.6;2.6;0.32;Dropout;551;D;data uji;Menghilang dari kelas
MHS1560;1;1;3;9500;1;1;141.0;1;3;19;2;10;126.8;1;0;0;1;1;0;18;0;0;8;8;8;13.24875;0;0;8;8;8;13.24875;0;9.4;-0.8;-3.12;Graduate;699;A;data latih;Tidak dipanggil
MHS1561;1;15;1;33;1;1;133.1;41;2;3;2;4;100.0;0;0;0;1;1;0;20;1;0;7;10;7;12.857142857142858;0;0;7;7;4;12.75;0;8.9;1.4;3.51;Enrolled;633;C;mahasiswa aktif;Tidak dipanggil
MHS1562;1;17;1;9130;1;1;137.0;1;38;19;5;7;130.0;1;0;0;1;0;0;21;0;0;6;12;5;13.6;0;0;6;10;4;14.25;0;12.4;0.5;1.79;Enrolled;624;C;mahasiswa aktif;Tidak dipanggil
MHS1563;1;1;4;9147;1;1;116.0;1;1;1;3;4;113.6;1;0;0;1;0;1;22;0;0;5;6;3;14.0;0;0;5;8;5;12.4;0;11.1;0.6;2.02;Graduate;649;C;data uji;Tidak dipanggil
MHS1564;1;44;1;9130;1;39;140.0;1;19;19;5;5;140.0;1;0;1;0;0;0;20;0;1;6;11;3;12.0;0;0;6;11;2;11.0;0;12.4;0.5;1.79;Enrolled;473;E;mahasiswa aktif;Terhalang biaya
MHS1565;1;17;4;9085;1;1;106.0;1;37;1;3;9;106.0;0;0;0;1;0;0;20;0;0;6;9;6;13.166666666666666;0;0;6;8;4;14.0;0;13.9;-0.3;0.79;Enrolled;651;C;mahasiswa aktif;Tidak dipanggil
MHS1566;1;17;6;9238;1;1;135.0;1;1;19;7;7;126.6;1;0;0;1;0;1;19;0;0;6;8;6;13.625;0;0;6;7;6;12.166666666666666;0;12.7;3.7;-1.7;Graduate;715;A;data latih;Tidak dipanggil
MHS1567;1;17;5;9500;1;1;144.0;1;19;38;9;5;130.7;1;0;0;1;0;1;18;0;0;7;8;7;14.85;0;0;8;9;8;15.61111111111111;0;13.9;-0.3;0.79;Graduate;728;A;data uji;Tidak dipanggil
MHS1568;1;1;2;9147;1;1;108.0;1;1;19;4;4;105.9;1;0;0;1;1;0;21;0;0;5;9;4;10.75;0;0;5;6;5;11.4;0;11.1;0.6;2.02;Graduate;590;D;data latih;Berjuang secara akademik
MHS1569;1;15;1;9556;1;1;137.0;26;19;1;9;4;137.0;0;0;1;1;0;0;19;1;0;7;11;0;0.0;4;0;7;11;2;11.666666666666666;0;8.9;1.4;3.51;Enrolled;523;E;mahasiswa aktif;Berjuang secara akademik
MHS1570;1;43;1;9130;1;1;133.1;6;37;37;9;6;100.0;0;0;0;1;0;0;37;1;0;6;0;0;0.0;0;0;6;0;0;0.0;0;13.9;-0.3;0.79;Dropout;527;E;data latih;Menghilang dari kelas
MHS1571;2;1;1;8014;0;1;121.0;1;37;37;9;9;114.4;1;0;0;1;0;0;45;0;8;12;14;12;14.0;0;2;7;12;7;13.857142857142858;0;7.6;2.6;0.32;Enrolled;684;B;mahasiswa aktif;Tidak dipanggil
MHS1572;1;39;1;9003;1;19;133.1;1;37;37;9;10;120.0;0;0;1;0;1;0;38;0;0;6;8;0;0.0;0;0;6;10;0;0.0;0;16.2;0.3;-0.92;Dropout;420;E;data latih;Terhalang biaya
MHS1573;6;39;1;9991;0;12;130.0;1;37;37;90;90;119.0;1;0;0;0;1;0;55;0;0;5;5;0;0.0;0;0;5;5;0;0.0;0;7.6;2.6;0.32;Dropout;443;E;data latih;Terhalang biaya
MHS1574;5;39;1;9003;1;1;133.1;1;37;37;9;7;110.0;0;0;1;0;0;0;28;0;0;6;17;5;13.0;0;0;6;11;4;11.75;0;13.9;-0.3;0.79;Dropout;465;E;data latih;Terhalang biaya
MHS1575;5;7;1;9991;0;2;120.0;1;37;37;6;6;120.0;0;0;0;1;0;0;46;0;6;8;12;8;12.375;0;4;9;11;5;12.4;0;8.9;1.4;3.51;Graduate;602;C;data uji;Tidak dipanggil
MHS1576;1;1;4;171;1;1;131.0;1;19;19;4;4;119.8;1;1;0;1;0;0;22;0;0;0;0;0;0.0;0;0;0;0;0;0.0;0;16.2;0.3;-0.92;Graduate;549;E;data latih;Menghilang dari kelas
MHS1577;2;39;2;9670;1;19;133.1;1;37;37;9;9;135.6;0;0;0;1;0;0;46;0;0;6;10;5;11.4;0;0;6;9;4;13.75;0;12.4;0.5;1.79;Dropout;591;D;data uji;Berjuang secara akademik
MHS1578;1;39;1;9991;0;1;100.0;1;19;37;5;5;120.7;0;0;0;1;0;0;28;0;0;5;9;4;11.25;0;0;5;7;4;13.0;0;7.6;2.6;0.32;Enrolled;587;D;mahasiswa aktif;Berjuang secara akademik
MHS1579;1;1;3;9085;1;1;131.0;1;37;19;9;8;136.3;1;0;1;0;0;0;18;0;0;5;7;3;13.0;0;0;5;8;3;12.0;0;7.6;2.6;0.32;Dropout;533;E;data uji;Terhalang biaya
MHS1580;1;16;1;171;1;1;158.0;1;38;37;9;9;164.3;1;0;0;1;1;1;18;0;0;0;0;0;0.0;0;0;0;0;0;0.0;0;10.8;1.4;1.74;Enrolled;582;D;mahasiswa aktif;Menghilang dari kelas
MHS1581;1;1;1;9773;1;1;146.0;1;37;37;9;7;149.2;1;0;0;1;1;1;21;0;0;6;6;6;13.5;0;0;6;6;6;14.166666666666666;0;12.7;3.7;-1.7;Graduate;724;A;data latih;Tidak dipanggil
MHS1582;1;16;2;9070;1;1;133.0;1;1;3;4;2;122.5;1;0;0;1;0;0;18;0;0;6;11;1;11.0;1;0;6;11;4;11.0;4;7.6;2.6;0.32;Enrolled;574;D;mahasiswa aktif;Berjuang secara akademik
MHS1583;1;43;1;9991;0;1;120.0;1;19;37;3;9;100.0;0;0;0;1;0;0;34;0;0;5;9;0;0.0;0;0;5;10;1;11.0;0;13.9;-0.3;0.79;Dropout;529;E;data uji;Berjuang secara akademik
MHS1584;1;17;1;9853;1;1;119.0;1;37;38;9;9;125.0;1;0;0;1;0;1;21;0;0;6;9;5;12.0;0;0;6;8;5;11.2;0;10.8;1.4;1.74;Dropout;608;C;data latih;Tidak dipanggil
MHS1585;1;1;1;9773;1;1;132.0;1;37;19;9;9;131.0;1;0;0;1;0;1;18;0;0;6;8;5;13.0;0;0;6;7;6;13.0;0;15.5;2.8;-4.06;Graduate;707;A;data uji;Tidak dipanggil
MHS1586;1;1;1;171;1;1;130.0;1;29;38;9;8;122.0;1;0;0;1;1;0;20;0;0;0;0;0;0.0;0;0;0;0;0;0.0;0;7.6;2.6;0.32;Graduate;558;D;data uji;Menghilang dari kelas
MHS1587;1;1;1;9147;1;1;132.0;1;38;37;7;7;131.3;1;0;0;1;0;0;18;0;0;5;8;4;12.0;0;0;5;8;4;12.25;0;9.4;-0.8;-3.12;Enrolled;621;C;mahasiswa aktif;Tidak dipanggil
MHS1588;1;17;2;9119;1;1;133.1;1;1;2;3;3;117.0;1;0;0;1;1;0;21;0;0;5;10;5;11.166666666666666;0;0;5;10;3;10.8;0;12.4;0.5;1.79;Enrolled;567;D;mahasiswa aktif;Berjuang secara akademik
MHS1589;1;17;1;9254;1;1;119.0;1;37;37;5;4;118.0;1;0;0;1;1;0;19;0;0;6;13;2;10.5;0;0;6;11;1;12.0;0;10.8;1.4;1.74;Dropout;614;C;data latih;Tidak dipanggil
MHS1590;1;17;2;8014;0;1;134.0;1;1;19;4;99;126.0;1;0;0;1;1;0;22;0;0;6;7;6;12.666666666666666;0;0;6;6;6;12.166666666666666;0;7.6;2.6;0.32;Graduate;666;B;data latih;Tidak dipanggil
MHS1591;1;44;1;9003;1;39;120.0;1;1;19;4;7;120.0;0;0;0;1;1;0;23;0;1;6;6;1;11.0;0;0;6;8;0;0.0;0;15.5;2.8;-4.06;Dropout;554;D;data latih;Menghilang dari kelas
MHS1592;1;17;4;171;1;1;172.0;1;3;1;2;10;155.6;1;0;0;1;1;0;19;0;0;0;0;0;0.0;0;0;0;0;0;0.0;0;9.4;-0.8;-3.12;Dropout;553;D;data uji;Menghilang dari kelas
MHS1593;1;1;4;9147;1;1;120.0;1;19;38;5;5;122.8;1;0;0;1;1;0;18;0;0;5;6;4;11.5;0;0;5;12;2;10.333333333333334;0;10.8;1.4;1.74;Enrolled;594;D;mahasiswa aktif;Berjuang secara akademik
MHS1594;1;1;3;171;1;1;129.0;1;38;37;9;3;127.3;1;0;1;0;1;1;19;0;0;0;0;0;0.0;0;0;0;0;0;0.0;0;9.4;-0.8;-3.12;Dropout;486;E;data latih;Menghilang dari kelas
MHS1595;1;17;1;9147;1;1;118.0;1;1;38;9;9;118.4;1;0;0;1;1;0;19;0;0;5;10;2;10.5;0;0;5;5;4;11.75;0;12.4;0.5;1.79;Enrolled;585;D;mahasiswa aktif;Berjuang secara akademik
MHS1596;1;1;1;9670;1;1;127.0;1;1;37;4;9;128.1;0;0;0;1;1;0;19;0;0;5;8;4;12.5;0;0;5;6;4;11.0;0;7.6;2.6;0.32;Enrolled;601;C;mahasiswa aktif;Tidak dipanggil
MHS1597;1;1;2;9500;1;1;133.1;1;37;37;9;9;99.0;1;0;0;1;1;0;22;0;0;7;9;6;12.833333333333334;0;0;8;12;6;12.5;0;16.2;0.3;-0.92;Enrolled;683;B;mahasiswa aktif;Tidak dipanggil
MHS1598;1;1;1;9773;1;1;164.0;1;19;1;9;9;161.2;0;0;0;1;1;1;18;0;0;6;7;6;15.571428571428571;0;0;6;7;6;16.142857142857142;0;13.9;-0.3;0.79;Graduate;730;A;data uji;Tidak dipanggil
MHS1599;1;17;1;9238;1;1;136.0;1;37;37;7;7;140.9;1;0;0;1;1;0;18;0;0;6;10;4;12.0;0;0;6;7;5;11.8;0;9.4;-0.8;-3.12;Dropout;598;D;data latih;Berjuang secara akademik
MHS1600;1;17;1;9773;1;1;117.0;1;38;38;9;9;111.1;0;0;1;1;1;0;19;0;0;6;6;4;11.25;0;0;6;6;3;11.333333333333334;0;16.2;0.3;-0.92;Dropout;564;D;data latih;Berjuang secara akademik
MHS1601;1;1;4;171;1;1;131.0;1;1;1;0;3;149.9;1;0;0;1;1;0;18;0;0;0;0;0;0.0;0;0;0;0;0;0.0;0;11.1;0.6;2.02;Graduate;562;D;data latih;Menghilang dari kelas
MHS1602;1;17;6;9670;1;1;110.0;1;1;19;4;10;111.3;0;0;0;1;1;0;21;0;0;6;10;6;12.285714285714286;0;0;6;11;4;14.25;0;15.5;2.8;-4.06;Enrolled;645;C;mahasiswa aktif;Tidak dipanggil
MHS1603;1;1;2;9254;1;1;125.0;1;1;19;4;1;121.5;1;0;0;1;1;0;18;0;0;6;12;5;11.0;0;0;6;11;3;10.333333333333334;0;9.4;-0.8;-3.12;Enrolled;596;D;mahasiswa aktif;Berjuang secara akademik
MHS1604;1;44;1;9003;1;39;120.0;1;19;38;6;6;120.0;1;0;0;1;1;0;19;0;0;6;8;6;12.142857142857142;0;0;6;11;5;13.6;0;12.4;0.5;1.79;Graduate;638;C;data latih;Tidak dipanggil
MHS1605;1;39;1;9003;1;19;133.1;1;1;19;9;8;120.0;0;0;1;0;1;0;27;0;0;6;11;2;11.5;0;0;6;7;0;0.0;0;8.9;1.4;3.51;Dropout;455;E;data uji;Terhalang biaya
MHS1606;1;53;1;9003;1;42;130.0;1;38;38;9;9;130.0;1;0;1;1;1;0;20;0;7;12;16;11;12.545454545454543;0;5;10;12;8;11.625;0;8.9;1.4;3.51;Enrolled;612;C;mahasiswa aktif;Tidak dipanggil
MHS1607;1;1;5;9254;1;1;101.0;1;3;19;3;9;98.9;1;0;0;1;1;0;20;0;0;6;10;4;13.0;0;0;6;6;6;13.0;0;12.4;0.5;1.79;Graduate;671;B;data latih;Tidak dipanggil
MHS1608;1;1;6;9500;1;1;141.0;1;4;3;2;1;136.3;1;0;0;1;1;0;18;0;0;8;9;8;12.8875;1;0;8;9;8;12.8875;1;9.4;-0.8;-3.12;Graduate;699;A;data latih;Tidak dipanggil
MHS1609;1;17;1;9773;1;1;128.0;1;38;19;9;10;125.2;1;0;0;1;1;0;18;0;0;6;6;6;12.666666666666666;0;0;6;7;5;13.6;0;12.4;0.5;1.79;Enrolled;647;C;mahasiswa aktif;Tidak dipanggil
MHS1610;1;1;2;9070;1;1;145.0;1;38;19;7;7;130.0;1;0;0;1;1;0;18;0;0;6;7;6;12.833333333333334;0;0;6;7;6;12.571428571428571;0;8.9;1.4;3.51;Graduate;691;B;data latih;Tidak dipanggil
MHS1611;1;1;1;9147;1;1;160.0;1;1;38;4;7;141.5;1;0;0;1;1;0;18;0;0;5;10;3;10.666666666666666;1;0;5;11;2;12.5;0;9.4;-0.8;-3.12;Dropout;621;C;data latih;Tidak dipanggil
MHS1612;1;16;5;9085;1;1;134.0;1;19;37;8;8;123.9;1;0;0;1;1;0;18;0;0;5;11;5;13.0;2;0;5;7;5;12.4;0;9.4;-0.8;-3.12;Enrolled;627;C;mahasiswa aktif;Tidak dipanggil
MHS1613;1;17;2;9500;1;1;125.0;1;19;19;5;5;114.5;1;0;0;1;0;0;18;0;0;7;11;6;11.983333333333334;0;0;8;12;8;12.28125;0;16.2;0.3;-0.92;Graduate;677;B;data latih;Tidak dipanggil
MHS1614;1;39;1;8014;0;15;133.1;1;34;34;0;0;100.0;1;0;0;0;0;0;37;0;0;5;9;0;0.0;0;0;5;5;0;0.0;5;9.4;-0.8;-3.12;Dropout;452;E;data latih;Terhalang biaya
MHS1615;2;39;1;8014;0;1;120.0;1;38;37;5;3;110.5;0;0;0;1;0;1;36;0;0;6;6;6;11.833333333333334;0;0;6;6;6;11.5;0;10.8;1.4;1.74;Graduate;644;C;data uji;Tidak dipanggil
MHS1616;2;39;1;9085;1;19;133.1;1;19;19;9;5;101.0;1;0;0;1;0;0;26;0;0;6;21;3;12.666666666666666;0;0;6;15;2;11.0;0;15.5;2.8;-4.06;Dropout;571;D;data latih;Berjuang secara akademik
MHS1617;1;1;1;9085;1;1;121.0;1;37;38;6;9;121.0;0;0;0;1;0;0;19;0;0;5;9;4;13.75;1;0;5;8;4;14.5;0;7.6;2.6;0.32;Graduate;646;C;data latih;Tidak dipanggil
MHS1618;1;39;1;8014;0;1;120.0;1;37;1;7;4;95.0;1;0;0;1;0;0;24;0;0;6;8;5;11.4;0;0;6;8;5;11.8;0;15.5;2.8;-4.06;Dropout;564;D;data uji;Berjuang secara akademik
MHS1619;1;1;2;9773;1;1;130.0;109;19;1;9;9;126.9;1;0;0;1;0;1;19;1;0;6;8;6;13.166666666666666;0;0;6;6;6;13.0;0;11.1;0.6;2.02;Dropout;721;A;data latih;Tidak dipanggil
MHS1620;1;42;1;9670;1;1;130.0;1;1;1;9;10;116.3;1;0;0;1;0;1;20;0;3;7;10;6;12.833333333333334;0;2;8;8;5;11.8;0;12.7;3.7;-1.7;Graduate;638;C;data latih;Tidak dipanggil
MHS1621;1;18;1;9670;1;1;128.0;1;19;3;9;7;120.0;1;0;0;1;0;0;19;0;0;6;8;6;14.125;0;0;6;10;5;14.5;0;11.1;0.6;2.02;Graduate;650;C;data latih;Tidak dipanggil
MHS1622;1;1;1;9085;1;1;126.0;1;38;37;9;9;123.6;1;0;0;1;0;0;21;0;0;5;10;3;11.666666666666666;0;0;5;5;5;13.0;0;10.8;1.4;1.74;Graduate;627;C;data latih;Tidak dipanggil
MHS1623;2;39;1;9556;1;1;120.0;1;37;37;9;4;150.0;0;0;0;0;0;0;50;0;0;7;18;6;10.25;0;0;7;14;4;11.25;0;12.7;3.7;-1.7;Dropout;480;E;data uji;Terhalang biaya
MHS1624;2;39;1;9556;1;1;100.0;1;37;37;9;9;120.0;0;0;0;1;0;0;47;0;1;7;16;6;12.514285714285716;0;0;7;15;4;11.75;0;12.7;3.7;-1.7;Dropout;579;D;data latih;Berjuang secara akademik
MHS1625;1;42;1;9853;1;1;120.0;1;1;19;4;7;111.3;0;0;0;1;0;0;24;0;9;13;17;10;11.5;0;7;13;18;9;10.444444444444445;0;16.2;0.3;-0.92;Dropout;619;C;data latih;Tidak dipanggil
MHS1626;1;39;1;9991;0;1;110.0;1;37;37;7;10;150.0;0;0;0;0;0;0;48;0;0;5;5;1;10.0;0;0;5;5;0;0.0;0;15.5;2.8;-4.06;Dropout;443;E;data latih;Terhalang biaya
MHS1627;1;1;1;9085;1;1;127.0;1;37;2;9;4;123.2;1;0;0;1;0;1;18;0;0;6;7;6;15.714285714285714;0;0;6;17;5;12.77777777777778;0;12.4;0.5;1.79;Graduate;683;B;data latih;Tidak dipanggil
MHS1628;1;44;1;9991;0;39;130.0;1;37;37;5;5;130.0;1;0;0;1;1;0;32;0;2;6;9;4;12.5;0;3;7;7;4;11.0;0;9.4;-0.8;-3.12;Dropout;574;D;data latih;Berjuang secara akademik
MHS1629;1;1;1;9670;1;1;141.0;1;19;3;4;0;137.9;1;0;0;0;1;0;20;0;0;5;6;3;12.0;0;0;5;5;4;12.75;0;7.6;2.6;0.32;Dropout;542;E;data uji;Terhalang biaya
MHS1630;1;39;1;9119;1;1;120.0;1;37;38;9;8;100.0;0;0;1;1;1;0;24;0;0;5;11;0;0.0;0;0;5;5;0;0.0;0;16.2;0.3;-0.92;Dropout;484;E;data latih;Berjuang secara akademik
MHS1631;2;39;1;9130;1;19;133.1;1;37;38;9;9;120.0;0;0;0;1;1;0;53;0;0;5;9;4;12.25;2;0;5;8;4;11.75;0;9.4;-0.8;-3.12;Graduate;558;D;data uji;Berjuang secara akademik
MHS1632;2;39;1;9773;1;19;133.1;1;19;19;9;4;131.0;0;0;1;0;1;0;42;0;0;4;5;0;0.0;0;0;4;4;0;0.0;0;13.9;-0.3;0.79;Dropout;426;E;data uji;Terhalang biaya
MHS1633;2;39;1;9991;0;12;133.1;1;37;37;9;9;133.8;1;0;0;1;1;0;52;0;0;5;5;5;13.6;0;0;5;5;5;14.2;0;7.6;2.6;0.32;Graduate;600;C;data latih;Tidak dipanggil
MHS1634;1;43;1;8014;0;1;130.0;1;38;3;132;122;100.0;0;0;0;1;1;0;54;0;9;13;14;13;13.307692307692308;0;7;11;12;11;12.818181818181818;0;12.7;3.7;-1.7;Enrolled;664;B;mahasiswa aktif;Tidak dipanggil
MHS1635;2;39;1;9991;0;1;110.0;1;37;37;9;10;150.0;0;0;0;1;1;0;49;0;0;5;6;5;12.2;0;0;5;9;5;11.8;0;15.5;2.8;-4.06;Graduate;560;D;data latih;Berjuang secara akademik
MHS1636;1;17;1;9670;1;1;125.0;1;38;37;7;5;126.4;0;0;0;1;1;1;18;0;0;6;7;6;12.285714285714286;0;0;6;7;6;13.333333333333334;1;16.2;0.3;-0.92;Graduate;710;A;data latih;Tidak dipanggil
MHS1637;2;39;1;9130;1;1;130.0;1;1;19;6;6;154.0;1;0;0;1;1;0;37;0;1;5;12;3;12.0;2;1;5;8;4;13.0;1;10.8;1.4;1.74;Graduate;583;D;data latih;Berjuang secara akademik
MHS1638;1;1;1;9500;1;1;121.0;1;1;1;4;4;114.9;0;0;0;1;1;1;21;0;0;7;9;6;13.342857142857143;0;0;8;10;7;11.65;0;12.4;0.5;1.79;Graduate;692;B;data latih;Tidak dipanggil
MHS1639;1;39;1;9670;1;9;133.1;1;37;37;5;3;110.0;0;0;1;1;1;0;26;0;0;5;5;0;0.0;0;0;5;5;0;0.0;0;9.4;-0.8;-3.12;Dropout;502;E;data uji;Menghilang dari kelas
MHS1640;1;1;1;9070;1;1;147.0;1;3;1;2;3;149.8;1;0;0;1;1;0;20;0;5;12;12;11;14.272727272727272;0;5;12;12;11;14.818181818181818;0;16.2;0.3;-0.92;Graduate;697;A;data latih;Tidak dipanggil
MHS1641;1;1;4;9500;1;1;128.0;1;1;37;4;3;117.9;1;0;0;1;0;1;19;0;0;7;9;7;12.1375;0;0;8;9;8;12.91111111111111;0;12.4;0.5;1.79;Graduate;723;A;data latih;Tidak dipanggil
MHS1642;1;1;2;9070;1;1;164.0;1;38;38;9;7;165.8;1;0;0;1;0;0;18;0;0;6;7;6;14.166666666666666;0;0;6;7;6;14.857142857142858;0;9.4;-0.8;-3.12;Graduate;703;A;data uji;Tidak dipanggil
MHS1643;1;17;5;9500;1;1;137.0;1;1;1;4;4;127.6;1;0;0;1;0;0;18;0;0;7;7;7;13.528571428571428;0;0;8;9;8;14.655555555555557;0;12.4;0.5;1.79;Graduate;697;A;data latih;Tidak dipanggil
MHS1644;1;17;2;8014;0;1;122.0;1;37;19;9;9;123.8;0;0;0;1;0;0;20;0;0;6;8;5;12.0;0;0;6;8;6;11.0;0;10.8;1.4;1.74;Graduate;625;C;data latih;Tidak dipanggil
MHS1645;1;17;4;9254;1;1;124.0;1;3;3;3;3;126.1;1;0;0;1;0;0;20;0;0;5;5;5;11.4;0;0;6;11;1;11.0;0;10.8;1.4;1.74;Dropout;585;D;data latih;Berjuang secara akademik
MHS1646;1;1;2;171;1;1;120.0;1;3;19;4;7;119.7;1;0;0;1;0;0;21;0;0;0;0;0;0.0;0;0;0;0;0;0.0;0;8.9;1.4;3.51;Dropout;558;D;data latih;Menghilang dari kelas
MHS1647;1;1;2;171;1;1;117.0;1;1;19;3;3;121.6;1;0;0;1;0;0;22;0;6;12;12;12;12.916666666666666;0;4;11;16;11;14.5;0;8.9;1.4;3.51;Graduate;680;B;data latih;Tidak dipanggil
MHS1648;1;43;1;9500;1;1;140.0;1;1;38;4;7;100.0;0;0;0;1;0;1;18;0;0;7;8;7;13.6375;0;0;8;8;8;14.3875;0;13.9;-0.3;0.79;Graduate;720;A;data latih;Tidak dipanggil
MHS1649;1;1;5;9500;1;1;130.0;1;19;37;9;7;127.6;1;0;0;1;0;0;18;0;0;7;10;7;12.9;0;0;8;15;7;12.142857142857142;0;15.5;2.8;-4.06;Dropout;694;B;data uji;Tidak dipanggil
MHS1650;1;1;1;9500;1;1;138.0;1;1;38;4;9;132.5;1;0;0;1;0;1;19;0;0;8;8;7;14.36;0;0;8;8;7;14.36;0;10.8;1.4;1.74;Graduate;733;A;data latih;Tidak dipanggil
MHS1651;1;1;1;9500;1;1;141.0;1;3;1;9;9;124.3;0;0;0;1;0;0;19;0;0;8;8;7;14.514285714285714;0;0;8;8;7;14.514285714285714;0;12.7;3.7;-1.7;Enrolled;704;A;mahasiswa aktif;Tidak dipanggil
MHS1652;1;1;3;9500;1;1;142.0;1;1;1;4;7;131.0;1;0;0;1;0;0;18;0;0;8;8;7;14.7;0;0;8;8;7;14.7;0;10.8;1.4;1.74;Graduate;706;A;data latih;Tidak dipanggil
MHS1653;1;7;1;9991;0;40;120.0;1;43;3;3;3;120.0;0;0;0;1;0;0;27;0;0;5;5;5;15.2;0;0;5;6;5;14.0;0;11.1;0.6;2.02;Enrolled;603;C;mahasiswa aktif;Tidak dipanggil
MHS1654;1;1;3;9556;1;1;122.0;1;19;19;3;10;113.3;1;0;0;1;0;1;20;0;0;7;7;7;13.0;0;0;8;8;8;15.0625;0;12.4;0.5;1.79;Graduate;716;A;data latih;Tidak dipanggil
MHS1655;1;1;2;9853;1;1;131.0;1;1;1;2;9;121.9;1;0;0;1;0;0;20;0;0;6;6;6;13.5;0;0;6;6;0;0.0;0;12.7;3.7;-1.7;Dropout;612;C;data latih;Tidak dipanggil
MHS1656;1;1;2;9085;1;1;120.0;1;38;1;9;3;118.3;1;0;0;1;0;0;20;0;0;5;11;5;12.333333333333334;2;0;5;7;5;12.6;0;9.4;-0.8;-3.12;Graduate;629;C;data latih;Tidak dipanggil
MHS1657;1;1;1;9147;1;1;131.0;1;3;19;1;4;118.8;0;0;0;1;0;0;19;0;0;5;6;5;13.4;0;0;5;6;5;13.0;0;16.2;0.3;-0.92;Graduate;634;C;data latih;Tidak dipanggil
MHS1658;1;1;2;9085;1;1;130.0;1;37;19;9;8;129.0;0;0;0;1;0;0;20;0;0;5;7;4;11.75;0;0;5;9;2;10.5;0;7.6;2.6;0.32;Enrolled;595;D;mahasiswa aktif;Berjuang secara akademik
MHS1659;1;43;3;171;1;1;120.0;1;37;37;9;9;143.3;1;0;0;1;0;1;20;0;0;0;0;0;0.0;0;0;0;0;0;0.0;0;7.6;2.6;0.32;Graduate;574;D;data latih;Menghilang dari kelas
MHS1660;1;1;1;171;1;1;136.0;1;3;3;1;2;152.5;1;0;0;1;0;0;20;0;0;0;0;0;0.0;0;0;0;0;0;0.0;0;13.9;-0.3;0.79;Enrolled;558;D;mahasiswa aktif;Menghilang dari kelas
MHS1661;1;53;1;9085;1;42;160.0;1;1;19;4;6;155.7;1;0;0;1;0;0;27;0;7;12;17;11;14.727272727272728;0;4;9;10;7;14.142857142857142;0;8.9;1.4;3.51;Graduate;677;B;data uji;Tidak dipanggil
MHS1662;1;1;2;9085;1;1;157.0;1;3;3;5;2;153.9;1;0;0;1;0;0;18;0;0;6;7;6;16.571428571428573;0;0;6;6;6;15.666666666666666;0;13.9;-0.3;0.79;Graduate;701;A;data latih;Tidak dipanggil
MHS1663;1;1;1;9500;1;1;150.0;1;19;1;4;4;137.8;0;0;0;1;0;0;18;0;0;7;10;7;15.145;0;0;8;8;8;15.7425;0;15.5;2.8;-4.06;Graduate;706;A;data latih;Tidak dipanggil
MHS1664;1;17;1;9500;1;1;148.0;1;1;37;9;7;143.3;0;0;0;1;0;1;18;0;0;7;7;7;13.44285714285714;0;0;8;8;8;15.075;0;13.9;-0.3;0.79;Graduate;726;A;data latih;Tidak dipanggil
MHS1665;1;1;1;9085;1;1;120.0;1;37;37;9;1;123.2;0;0;0;1;0;0;20;0;0;5;8;5;14.166666666666666;2;0;5;6;4;11.75;2;9.4;-0.8;-3.12;Graduate;607;C;data latih;Tidak dipanggil
MHS1666;1;1;1;9773;1;1;150.0;1;1;1;4;4;138.1;1;0;0;1;0;0;19;0;0;6;7;6;14.0;0;0;6;7;5;15.0;0;11.1;0.6;2.02;Enrolled;662;B;mahasiswa aktif;Tidak dipanggil
MHS1667;1;17;1;9238;1;1;158.0;1;1;1;5;6;140.5;0;0;0;1;0;1;20;0;0;6;9;6;11.333333333333334;0;0;6;6;6;12.333333333333334;0;10.8;1.4;1.74;Graduate;703;A;data uji;Tidak dipanggil
MHS1668;1;1;4;9500;1;1;145.0;1;3;19;1;5;130.0;1;0;0;1;0;0;18;0;0;8;8;8;13.76125;0;0;8;8;8;13.76125;0;9.4;-0.8;-3.12;Graduate;701;A;data uji;Tidak dipanggil
MHS1669;1;44;1;9070;1;39;100.0;1;1;38;4;6;104.8;0;0;1;0;0;0;22;0;2;7;9;5;11.6;0;5;9;9;5;10.0;0;12.4;0.5;1.79;Dropout;477;E;data latih;Terhalang biaya
MHS1670;1;17;1;8014;0;1;136.0;1;37;37;5;8;132.5;0;0;1;1;0;1;22;0;1;6;7;4;12.75;0;1;6;8;5;13.0;0;13.9;-0.3;0.79;Graduate;621;C;data latih;Tidak dipanggil
MHS1671;1;39;1;9991;0;1;133.1;1;1;1;4;2;127.7;0;0;0;1;0;0;25;0;0;5;12;4;12.5;0;0;5;10;4;11.0;0;13.9;-0.3;0.79;Enrolled;562;D;mahasiswa aktif;Berjuang secara akademik
MHS1672;1;1;1;9085;1;1;148.0;1;19;3;4;2;136.5;0;0;0;1;0;0;19;0;0;6;13;6;15.307692307692308;0;0;6;9;6;14.0;0;15.5;2.8;-4.06;Graduate;699;A;data latih;Tidak dipanggil
MHS1673;1;44;1;9130;1;39;130.0;1;3;1;4;1;130.0;1;0;0;0;0;0;21;0;1;6;12;5;13.285714285714286;0;0;6;10;4;12.0;0;16.2;0.3;-0.92;Dropout;536;E;data latih;Terhalang biaya
MHS1674;1;39;1;9500;1;40;130.0;1;1;1;4;4;190.0;1;0;0;1;0;0;27;0;1;7;7;7;14.757142857142856;0;1;8;9;8;14.077777777777778;0;16.2;0.3;-0.92;Graduate;671;B;data latih;Tidak dipanggil
MHS1675;1;17;4;9500;1;1;136.0;1;1;1;4;9;128.5;1;0;0;1;0;0;18;0;0;7;7;6;12.766666666666666;0;0;7;7;6;12.766666666666666;0;7.6;2.6;0.32;Graduate;686;B;data uji;Tidak dipanggil
MHS1676;1;17;3;9254;1;1;122.0;1;1;1;4;4;126.6;0;0;0;0;0;0;18;0;0;5;5;5;10.4;0;0;6;13;0;0.0;0;10.8;1.4;1.74;Dropout;512;E;data latih;Terhalang biaya
MHS1677;1;17;1;9556;1;1;140.0;1;3;3;1;7;131.6;1;0;0;1;1;0;19;0;0;7;0;0;0.0;0;0;7;0;0;0.0;0;11.1;0.6;2.02;Dropout;551;D;data latih;Menghilang dari kelas
MHS1678;5;39;1;9991;0;1;110.0;1;1;1;3;3;119.0;0;0;0;1;1;1;35;0;0;5;10;4;10.5;0;0;5;6;5;12.6;0;8.9;1.4;3.51;Graduate;609;C;data latih;Tidak dipanggil
MHS1679;1;17;1;9085;1;1;130.0;1;37;36;4;90;127.6;0;0;0;1;1;0;23;0;0;5;6;4;14.25;0;0;5;6;5;13.4;0;7.6;2.6;0.32;Graduate;623;C;data uji;Tidak dipanggil
MHS1680;1;39;1;9500;1;1;133.1;1;1;37;9;9;100.0;0;0;0;1;1;0;28;0;0;7;11;3;11.916666666666666;1;0;7;17;0;0.0;0;16.2;0.3;-0.92;Dropout;571;D;data uji;Berjuang secara akademik
MHS1681;1;1;1;9119;1;1;128.0;1;38;38;9;7;124.5;1;0;0;1;1;0;19;0;0;5;10;3;10.666666666666666;0;0;5;9;2;14.0;2;7.6;2.6;0.32;Enrolled;613;C;mahasiswa aktif;Tidak dipanggil
MHS1682;1;1;1;9773;1;1;117.0;1;1;19;4;4;109.3;0;0;0;1;1;0;19;0;0;6;11;4;12.25;0;0;6;10;3;12.666666666666666;0;7.6;2.6;0.32;Enrolled;631;C;mahasiswa aktif;Tidak dipanggil
MHS1683;1;1;2;9670;1;1;124.0;1;19;1;9;4;117.7;1;0;1;1;1;0;20;0;0;5;5;4;12.0;0;0;5;6;5;11.6;0;9.4;-0.8;-3.12;Dropout;566;D;data latih;Berjuang secara akademik
MHS1684;1;1;1;9670;1;1;124.0;1;2;2;3;3;124.7;1;0;0;1;1;0;21;0;0;5;7;3;11.0;0;0;5;5;4;12.75;0;7.6;2.6;0.32;Dropout;619;C;data latih;Tidak dipanggil
MHS1685;1;17;3;9070;1;1;128.0;1;37;37;5;5;124.5;1;0;0;1;1;0;18;0;0;6;6;6;14.166666666666666;0;0;6;8;5;13.0;0;10.8;1.4;1.74;Graduate;654;C;data latih;Tidak dipanggil
MHS1686;1;1;5;9070;1;1;125.0;1;3;3;2;2;140.8;1;0;0;1;1;0;22;0;0;6;6;6;14.666666666666666;0;0;6;6;6;15.0;0;9.4;-0.8;-3.12;Graduate;690;B;data latih;Tidak dipanggil
MHS1687;1;17;3;9085;1;1;121.0;1;38;1;9;9;111.9;1;0;0;1;1;0;21;0;0;5;11;0;0.0;0;0;5;10;5;12.285714285714286;1;10.8;1.4;1.74;Graduate;582;D;data latih;Berjuang secara akademik
MHS1688;1;7;1;9556;1;3;140.0;1;3;3;2;2;140.0;0;0;1;0;1;0;38;0;0;7;8;3;12.666666666666666;0;0;5;5;0;0.0;0;13.9;-0.3;0.79;Dropout;459;E;data latih;Terhalang biaya
MHS1689;1;1;1;171;1;1;124.0;1;19;1;9;9;121.2;1;0;0;1;1;0;20;0;0;0;0;0;0.0;0;0;0;0;0;0.0;0;10.8;1.4;1.74;Enrolled;558;D;mahasiswa aktif;Menghilang dari kelas
MHS1690;1;43;4;171;1;1;136.0;1;37;37;9;9;123.8;1;0;0;1;1;0;19;0;0;0;0;0;0.0;0;0;0;0;0;0.0;0;7.6;2.6;0.32;Dropout;547;E;data latih;Menghilang dari kelas
MHS1691;1;7;1;9119;1;1;140.8;1;34;34;0;0;134.0;0;0;0;1;1;0;24;0;0;5;0;0;0.0;0;0;5;0;0;0.0;0;7.6;2.6;0.32;Dropout;509;E;data latih;Menghilang dari kelas
MHS1692;1;18;3;9070;1;1;142.0;1;1;37;4;7;130.8;1;0;0;0;1;0;19;0;0;6;0;0;0.0;0;0;6;0;0;0.0;0;12.7;3.7;-1.7;Dropout;480;E;data latih;Menghilang dari kelas
MHS1693;1;1;1;9500;1;1;133.0;1;37;38;9;9;130.2;1;0;0;1;1;1;19;0;0;7;7;7;13.7;0;0;8;9;8;14.022222222222222;0;16.2;0.3;-0.92;Graduate;731;A;data latih;Tidak dipanggil
MHS1694;1;1;1;9147;1;1;131.0;1;3;19;3;10;123.3;0;0;0;1;1;0;19;0;0;5;7;5;11.8;0;0;5;8;4;12.4;2;16.2;0.3;-0.92;Enrolled;619;C;mahasiswa aktif;Tidak dipanggil
MHS1695;1;39;1;9119;1;3;130.0;1;3;3;3;10;147.6;0;0;0;1;1;0;31;0;0;5;0;0;0.0;0;0;5;0;0;0.0;0;10.8;1.4;1.74;Dropout;508;E;data latih;Menghilang dari kelas
MHS1696;1;17;1;9670;1;1;120.0;1;38;37;9;8;113.4;1;0;0;1;1;1;19;0;0;6;6;6;13.333333333333334;0;0;6;7;6;13.285714285714286;0;8.9;1.4;3.51;Graduate;711;A;data latih;Tidak dipanggil
MHS1697;1;17;1;9070;1;1;141.0;1;19;38;4;5;133.7;1;0;0;1;1;0;22;0;0;6;7;5;11.4;0;0;6;6;6;12.166666666666666;0;7.6;2.6;0.32;Graduate;645;C;data latih;Tidak dipanggil
MHS1698;1;39;1;9085;1;1;130.0;1;34;1;0;2;128.2;0;0;0;1;1;0;25;0;0;5;5;0;0.0;0;0;5;5;0;0.0;0;7.6;2.6;0.32;Dropout;531;E;data latih;Menghilang dari kelas
MHS1699;1;1;1;9500;1;1;168.0;1;1;1;5;5;161.0;1;0;0;1;1;0;18;0;0;7;7;7;16.142857142857142;0;0;8;9;0;0.0;0;16.2;0.3;-0.92;Dropout;634;C;data latih;Tidak dipanggil
MHS1700;1;7;1;9500;1;3;130.0;1;37;37;90;90;130.0;1;0;0;1;1;0;30;0;0;8;8;0;0.0;8;0;8;8;0;0.0;8;9.4;-0.8;-3.12;Dropout;535;E;data latih;Menghilang dari kelas
MHS1701;1;1;1;9500;1;1;156.0;1;38;37;9;9;156.3;0;0;0;1;1;1;18;0;0;8;8;8;15.63375;0;0;8;8;8;15.63375;0;9.4;-0.8;-3.12;Graduate;735;A;data latih;Tidak dipanggil
MHS1702;1;1;1;9773;1;1;137.0;1;1;1;5;5;129.3;1;0;0;1;1;0;18;0;0;6;6;6;13.666666666666666;0;0;6;6;6;14.5;0;12.7;3.7;-1.7;Graduate;699;A;data uji;Tidak dipanggil
MHS1703;1;17;6;9773;1;1;131.0;1;34;34;0;0;129.3;0;0;0;1;1;0;18;0;0;6;0;0;0.0;0;0;6;0;0;0.0;0;7.6;2.6;0.32;Dropout;559;D;data uji;Menghilang dari kelas
MHS1704;1;1;1;9238;1;1;130.0;1;38;38;7;7;136.3;1;0;0;1;1;0;18;0;0;6;8;6;12.5;0;0;6;7;6;11.5;0;10.8;1.4;1.74;Graduate;665;B;data latih;Tidak dipanggil
MHS1705;1;39;1;9670;1;1;133.1;1;1;19;4;9;140.0;0;0;0;1;1;1;25;0;0;6;8;6;12.285714285714286;0;0;6;6;6;13.0;0;15.5;2.8;-4.06;Graduate;682;B;data latih;Tidak dipanggil
MHS1706;1;1;1;9119;1;1;131.0;1;3;1;4;1;135.9;0;0;0;1;1;0;18;0;0;5;10;2;14.0;0;0;5;7;3;11.0;1;7.6;2.6;0.32;Enrolled;590;D;mahasiswa aktif;Berjuang secara akademik
MHS1707;1;1;5;171;1;1;160.0;1;1;1;4;4;139.7;0;0;0;1;1;0;18;0;0;0;0;0;0.0;0;0;0;0;0;0.0;0;12.7;3.7;-1.7;Dropout;562;D;data latih;Menghilang dari kelas
MHS1708;1;1;4;9147;1;1;117.0;1;1;38;8;9;117.0;1;0;0;1;1;0;19;0;0;5;5;4;10.75;0;0;5;6;4;12.25;0;12.4;0.5;1.79;Enrolled;619;C;mahasiswa aktif;Tidak dipanggil
MHS1709;1;39;1;9556;1;19;133.1;1;19;1;7;10;105.0;0;0;0;1;1;0;25;0;0;7;14;4;12.95;1;0;7;11;4;13.125;1;15.5;2.8;-4.06;Dropout;600;C;data uji;Tidak dipanggil
MHS1710;1;1;3;9500;1;1;130.0;1;37;38;9;5;130.5;1;0;0;1;0;0;19;0;0;7;7;6;12.45;0;0;7;7;6;12.45;0;7.6;2.6;0.32;Graduate;691;B;data latih;Tidak dipanggil
MHS1711;1;44;1;9991;0;39;130.0;1;37;37;9;9;130.0;0;0;0;1;0;0;31;0;2;6;12;4;12.25;0;3;7;9;7;12.0;0;9.4;-0.8;-3.12;Enrolled;636;C;mahasiswa aktif;Tidak dipanggil
MHS1712;1;1;3;9500;1;1;137.0;1;19;19;5;4;131.5;1;0;0;1;0;1;20;0;0;8;8;8;13.38125;0;0;8;8;8;13.38125;0;9.4;-0.8;-3.12;Graduate;724;A;data uji;Tidak dipanggil
MHS1713;1;42;1;9500;1;1;133.1;41;3;1;3;10;100.0;1;0;0;0;0;0;33;1;1;7;10;5;12.16;0;0;6;7;5;11.34;0;12.4;0.5;1.79;Dropout;512;E;data uji;Terhalang biaya
MHS1714;1;44;1;9085;1;39;140.0;1;1;3;9;4;140.0;0;0;1;0;0;0;24;0;2;6;11;4;12.5;0;1;6;18;2;11.5;0;12.4;0.5;1.79;Enrolled;482;E;mahasiswa aktif;Terhalang biaya
MHS1715;1;17;4;9238;1;1;140.0;1;19;37;9;9;130.2;1;0;0;1;0;1;18;0;0;6;8;6;12.75;0;0;6;10;6;12.166666666666666;0;12.7;3.7;-1.7;Graduate;714;A;data uji;Tidak dipanggil
MHS1716;1;17;2;9500;1;1;135.0;1;1;19;4;10;133.5;1;0;0;1;0;0;19;0;0;8;8;8;13.3425;0;0;8;8;8;13.3425;0;9.4;-0.8;-3.12;Graduate;690;B;data uji;Tidak dipanggil
MHS1717;1;1;4;9500;1;1;140.0;1;38;38;7;7;133.2;1;0;0;1;0;1;20;0;0;7;10;7;14.175;0;0;8;14;6;13.03125;0;15.5;2.8;-4.06;Graduate;728;A;data uji;Tidak dipanggil
MHS1718;2;39;1;9500;1;1;100.0;1;37;38;4;4;130.0;0;0;0;1;1;1;33;0;0;8;16;1;10.0;1;0;8;16;1;10.0;1;12.7;3.7;-1.7;Enrolled;565;D;mahasiswa aktif;Berjuang secara akademik
MHS1719;1;39;1;9119;1;1;160.0;1;38;37;7;7;129.0;0;0;0;1;1;0;24;0;0;5;9;0;0.0;0;0;5;8;2;14.5;2;7.6;2.6;0.32;Dropout;547;E;data latih;Berjuang secara akademik
MHS1720;1;39;1;9991;0;19;133.1;1;2;1;2;4;100.0;0;0;0;1;1;0;24;0;0;5;7;0;0.0;0;0;5;7;0;0.0;0;16.2;0.3;-0.92;Dropout;522;E;data uji;Berjuang secara akademik
MHS1721;1;17;1;9085;1;1;128.0;1;38;37;9;9;116.5;1;0;0;1;1;0;18;0;0;5;6;5;12.0;0;0;5;8;5;12.142857142857142;0;10.8;1.4;1.74;Graduate;619;C;data latih;Tidak dipanggil
MHS1722;1;1;2;9254;1;1;121.0;1;37;37;9;9;124.2;1;0;0;1;0;1;18;0;0;6;8;6;10.571428571428571;0;0;6;9;5;11.4;0;16.2;0.3;-0.92;Graduate;641;C;data latih;Tidak dipanggil
MHS1723;1;51;1;9085;1;1;127.0;1;3;3;2;8;138.8;1;0;0;1;0;0;22;0;4;12;19;11;14.153846153846152;0;5;12;20;12;15.428571428571429;0;8.9;1.4;3.51;Graduate;677;B;data uji;Tidak dipanggil
MHS1724;1;1;1;9773;1;1;132.0;1;2;1;9;9;126.4;1;1;0;1;0;1;18;0;0;6;9;6;11.166666666666666;0;0;6;11;5;12.4;0;10.8;1.4;1.74;Graduate;671;B;data latih;Tidak dipanggil
MHS1725;1;1;1;171;1;1;147.0;1;19;19;3;10;151.9;1;0;0;1;0;0;21;0;13;17;20;17;12.0;0;14;17;18;17;12.666666666666666;0;11.1;0.6;2.02;Graduate;669;B;data uji;Tidak dipanggil
MHS1726;2;39;1;9991;0;1;110.0;1;37;37;5;1;120.0;1;0;0;1;0;0;38;0;0;5;11;3;11.333333333333334;0;0;5;9;4;12.0;0;9.4;-0.8;-3.12;Dropout;580;D;data latih;Berjuang secara akademik
MHS1727;1;43;1;9238;1;1;142.0;1;34;34;99;99;131.9;0;0;0;1;0;1;29;0;9;16;17;16;12.588235294117649;0;10;13;14;13;13.357142857142858;0;9.4;-0.8;-3.12;Graduate;696;A;data uji;Tidak dipanggil
MHS1728;1;44;1;9130;1;39;130.0;1;38;37;4;9;130.0;1;0;0;1;0;1;20;0;0;6;11;4;12.0;0;0;6;9;4;10.75;0;16.2;0.3;-0.92;Enrolled;605;C;mahasiswa aktif;Tidak dipanggil
MHS1729;1;17;1;9254;1;1;131.0;1;38;37;4;9;131.7;1;0;0;0;0;0;18;0;0;6;0;0;0.0;0;0;6;0;0;0.0;0;12.7;3.7;-1.7;Dropout;479;E;data latih;Menghilang dari kelas
MHS1730;2;43;1;9991;0;1;110.0;1;37;37;9;9;132.5;0;0;0;1;1;0;37;0;7;12;13;12;12.25;0;8;13;13;13;12.846153846153848;0;9.4;-0.8;-3.12;Graduate;652;C;data latih;Tidak dipanggil
MHS1731;1;1;3;9147;1;1;128.0;1;3;3;5;10;116.5;0;0;0;1;1;0;20;0;0;5;7;5;11.6;0;0;5;5;5;12.8;0;12.4;0.5;1.79;Graduate;617;C;data uji;Tidak dipanggil
MHS1732;1;1;1;9130;1;1;136.0;1;19;19;90;8;133.9;1;0;0;0;1;0;20;0;0;5;7;4;13.0;0;0;5;11;3;12.0;2;10.8;1.4;1.74;Dropout;544;E;data latih;Terhalang biaya
MHS1733;2;39;1;9119;1;1;120.0;1;37;38;9;10;145.4;0;0;1;1;1;0;40;0;0;5;11;3;10.666666666666666;0;0;5;5;2;12.5;0;16.2;0.3;-0.92;Dropout;542;E;data latih;Berjuang secara akademik
MHS1734;2;39;1;8014;0;1;140.0;1;37;3;9;10;172.0;0;0;0;1;1;0;44;0;5;11;21;9;12.333333333333334;0;8;11;16;9;11.0;0;12.4;0.5;1.79;Enrolled;620;C;mahasiswa aktif;Tidak dipanggil
MHS1735;1;1;1;9147;1;1;118.0;1;1;1;9;9;111.0;0;0;0;0;1;0;21;0;0;5;7;2;11.0;0;0;5;9;3;11.428571428571429;0;10.8;1.4;1.74;Dropout;513;E;data latih;Terhalang biaya
MHS1736;1;44;1;9070;1;39;120.0;1;2;19;3;8;120.0;0;0;0;1;1;0;21;0;2;7;10;6;13.428571428571429;0;5;9;9;8;13.125;0;16.2;0.3;-0.92;Graduate;682;B;data latih;Tidak dipanggil
MHS1737;1;1;6;9500;1;1;151.0;1;3;1;2;1;129.8;1;0;0;1;1;0;18;0;0;8;10;8;13.05375;2;0;8;10;8;13.05375;2;9.4;-0.8;-3.12;Graduate;699;A;data latih;Tidak dipanggil
MHS1738;1;1;5;9500;1;1;130.0;1;1;3;9;10;118.1;1;0;0;1;1;0;18;0;0;7;10;6;12.035714285714286;0;0;8;9;7;13.75;0;13.9;-0.3;0.79;Enrolled;696;A;mahasiswa aktif;Tidak dipanggil
MHS1739;1;39;1;9003;1;1;140.0;1;3;1;5;9;130.0;0;0;0;1;1;0;27;0;0;6;6;6;14.166666666666666;0;0;6;7;6;13.833333333333334;0;11.1;0.6;2.02;Graduate;660;B;data latih;Tidak dipanggil
MHS1740;2;39;1;9070;1;19;133.1;1;37;37;9;10;126.3;0;0;0;0;1;0;38;0;0;6;6;0;0.0;0;0;6;8;0;0.0;0;10.8;1.4;1.74;Dropout;454;E;data latih;Terhalang biaya
MHS1741;1;18;1;9130;1;1;146.0;1;3;3;5;2;137.8;0;0;0;1;1;0;18;0;0;6;11;5;13.6;0;0;6;13;3;12.666666666666666;0;13.9;-0.3;0.79;Dropout;616;C;data latih;Tidak dipanggil
MHS1742;1;17;4;9254;1;1;122.0;1;1;1;4;2;116.1;1;0;0;1;1;0;19;0;0;6;7;5;12.2;0;0;6;12;2;12.0;0;7.6;2.6;0.32;Enrolled;621;C;mahasiswa aktif;Tidak dipanggil
MHS1743;1;1;1;9130;1;1;121.0;1;3;19;2;9;115.4;1;0;0;1;1;0;18;0;0;6;8;6;13.714285714285714;0;0;6;7;5;13.333333333333334;0;15.5;2.8;-4.06;Dropout;646;C;data latih;Tidak dipanggil
MHS1744;1;43;1;9773;1;1;127.0;1;1;1;9;6;110.0;0;0;1;0;1;0;19;0;0;6;10;3;11.666666666666666;0;0;6;11;2;10.0;0;16.2;0.3;-0.92;Dropout;481;E;data uji;Terhalang biaya
MHS1745;1;39;1;9670;1;1;133.1;1;37;37;90;90;97.4;0;0;1;0;1;0;44;0;0;6;9;1;14.0;0;0;6;6;0;0.0;0;12.7;3.7;-1.7;Dropout;450;E;data uji;Terhalang biaya
MHS1746;1;44;1;9085;1;39;130.0;1;1;1;4;4;130.0;1;1;0;1;1;0;26;0;2;6;20;4;12.5;0;1;6;16;3;10.0;0;15.5;2.8;-4.06;Dropout;585;D;data latih;Berjuang secara akademik
MHS1747;1;43;1;9130;1;1;156.0;1;19;1;9;4;156.0;0;0;1;0;1;0;24;0;0;6;11;5;11.833333333333334;0;0;6;11;4;11.5;0;15.5;2.8;-4.06;Dropout;459;E;data uji;Terhalang biaya
MHS1748;1;39;1;9003;1;1;130.0;1;19;1;9;6;126.1;1;0;0;0;1;0;27;0;0;6;6;0;0.0;0;0;6;8;0;0.0;0;15.5;2.8;-4.06;Dropout;448;E;data uji;Terhalang biaya
MHS1749;1;39;1;9003;1;1;110.0;1;1;1;9;4;120.0;0;0;1;0;1;0;27;0;0;6;0;0;0.0;0;0;6;0;0;0.0;0;13.9;-0.3;0.79;Dropout;422;E;data latih;Terhalang biaya
MHS1750;1;43;1;9070;1;1;108.0;1;38;38;7;7;105.2;1;0;0;1;1;0;25;0;11;17;18;13;11.538461538461538;0;10;15;15;10;12.4;0;12.7;3.7;-1.7;Dropout;653;C;data latih;Tidak dipanggil
MHS1751;1;44;1;9003;1;1;120.0;1;3;2;2;6;120.0;1;0;0;1;1;0;21;0;4;9;14;7;11.285714285714286;2;2;8;15;4;12.25;0;12.7;3.7;-1.7;Enrolled;624;C;mahasiswa aktif;Tidak dipanggil
MHS1752;1;1;1;171;1;1;150.0;1;38;19;9;9;137.8;1;0;0;1;1;1;19;0;0;0;0;0;0.0;0;0;0;0;0;0.0;0;13.9;-0.3;0.79;Graduate;589;D;data latih;Menghilang dari kelas
MHS1753;1;17;2;9070;1;1;152.0;1;39;39;3;3;134.2;1;0;0;1;1;0;20;0;0;6;7;5;11.8;0;0;6;9;4;12.0;0;15.5;2.8;-4.06;Enrolled;617;C;mahasiswa aktif;Tidak dipanggil
MHS1754;1;44;1;9119;1;39;150.0;1;19;3;5;2;150.0;0;0;0;1;1;0;20;0;0;5;16;0;0.0;0;0;5;12;2;10.5;0;12.7;3.7;-1.7;Enrolled;533;E;mahasiswa aktif;Berjuang secara akademik
MHS1755;1;17;5;9119;1;1;123.0;1;3;1;2;9;116.0;1;0;1;0;1;0;20;0;0;5;5;0;0.0;0;0;5;5;0;0.0;0;8.9;1.4;3.51;Dropout;431;E;data uji;Terhalang biaya
MHS1756;1;1;1;9119;1;1;150.0;1;1;1;3;3;143.4;0;0;0;0;1;1;18;0;0;5;5;5;14.2;0;0;5;5;5;14.2;0;8.9;1.4;3.51;Enrolled;579;D;mahasiswa aktif;Berjuang secara akademik
MHS1757;1;17;1;171;1;1;145.0;1;4;4;3;3;143.6;0;0;1;1;1;0;19;0;5;12;12;10;12.7;0;4;11;16;10;12.272727272727272;0;8.9;1.4;3.51;Enrolled;645;C;mahasiswa aktif;Tidak dipanggil
MHS1758;1;44;1;9130;1;39;150.0;1;1;37;4;8;150.0;1;0;0;0;0;0;22;0;1;6;10;3;12.666666666666666;0;0;6;7;0;0.0;0;15.5;2.8;-4.06;Dropout;497;E;data latih;Terhalang biaya
MHS1759;1;1;4;9670;1;1;125.0;1;4;19;2;5;118.0;1;0;0;1;0;0;19;0;0;6;7;6;14.428571428571429;0;0;6;8;6;15.0;2;16.2;0.3;-0.92;Graduate;696;A;data latih;Tidak dipanggil
MHS1760;1;1;4;9500;1;1;117.0;1;1;1;4;7;109.3;1;0;0;1;0;1;18;0;0;7;7;7;13.117142857142856;0;0;8;9;7;12.6;0;11.1;0.6;2.02;Graduate;723;A;data latih;Tidak dipanggil
MHS1761;1;1;2;9238;1;1;121.0;1;19;19;191;171;119.3;1;0;1;1;0;0;20;0;0;6;7;6;12.666666666666666;0;0;6;7;6;11.833333333333334;0;8.9;1.4;3.51;Graduate;662;B;data latih;Tidak dipanggil
MHS1762;1;17;1;171;1;1;140.0;41;1;1;5;7;146.3;1;0;0;1;0;1;18;1;0;0;0;0;0.0;0;0;0;0;0;0.0;0;12.7;3.7;-1.7;Dropout;584;D;data latih;Menghilang dari kelas
MHS1763;1;39;1;9773;1;1;130.0;1;1;19;1;3;161.5;0;0;0;1;1;0;36;0;0;6;7;6;15.285714285714286;0;0;6;6;6;16.5;0;10.8;1.4;1.74;Graduate;664;B;data latih;Tidak dipanggil
MHS1764;1;15;1;9147;1;1;140.0;26;37;2;6;4;140.0;0;0;1;1;1;0;19;1;0;5;12;3;10.5;0;0;5;8;4;11.25;0;12.4;0.5;1.79;Graduate;557;D;data latih;Berjuang secara akademik
MHS1765;1;53;1;9147;1;42;140.0;1;1;1;6;6;142.2;0;0;0;1;1;1;21;0;6;11;11;11;12.636363636363637;0;3;9;11;9;12.6;0;8.9;1.4;3.51;Graduate;695;A;data latih;Tidak dipanggil
MHS1766;1;1;1;9147;1;1;140.0;1;19;38;9;9;129.2;1;0;0;1;0;0;26;0;0;5;6;0;0.0;0;0;5;0;0;0.0;0;15.5;2.8;-4.06;Dropout;548;E;data uji;Menghilang dari kelas
MHS1767;1;39;1;9003;1;1;140.0;41;1;1;9;9;100.0;0;0;1;0;0;0;29;1;3;9;9;3;14.333333333333334;0;1;7;8;1;14.0;0;15.5;2.8;-4.06;Dropout;502;E;data latih;Terhalang biaya
MHS1768;1;44;1;9254;1;39;170.0;1;19;2;9;3;170.0;0;0;0;0;1;0;26;0;2;8;14;8;15.125;0;1;6;12;6;13.666666666666666;0;11.1;0.6;2.02;Enrolled;595;D;mahasiswa aktif;Terhalang biaya
MHS1769;1;7;1;9500;1;3;140.0;1;3;19;2;6;140.0;0;0;0;1;1;0;27;0;0;7;0;0;0.0;0;0;8;0;0;0.0;0;12.4;0.5;1.79;Dropout;537;E;data latih;Menghilang dari kelas
MHS1770;1;51;1;9147;1;1;116.0;1;3;3;2;2;115.2;0;0;1;1;1;0;32;0;2;7;16;3;12.0;0;3;8;10;3;10.333333333333334;0;8.9;1.4;3.51;Enrolled;544;E;mahasiswa aktif;Berjuang secara akademik
MHS1771;1;16;3;9853;1;1;134.0;1;37;19;9;5;121.4;1;0;0;1;0;1;23;0;0;6;10;4;14.25;1;0;6;8;5;12.0;0;7.6;2.6;0.32;Enrolled;636;C;mahasiswa aktif;Tidak dipanggil
MHS1772;1;39;1;9147;1;1;133.1;41;38;38;9;8;134.8;0;0;0;1;0;0;24;1;0;5;12;2;10.5;0;0;5;9;4;10.0;2;16.2;0.3;-0.92;Enrolled;559;D;mahasiswa aktif;Berjuang secara akademik
MHS1773;1;1;2;9773;1;1;140.0;1;1;1;9;9;136.9;1;0;0;1;0;1;19;0;0;6;7;6;13.5;0;0;6;7;6;14.428571428571429;0;16.2;0.3;-0.92;Graduate;726;A;data latih;Tidak dipanggil
MHS1774;1;42;1;9003;1;1;140.0;1;19;19;4;4;140.0;1;0;0;1;1;0;25;0;0;6;14;5;11.666666666666666;0;0;6;11;4;12.0;0;15.5;2.8;-4.06;Enrolled;598;D;mahasiswa aktif;Berjuang secara akademik
MHS1775;1;17;6;9254;1;1;108.0;1;1;19;4;5;112.2;1;0;0;1;1;0;19;0;0;6;13;5;10.8;0;0;6;12;3;10.0;0;9.4;-0.8;-3.12;Enrolled;587;D;mahasiswa aktif;Berjuang secara akademik
MHS1776;1;1;3;9773;1;1;149.0;1;1;3;0;0;148.7;0;0;0;0;1;0;20;0;0;4;4;0;0.0;0;0;4;8;0;0.0;0;10.8;1.4;1.74;Dropout;485;E;data uji;Terhalang biaya
MHS1777;2;1;1;9254;1;1;140.0;1;19;38;4;7;133.0;0;0;0;1;1;0;33;0;3;9;11;9;12.8;0;2;7;9;7;11.428571428571429;0;12.7;3.7;-1.7;Graduate;639;C;data uji;Tidak dipanggil
MHS1778;2;39;1;9991;0;1;140.0;1;37;12;9;9;150.0;0;0;1;1;1;0;35;0;0;5;6;5;10.8;0;0;5;7;5;12.0;2;9.4;-0.8;-3.12;Dropout;554;D;data latih;Berjuang secara akademik
MHS1779;1;1;1;9147;1;1;133.1;1;37;38;7;7;98.0;1;0;0;1;1;0;23;0;0;5;8;4;11.4;0;0;5;7;4;11.0;0;11.1;0.6;2.02;Graduate;581;D;data uji;Berjuang secara akademik
MHS1780;1;1;1;9500;1;1;125.0;1;37;19;9;9;122.4;1;0;0;1;1;0;19;0;0;7;7;7;13.725714285714286;0;0;8;8;8;14.5;0;11.1;0.6;2.02;Graduate;704;A;data latih;Tidak dipanggil
MHS1781;1;1;1;9670;1;1;133.1;1;1;37;9;10;139.0;0;0;0;1;1;0;21;0;0;6;6;5;12.8;0;0;6;9;5;12.25;0;10.8;1.4;1.74;Enrolled;626;C;mahasiswa aktif;Tidak dipanggil
MHS1782;1;1;5;9070;1;1;133.1;1;1;19;3;3;112.0;1;0;0;1;1;1;21;0;0;6;6;6;13.5;0;0;6;6;6;11.166666666666666;0;11.1;0.6;2.02;Graduate;689;B;data latih;Tidak dipanggil
MHS1783;1;39;1;9500;1;1;130.0;1;37;37;3;7;143.8;0;0;0;1;1;0;27;0;0;8;8;7;15.57;0;0;8;8;7;15.57;0;10.8;1.4;1.74;Dropout;671;B;data latih;Tidak dipanggil
MHS1784;1;17;3;9147;1;1;122.0;1;3;38;123;171;116.1;1;0;1;1;1;0;19;0;0;5;10;4;11.0;0;0;5;13;2;12.0;0;8.9;1.4;3.51;Enrolled;586;D;mahasiswa aktif;Berjuang secara akademik
MHS1785;1;7;2;9500;1;3;140.0;1;37;38;9;9;138.0;0;0;0;1;1;0;28;0;0;7;7;7;14.114285714285714;0;0;8;9;8;15.91111111111111;0;16.2;0.3;-0.92;Dropout;670;B;data latih;Tidak dipanggil
MHS1786;1;43;1;9147;1;1;123.0;1;37;38;7;7;110.0;0;0;0;1;1;0;25;0;0;5;12;3;11.0;1;0;5;12;4;11.5;0;9.4;-0.8;-3.12;Enrolled;568;D;mahasiswa aktif;Berjuang secara akademik
MHS1787;2;39;1;9238;1;19;133.1;1;37;37;9;4;103.5;0;0;0;1;1;0;42;0;0;6;0;0;0.0;0;0;6;0;0;0.0;0;15.5;2.8;-4.06;Dropout;535;E;data latih;Menghilang dari kelas
MHS1788;1;7;1;9991;0;3;140.0;1;37;37;9;9;140.0;0;0;0;1;1;0;27;0;0;5;6;4;13.5;0;0;5;6;4;13.75;0;7.6;2.6;0.32;Graduate;596;D;data latih;Berjuang secara akademik
MHS1789;1;1;1;9070;1;1;116.0;1;3;3;0;1;108.7;1;0;0;1;1;0;23;0;0;6;9;4;11.25;1;0;6;10;0;0.0;4;7.6;2.6;0.32;Dropout;588;D;data latih;Berjuang secara akademik
MHS1790;1;17;3;9254;1;1;118.0;1;19;1;4;4;115.9;1;0;0;1;1;1;18;0;0;6;7;6;12.142857142857142;0;0;6;8;6;11.333333333333334;0;8.9;1.4;3.51;Graduate;678;B;data latih;Tidak dipanggil
MHS1791;2;39;1;9500;1;1;140.0;1;37;37;9;4;127.3;0;0;0;1;1;0;26;0;0;8;8;7;13.075714285714286;0;0;8;8;7;13.075714285714286;0;10.8;1.4;1.74;Graduate;664;B;data uji;Tidak dipanggil
MHS1792;1;1;4;9147;1;1;146.0;1;3;1;3;10;138.7;0;0;0;1;1;0;18;0;0;5;0;0;0.0;0;0;5;0;0;0.0;0;8.9;1.4;3.51;Dropout;561;D;data latih;Menghilang dari kelas
MHS1793;1;39;1;9991;0;1;150.0;1;3;5;2;2;135.8;0;0;1;1;1;0;29;0;1;5;9;3;11.0;0;0;5;11;2;13.5;0;12.7;3.7;-1.7;Dropout;559;D;data latih;Berjuang secara akademik
MHS1794;1;17;1;9085;1;1;137.0;1;1;1;4;7;134.6;1;0;0;1;1;0;22;0;0;6;16;0;0.0;0;0;6;7;0;0.0;0;16.2;0.3;-0.92;Dropout;546;E;data latih;Berjuang secara akademik
MHS1795;1;43;1;9500;1;1;136.0;1;19;37;173;183;118.4;1;0;0;1;0;0;21;0;0;7;12;4;13.125;0;0;7;8;6;12.333333333333334;0;13.9;-0.3;0.79;Enrolled;663;B;mahasiswa aktif;Tidak dipanggil
MHS1796;1;1;3;9500;1;1;134.0;1;38;38;7;9;132.8;1;0;0;1;0;1;19;0;0;8;8;7;13.512857142857142;0;0;8;8;7;13.512857142857142;0;10.8;1.4;1.74;Graduate;726;A;data uji;Tidak dipanggil
MHS1797;1;1;1;9238;1;1;160.0;1;38;37;9;7;155.5;1;0;0;1;0;1;18;0;0;6;7;6;12.833333333333334;0;0;6;6;6;12.166666666666666;0;10.8;1.4;1.74;Graduate;724;A;data latih;Tidak dipanggil
MHS1798;1;1;3;9085;1;1;126.0;1;38;1;9;9;132.0;1;0;0;1;0;1;18;0;0;5;8;3;15.0;2;0;5;9;3;11.666666666666666;0;9.4;-0.8;-3.12;Dropout;640;C;data latih;Tidak dipanggil
MHS1799;1;39;1;9003;1;19;133.1;1;37;38;4;9;110.0;0;0;1;0;0;0;40;0;0;6;12;5;12.8;0;0;6;16;3;13.333333333333334;0;11.1;0.6;2.02;Dropout;492;E;data latih;Terhalang biaya
MHS1800;1;17;3;9254;1;1;114.0;26;38;3;9;3;127.3;1;0;1;0;0;0;20;1;0;6;14;3;12.333333333333334;0;0;6;16;0;0.0;0;10.8;1.4;1.74;Dropout;489;E;data latih;Terhalang biaya
MHS1801;1;1;3;9500;1;1;139.0;1;3;1;4;1;126.0;1;0;0;1;1;0;18;0;0;8;15;5;12.288;1;0;8;15;5;12.288;1;10.8;1.4;1.74;Dropout;640;C;data latih;Tidak dipanggil
MHS1802;1;43;2;8014;0;3;130.0;1;34;34;0;0;130.0;0;0;0;1;1;0;31;0;8;12;21;12;12.333333333333334;0;6;10;13;7;13.285714285714286;2;7.6;2.6;0.32;Graduate;661;B;data latih;Tidak dipanggil
MHS1803;1;1;2;9147;1;1;131.0;1;1;1;9;9;118.8;0;0;0;1;1;1;18;0;0;5;9;4;11.5;0;0;5;5;5;12.8;0;12.4;0.5;1.79;Graduate;650;C;data latih;Tidak dipanggil
MHS1804;1;43;2;9670;1;1;130.0;1;19;1;4;4;127.6;1;0;0;1;1;0;22;0;4;6;6;6;11.833333333333334;0;0;6;11;4;11.142857142857142;0;10.8;1.4;1.74;Dropout;586;D;data latih;Berjuang secara akademik
MHS1805;1;51;1;9147;1;19;133.1;1;19;19;9;5;112.1;0;0;1;0;1;0;38;0;0;5;5;0;0.0;0;0;5;5;0;0.0;0;8.9;1.4;3.51;Dropout;434;E;data latih;Terhalang biaya
MHS1806;1;43;1;9991;0;3;130.0;1;3;1;2;9;130.0;0;0;0;1;1;0;33;0;0;5;5;0;0.0;0;0;5;5;0;0.0;0;12.7;3.7;-1.7;Dropout;529;E;data latih;Menghilang dari kelas
MHS1807;1;1;3;9119;1;1;117.0;1;1;1;3;5;111.1;0;0;0;1;1;1;19;0;0;5;10;5;11.8;0;0;5;12;3;11.5;0;11.1;0.6;2.02;Enrolled;605;C;mahasiswa aktif;Tidak dipanggil
MHS1808;1;17;1;9670;1;1;127.0;1;3;3;1;1;121.4;0;0;0;1;1;0;18;0;0;6;0;0;0.0;0;0;6;0;0;0.0;0;15.5;2.8;-4.06;Dropout;556;D;data uji;Menghilang dari kelas
MHS1809;1;1;5;9119;1;1;131.0;1;1;19;4;7;126.8;0;0;0;0;1;1;18;0;0;5;6;5;12.2;0;0;5;8;4;12.0;0;8.9;1.4;3.51;Enrolled;564;D;mahasiswa aktif;Berjuang secara akademik
MHS1810;1;51;1;9991;0;1;134.0;1;1;1;5;3;120.6;1;0;0;1;1;0;27;0;2;6;6;6;12.333333333333334;0;0;5;5;5;13.0;0;11.1;0.6;2.02;Graduate;623;C;data uji;Tidak dipanggil
MHS1811;1;39;1;9254;1;1;130.0;1;37;37;9;9;126.5;0;0;0;1;1;0;26;0;0;6;7;6;12.428571428571429;0;0;6;6;6;12.833333333333334;0;7.6;2.6;0.32;Graduate;653;C;data latih;Tidak dipanggil
MHS1812;1;1;6;9500;1;1;127.0;1;1;19;3;3;120.2;1;0;0;1;0;1;19;0;0;7;7;7;12.765714285714289;0;0;8;9;8;13.544444444444444;0;12.4;0.5;1.79;Graduate;723;A;data uji;Tidak dipanggil
MHS1813;2;51;1;9500;1;1;130.0;1;37;37;5;5;120.0;0;0;0;1;1;0;44;0;0;7;11;5;12.1;0;0;7;10;5;12.6;0;11.1;0.6;2.02;Dropout;616;C;data latih;Tidak dipanggil
MHS1814;1;1;2;9147;1;1;142.0;1;37;38;9;9;137.5;1;0;0;1;1;0;19;0;0;5;10;5;12.0;0;0;5;9;5;11.5;0;13.9;-0.3;0.79;Graduate;592;D;data latih;Berjuang secara akademik
MHS1815;1;18;1;9070;1;1;117.0;1;1;37;4;7;127.9;1;0;0;1;1;0;20;0;0;6;6;0;0.0;0;0;6;6;0;0.0;0;9.4;-0.8;-3.12;Dropout;555;D;data latih;Menghilang dari kelas
MHS1816;1;39;1;9003;1;19;133.1;1;19;37;1;1;140.0;0;0;1;1;1;0;24;0;0;6;10;6;14.88888888888889;0;0;6;11;6;13.727272727272728;0;16.2;0.3;-0.92;Enrolled;629;C;mahasiswa aktif;Tidak dipanggil
MHS1817;4;43;1;9991;0;1;164.0;1;37;37;6;6;131.8;0;0;0;1;0;0;31;0;7;14;19;13;11.357142857142858;0;9;14;14;13;12.0;1;9.4;-0.8;-3.12;Graduate;640;C;data latih;Tidak dipanggil
MHS1818;1;43;1;9070;1;1;130.0;1;37;37;9;9;129.0;1;0;0;1;0;0;25;0;0;6;6;6;13.5;0;0;6;6;6;12.5;0;9.4;-0.8;-3.12;Graduate;665;B;data latih;Tidak dipanggil
MHS1819;1;17;4;9773;1;1;127.0;1;2;37;9;9;115.8;1;0;1;0;0;0;19;0;0;6;6;0;0.0;0;0;6;0;0;0.0;0;8.9;1.4;3.51;Dropout;454;E;data latih;Terhalang biaya
MHS1820;1;17;3;9500;1;1;140.0;1;3;2;3;3;126.4;1;0;0;1;0;0;18;0;0;7;7;7;13.884285714285712;0;0;8;9;8;14.75;0;11.1;0.6;2.02;Dropout;699;A;data uji;Tidak dipanggil
MHS1821;1;43;1;9085;1;1;130.0;1;19;38;4;9;130.0;1;0;0;0;0;0;19;0;0;6;12;5;13.0;0;0;6;12;3;11.666666666666666;0;13.9;-0.3;0.79;Enrolled;517;E;mahasiswa aktif;Terhalang biaya
MHS1822;1;1;3;9500;1;1;122.0;1;3;1;4;3;114.8;1;0;0;1;0;1;19;0;0;7;11;4;12.65;0;0;7;9;5;11.1;0;12.4;0.5;1.79;Enrolled;640;C;mahasiswa aktif;Tidak dipanggil
MHS1823;1;17;1;9147;1;1;162.0;1;1;38;4;5;138.6;1;0;0;1;0;0;19;0;0;5;10;1;11.0;0;0;5;13;0;0.0;0;12.7;3.7;-1.7;Enrolled;567;D;mahasiswa aktif;Berjuang secara akademik
MHS1824;1;39;1;9670;1;1;133.1;1;1;1;4;4;112.9;0;0;0;1;0;0;24;0;0;6;12;2;11.666666666666666;0;0;6;20;2;10.5;6;16.2;0.3;-0.92;Dropout;561;D;data latih;Berjuang secara akademik
MHS1825;1;1;1;9238;1;1;120.0;1;3;3;3;3;111.6;0;0;0;1;0;0;20;0;0;6;6;6;14.5;0;0;6;6;6;12.666666666666666;0;12.4;0.5;1.79;Graduate;693;B;data latih;Tidak dipanggil
MHS1826;1;17;1;9254;1;1;160.0;1;19;37;5;3;152.0;0;0;0;1;0;0;18;0;0;6;7;6;14.714285714285714;0;0;6;7;6;14.166666666666666;0;12.7;3.7;-1.7;Graduate;691;B;data latih;Tidak dipanggil
MHS1827;1;1;1;9238;1;1;141.0;1;38;1;5;7;132.6;0;0;0;1;0;1;18;0;0;6;7;6;13.285714285714286;0;0;6;6;6;14.333333333333334;0;12.4;0.5;1.79;Graduate;734;A;data uji;Tidak dipanggil
MHS1828;1;17;1;9085;1;1;125.0;1;1;38;4;9;118.4;1;0;0;1;0;0;21;0;0;5;13;3;11.333333333333334;2;0;5;12;2;10.5;1;9.4;-0.8;-3.12;Enrolled;588;D;mahasiswa aktif;Berjuang secara akademik
MHS1829;1;7;1;9500;1;3;120.0;1;37;37;4;5;120.0;0;0;1;0;0;0;28;0;0;7;7;0;0.0;7;0;7;7;0;0.0;7;13.9;-0.3;0.79;Dropout;434;E;data latih;Terhalang biaya
MHS1830;1;1;1;9147;1;1;128.0;1;38;37;5;6;122.1;0;0;0;1;0;1;18;0;0;5;11;4;11.571428571428571;0;0;5;9;5;12.0;0;13.9;-0.3;0.79;Enrolled;650;C;mahasiswa aktif;Tidak dipanggil
MHS1831;1;1;1;9853;1;1;162.0;1;37;19;9;8;142.8;0;0;1;1;0;0;18;0;0;6;10;5;13.0;0;0;6;10;4;11.5;0;12.7;3.7;-1.7;Dropout;574;D;data uji;Berjuang secara akademik
MHS1832;1;1;1;9238;1;1;130.0;1;1;1;4;4;124.8;0;0;0;1;0;1;18;0;0;6;9;6;11.5;0;0;6;11;5;14.0;0;11.1;0.6;2.02;Graduate;687;B;data latih;Tidak dipanggil
MHS1833;1;17;2;9147;1;1;134.0;1;37;19;9;8;126.3;1;0;0;1;0;1;18;0;0;5;8;5;11.8;0;0;5;10;5;11.6;3;16.2;0.3;-0.92;Graduate;616;C;data uji;Tidak dipanggil
MHS1834;1;1;1;9147;1;1;133.1;1;19;19;9;9;119.0;1;0;0;0;0;1;19;0;0;5;7;3;10.666666666666666;0;0;5;10;3;12.285714285714286;0;10.8;1.4;1.74;Dropout;571;D;data latih;Berjuang secara akademik
MHS1835;1;17;1;9500;1;1;137.0;1;19;38;3;9;124.9;0;0;0;1;0;1;19;0;0;7;11;6;13.8875;0;0;8;9;8;14.864444444444445;0;15.5;2.8;-4.06;Graduate;726;A;data latih;Tidak dipanggil
MHS1836;1;1;1;9238;1;1;133.1;1;38;38;191;192;118.0;0;0;1;1;0;1;20;0;0;6;7;5;11.4;0;0;6;9;6;11.5;0;8.9;1.4;3.51;Graduate;641;C;data latih;Tidak dipanggil
MHS1837;2;43;1;8014;0;1;110.0;1;37;19;9;3;100.0;0;0;0;1;0;0;34;0;9;11;17;9;12.333333333333334;0;3;7;12;7;12.142857142857142;0;9.4;-0.8;-3.12;Graduate;656;C;data latih;Tidak dipanggil
MHS1838;2;39;1;9500;1;1;133.1;1;37;37;9;9;109.0;1;0;0;1;0;0;39;0;0;7;8;5;12.16;0;0;7;8;5;12.16;0;7.6;2.6;0.32;Enrolled;603;C;mahasiswa aktif;Tidak dipanggil
MHS1839;1;17;3;9500;1;1;133.0;1;3;19;2;5;130.8;1;0;0;1;0;0;19;0;0;8;8;8;13.427499999999998;0;0;8;8;8;13.427499999999998;0;9.4;-0.8;-3.12;Graduate;690;B;data latih;Tidak dipanggil
MHS1840;1;39;1;9070;1;1;130.0;1;1;19;4;4;110.0;1;0;0;1;0;0;24;0;0;6;6;6;15.166666666666666;0;0;6;6;2;15.5;0;15.5;2.8;-4.06;Graduate;631;C;data latih;Tidak dipanggil
MHS1841;1;10;1;9773;1;1;151.0;22;38;37;0;5;151.0;1;0;0;1;0;0;18;1;0;6;12;0;0.0;1;0;6;0;0;0.0;0;9.4;-0.8;-3.12;Dropout;557;D;data latih;Menghilang dari kelas
MHS1842;1;17;1;9130;1;1;125.0;1;19;19;3;10;131.0;1;0;0;1;1;0;19;0;0;5;11;2;10.5;2;0;5;9;0;0.0;3;10.8;1.4;1.74;Dropout;579;D;data latih;Berjuang secara akademik
MHS1843;1;1;1;9147;1;1;158.0;1;1;38;3;6;155.2;0;0;0;1;1;1;18;0;0;5;5;5;11.8;0;0;5;8;3;11.0;0;9.4;-0.8;-3.12;Graduate;623;C;data uji;Tidak dipanggil
MHS1844;1;1;2;9147;1;1;128.0;1;3;1;3;3;121.0;1;1;1;1;1;0;20;0;0;5;6;5;13.2;0;0;5;10;5;11.4;3;16.2;0.3;-0.92;Enrolled;574;D;mahasiswa aktif;Berjuang secara akademik
MHS1845;1;1;6;9500;1;1;133.0;1;1;1;9;9;119.7;1;1;1;1;1;0;19;0;2;7;8;7;13.075;0;1;8;11;8;12.36111111111111;0;12.4;0.5;1.79;Graduate;666;B;data uji;Tidak dipanggil
MHS1846;1;1;1;9130;1;1;138.0;1;3;19;2;4;131.0;1;0;0;1;1;0;19;0;0;6;8;4;11.6;0;0;6;14;2;13.0;0;11.1;0.6;2.02;Dropout;618;C;data latih;Tidak dipanggil
MHS1847;1;17;1;9003;1;1;126.0;1;37;3;5;2;116.9;0;0;0;1;1;0;19;0;0;6;10;6;13.666666666666666;0;0;6;10;4;12.25;0;13.9;-0.3;0.79;Dropout;637;C;data latih;Tidak dipanggil
MHS1848;2;39;1;9991;0;1;140.0;1;36;14;9;10;130.0;1;0;0;1;1;0;41;0;0;5;9;4;10.75;0;0;5;7;2;10.0;0;9.4;-0.8;-3.12;Dropout;553;D;data latih;Berjuang secara akademik
MHS1849;1;1;2;9500;1;1;143.0;1;5;5;2;2;137.8;0;0;0;1;1;0;19;0;0;7;10;6;13.492857142857144;0;0;8;9;8;12.68888888888889;0;12.4;0.5;1.79;Graduate;692;B;data latih;Tidak dipanggil
MHS1850;1;43;3;9254;1;1;135.0;1;3;3;2;2;122.1;0;0;0;1;1;0;19;0;0;6;14;3;12.5;0;0;6;9;4;11.0;0;12.7;3.7;-1.7;Enrolled;588;D;mahasiswa aktif;Berjuang secara akademik
MHS1851;1;7;1;9500;1;3;120.0;1;1;1;7;10;120.0;1;0;0;0;1;0;23;0;0;7;0;0;0.0;0;0;8;0;0;0.0;0;12.7;3.7;-1.7;Dropout;460;E;data latih;Menghilang dari kelas
MHS1852;1;1;1;9119;1;1;148.0;1;19;38;9;7;133.0;0;0;0;1;1;0;18;0;0;5;12;5;13.285714285714286;0;0;5;16;5;14.8;0;12.4;0.5;1.79;Dropout;625;C;data latih;Tidak dipanggil
MHS1853;1;1;1;9147;1;1;126.0;1;3;19;3;3;115.2;0;0;0;1;1;0;19;0;0;5;6;5;12.6;0;0;5;13;5;11.8;5;16.2;0.3;-0.92;Graduate;599;C;data latih;Tidak dipanggil
MHS1854;1;44;1;9003;1;39;160.0;1;3;3;2;10;160.0;1;0;0;1;1;0;20;0;0;6;7;6;14.0;0;0;6;7;6;14.666666666666666;0;12.4;0.5;1.79;Graduate;683;B;data latih;Tidak dipanggil
MHS1855;1;39;1;9085;1;1;140.0;1;37;37;90;90;106.3;0;0;1;0;1;0;35;0;0;5;7;2;11.5;0;0;5;8;2;10.5;0;7.6;2.6;0.32;Dropout;459;E;data latih;Terhalang biaya
MHS1856;4;39;2;9670;1;19;133.1;1;19;1;90;90;103.0;0;0;0;0;1;0;34;0;0;6;6;0;0.0;0;0;6;9;0;0.0;0;10.8;1.4;1.74;Dropout;449;E;data latih;Terhalang biaya
MHS1857;1;1;1;9070;1;1;136.0;1;3;3;9;9;136.0;1;0;1;0;0;1;19;0;0;6;6;6;11.833333333333334;0;0;6;8;6;12.875;0;10.8;1.4;1.74;Graduate;610;C;data latih;Tidak dipanggil
MHS1858;1;15;1;9238;1;1;150.0;26;19;1;9;9;146.5;1;0;1;0;1;0;22;1;0;6;10;5;11.5;0;0;6;8;5;12.4;0;13.9;-0.3;0.79;Graduate;507;E;data latih;Terhalang biaya
MHS1859;1;17;3;9070;1;1;130.0;1;1;4;4;2;131.4;0;0;0;1;1;0;20;0;0;6;6;6;14.166666666666666;0;0;6;8;6;12.333333333333334;0;11.1;0.6;2.02;Graduate;682;B;data uji;Tidak dipanggil
MHS1860;2;42;1;9991;0;1;130.0;1;3;2;2;2;130.0;0;0;0;1;1;0;27;0;2;2;2;2;12.5;0;0;5;6;2;12.5;0;12.7;3.7;-1.7;Enrolled;602;C;mahasiswa aktif;Tidak dipanggil
MHS1861;2;39;1;9119;1;1;110.0;1;19;19;0;5;137.0;0;0;1;1;1;0;30;0;0;5;5;0;0.0;0;0;5;5;0;0.0;0;7.6;2.6;0.32;Dropout;482;E;data latih;Menghilang dari kelas
MHS1862;1;39;1;9119;1;1;110.0;1;1;1;4;4;125.9;0;0;0;1;1;0;34;0;0;5;7;0;0.0;0;0;5;8;1;11.0;0;10.8;1.4;1.74;Enrolled;508;E;mahasiswa aktif;Berjuang secara akademik
MHS1863;1;1;1;9254;1;1;121.0;1;1;1;5;4;111.9;1;0;0;0;1;0;20;0;0;6;14;2;10.5;0;0;6;16;0;0.0;0;10.8;1.4;1.74;Dropout;515;E;data uji;Terhalang biaya
MHS1864;1;17;1;9070;1;1;127.0;1;37;38;9;5;131.2;1;0;0;1;1;0;18;0;0;6;6;6;11.833333333333334;0;0;6;6;6;13.166666666666666;0;7.6;2.6;0.32;Graduate;679;B;data uji;Tidak dipanggil
MHS1865;1;1;1;9130;1;1;140.0;1;9;19;4;4;131.2;0;0;0;1;1;1;26;0;0;5;9;0;0.0;0;0;5;6;0;0.0;0;7.6;2.6;0.32;Dropout;571;D;data latih;Berjuang secara akademik
MHS1866;1;39;1;9991;0;1;130.0;1;1;1;3;7;140.0;0;0;0;1;1;0;26;0;0;5;5;5;12.4;0;0;5;5;5;12.4;0;15.5;2.8;-4.06;Graduate;589;D;data latih;Berjuang secara akademik
MHS1867;1;39;2;9147;1;1;130.0;1;19;19;5;9;121.5;0;0;0;0;1;0;26;0;0;5;5;2;10.5;0;0;5;9;0;0.0;0;10.8;1.4;1.74;Dropout;482;E;data latih;Terhalang biaya
MHS1868;1;39;1;9991;0;1;100.0;1;37;37;9;6;153.5;0;0;1;0;1;0;31;0;0;5;9;0;0.0;0;0;5;6;0;0.0;0;12.4;0.5;1.79;Dropout;417;E;data latih;Terhalang biaya
MHS1869;1;1;3;171;1;1;139.0;1;37;19;9;8;142.2;1;0;0;1;1;1;20;0;6;12;12;12;14.583333333333334;0;4;11;14;11;14.333333333333334;0;8.9;1.4;3.51;Graduate;720;A;data latih;Tidak dipanggil
MHS1870;1;1;1;9773;1;1;150.0;1;19;11;0;0;131.1;1;0;0;1;1;0;19;0;0;6;6;6;11.666666666666666;0;0;6;10;3;12.666666666666666;0;7.6;2.6;0.32;Graduate;640;C;data uji;Tidak dipanggil
MHS1871;1;17;1;9670;1;1;133.1;1;34;3;7;2;130.6;1;0;1;0;1;0;23;0;0;5;5;0;0.0;0;0;5;5;0;0.0;0;7.6;2.6;0.32;Dropout;440;E;data latih;Terhalang biaya
MHS1872;1;1;6;9500;1;1;119.0;1;1;1;4;4;115.0;1;0;0;1;1;1;20;0;0;7;14;1;13.0;0;0;7;15;0;0.0;0;11.1;0.6;2.02;Dropout;623;C;data latih;Tidak dipanggil
MHS1873;1;51;1;9500;1;1;170.0;1;1;1;4;10;125.0;0;0;0;1;1;0;20;0;0;7;7;7;15.66;0;7;10;11;9;15.011111111111113;0;11.1;0.6;2.02;Graduate;693;B;data latih;Tidak dipanggil
MHS1874;1;39;1;8014;0;1;133.1;1;34;34;0;0;97.5;1;0;0;1;1;0;29;0;0;6;10;0;0.0;1;0;5;10;0;0.0;0;7.6;2.6;0.32;Dropout;529;E;data latih;Berjuang secara akademik
MHS1875;1;1;4;9773;1;1;133.0;1;19;19;7;7;134.4;1;0;0;1;1;1;20;0;0;6;6;6;12.166666666666666;0;0;6;8;4;12.75;0;9.4;-0.8;-3.12;Graduate;674;B;data latih;Tidak dipanggil
MHS1876;1;1;1;9500;1;1;125.0;1;37;37;9;9;118.8;0;0;0;1;1;0;24;0;0;7;7;6;13.3;0;0;7;7;6;13.3;0;7.6;2.6;0.32;Graduate;688;B;data latih;Tidak dipanggil
MHS1877;1;39;1;9556;1;19;133.1;1;42;1;3;7;110.5;0;0;0;1;1;0;37;0;0;7;15;0;0.0;0;0;7;13;0;0.0;1;11.1;0.6;2.02;Dropout;523;E;data uji;Berjuang secara akademik
MHS1878;1;1;5;9500;1;1;143.0;1;37;19;4;4;123.3;1;0;0;1;1;0;18;0;0;7;0;0;0.0;0;0;8;0;0;0.0;0;7.6;2.6;0.32;Dropout;573;D;data latih;Menghilang dari kelas
MHS1879;1;1;2;171;1;1;127.0;1;2;19;5;5;139.6;1;0;1;0;1;1;18;0;0;0;0;0;0.0;0;0;0;0;0;0.0;0;13.9;-0.3;0.79;Dropout;488;E;data latih;Menghilang dari kelas
MHS1880;1;17;1;9500;1;1;157.0;1;19;3;4;9;138.8;0;0;0;1;1;0;18;0;0;8;8;7;13.55714285714286;0;0;8;8;7;13.55714285714286;0;12.7;3.7;-1.7;Graduate;692;B;data uji;Tidak dipanggil
MHS1881;2;44;1;9119;1;39;160.0;1;37;37;9;9;160.0;0;0;1;1;1;0;41;0;3;7;15;5;14.333333333333334;0;1;6;16;6;14.636363636363637;0;12.4;0.5;1.79;Enrolled;615;C;mahasiswa aktif;Tidak dipanggil
MHS1882;1;39;1;9003;1;1;140.0;1;37;37;9;4;140.0;0;0;0;1;1;0;35;0;0;6;16;4;12.0;0;0;6;11;3;10.333333333333334;0;13.9;-0.3;0.79;Dropout;556;D;data uji;Berjuang secara akademik
MHS1883;1;17;1;9254;1;1;128.0;1;19;38;9;9;118.2;0;0;0;1;0;0;19;0;0;5;5;0;0.0;0;0;6;0;0;0.0;0;8.9;1.4;3.51;Dropout;554;D;data latih;Menghilang dari kelas
MHS1884;1;1;1;171;1;1;145.0;1;1;19;10;5;150.6;1;0;0;1;1;0;18;0;0;0;0;0;0.0;0;0;0;0;0;0.0;0;10.8;1.4;1.74;Graduate;562;D;data latih;Menghilang dari kelas
MHS1885;2;39;1;9500;1;1;133.1;1;37;37;191;172;115.2;0;0;0;1;0;0;48;0;0;7;11;4;11.75;0;0;7;14;3;11.725;0;11.1;0.6;2.02;Enrolled;569;D;mahasiswa aktif;Berjuang secara akademik
MHS1886;1;1;1;9500;1;1;132.0;1;19;2;9;3;126.0;1;0;0;1;0;0;19;0;0;7;7;6;12.183333333333332;0;0;7;7;6;12.183333333333332;0;7.6;2.6;0.32;Graduate;691;B;data latih;Tidak dipanggil
MHS1887;1;44;1;9003;1;39;160.0;1;37;37;9;7;160.0;1;0;0;0;1;0;30;0;4;9;18;6;11.833333333333334;0;1;8;21;4;11.0;0;15.5;2.8;-4.06;Dropout;509;E;data latih;Terhalang biaya
MHS1888;2;43;1;9773;1;1;160.0;1;37;37;5;0;160.0;0;0;1;0;1;0;51;0;0;4;4;0;0.0;0;0;4;4;0;0.0;0;12.7;3.7;-1.7;Dropout;435;E;data uji;Terhalang biaya
MHS1889;1;10;1;9085;1;1;184.4;22;2;19;2;8;184.4;0;0;0;1;0;0;18;1;0;6;8;6;15.0;0;0;6;10;5;14.333333333333334;0;11.1;0.6;2.02;Graduate;655;C;data latih;Tidak dipanggil
MHS1890;1;1;1;171;1;1;149.0;1;1;1;9;3;156.0;1;0;0;1;0;0;18;0;0;0;0;0;0.0;0;0;0;0;0;0.0;0;10.8;1.4;1.74;Graduate;562;D;data latih;Menghilang dari kelas
MHS1891;1;1;1;171;1;1;146.0;1;40;43;4;4;150.2;1;0;0;1;0;0;18;0;0;0;0;0;0.0;0;0;0;0;0;0.0;0;11.1;0.6;2.02;Graduate;562;D;data latih;Menghilang dari kelas
MHS1892;1;1;5;9500;1;1;139.0;1;38;37;7;7;126.3;1;0;0;1;0;1;18;0;0;8;8;8;13.435;0;0;8;8;8;13.435;0;9.4;-0.8;-3.12;Graduate;728;A;data latih;Tidak dipanggil
MHS1893;1;1;1;9130;1;1;152.0;1;2;22;4;3;146.1;1;0;0;1;0;0;18;0;0;5;8;4;13.5;2;0;5;9;0;0.0;3;10.8;1.4;1.74;Dropout;598;D;data latih;Berjuang secara akademik
MHS1894;1;1;1;171;1;1;147.0;1;2;3;4;8;145.3;1;0;0;1;0;0;18;0;0;0;0;0;0.0;0;0;0;0;0;0.0;0;12.4;0.5;1.79;Enrolled;562;D;mahasiswa aktif;Menghilang dari kelas
MHS1895;1;18;1;171;1;1;121.0;1;1;1;4;3;116.8;1;0;0;1;0;0;23;0;15;17;18;17;11.5;0;16;17;17;17;12.176470588235292;0;12.4;0.5;1.79;Graduate;651;C;data latih;Tidak dipanggil
MHS1896;1;1;1;9070;1;1;124.0;1;19;19;7;9;132.1;1;0;0;1;0;0;19;0;0;6;10;2;10.5;0;0;6;6;3;11.0;0;7.6;2.6;0.32;Enrolled;599;C;mahasiswa aktif;Tidak dipanggil
MHS1897;1;1;1;9085;1;1;105.0;1;19;37;8;8;102.6;0;1;0;1;0;0;21;0;0;6;13;4;12.0;0;0;6;17;2;11.5;0;11.1;0.6;2.02;Enrolled;595;D;mahasiswa aktif;Berjuang secara akademik
MHS1898;1;1;1;9773;1;1;121.0;1;3;3;2;2;112.3;1;0;1;0;0;0;18;0;0;6;7;5;12.2;0;0;6;11;4;11.5;0;11.1;0.6;2.02;Dropout;503;E;data latih;Terhalang biaya
MHS1899;1;1;1;171;1;1;143.0;1;12;12;4;1;155.3;1;1;0;1;0;0;18;0;0;0;0;0;0.0;0;0;0;0;0;0.0;0;11.1;0.6;2.02;Graduate;562;D;data latih;Menghilang dari kelas
MHS1900;1;53;1;9085;1;42;150.0;1;3;1;2;8;153.8;1;0;0;1;0;0;21;0;7;11;15;10;14.5;0;4;9;15;8;14.0;0;8.9;1.4;3.51;Graduate;686;B;data latih;Tidak dipanggil
MHS1901;1;43;1;9773;1;1;126.0;1;1;37;3;0;110.0;0;0;1;1;0;0;20;0;0;6;7;6;13.333333333333334;0;0;6;8;6;12.666666666666666;0;12.4;0.5;1.79;Graduate;646;C;data latih;Tidak dipanggil
MHS1902;1;42;1;9085;1;1;133.1;1;1;9;4;4;128.2;0;0;0;1;0;0;24;0;5;11;29;9;12.0;6;4;10;21;9;12.555555555555555;0;9.4;-0.8;-3.12;Graduate;655;C;data latih;Tidak dipanggil
MHS1903;1;1;1;9130;1;1;127.0;1;1;1;4;4;120.4;1;0;0;1;0;0;18;0;0;6;9;6;15.125;0;0;6;9;6;14.0;0;13.9;-0.3;0.79;Graduate;690;B;data latih;Tidak dipanggil
MHS1904;1;17;1;9500;1;1;160.0;1;19;1;4;10;153.0;1;0;0;1;0;0;18;0;0;7;7;6;13.116666666666667;0;0;7;7;6;13.116666666666667;0;7.6;2.6;0.32;Graduate;694;B;data latih;Tidak dipanggil
MHS1905;1;1;1;9773;1;1;121.0;1;19;1;7;9;117.9;1;0;0;1;0;0;19;0;0;6;7;6;12.833333333333334;0;0;6;7;6;11.666666666666666;0;11.1;0.6;2.02;Graduate;660;B;data uji;Tidak dipanggil
MHS1906;1;44;1;9238;1;39;150.0;1;1;37;4;8;145.6;1;0;0;1;0;1;20;0;3;6;6;6;13.333333333333334;0;2;6;6;6;14.166666666666666;0;13.9;-0.3;0.79;Graduate;722;A;data uji;Tidak dipanggil
MHS1907;1;1;6;9500;1;1;117.0;1;4;12;5;9;119.8;1;0;0;1;0;0;18;0;0;7;7;7;13.877142857142855;0;0;8;8;8;15.6625;0;12.4;0.5;1.79;Graduate;706;A;data uji;Tidak dipanggil
MHS1908;1;1;6;9500;1;1;141.0;1;19;1;9;10;126.8;1;0;0;1;0;0;18;0;0;8;8;7;12.944285714285714;0;0;8;8;7;12.944285714285714;0;10.8;1.4;1.74;Graduate;699;A;data latih;Tidak dipanggil
MHS1909;1;17;1;9853;1;1;112.0;1;2;19;3;9;106.1;1;0;0;1;0;0;19;0;0;6;8;5;12.333333333333334;0;0;6;8;5;11.0;0;15.5;2.8;-4.06;Enrolled;588;D;mahasiswa aktif;Berjuang secara akademik
MHS1910;1;1;1;9500;1;1;148.0;1;3;3;2;2;137.3;1;0;0;1;0;0;19;0;0;7;7;6;14.266666666666666;0;0;7;7;6;14.266666666666666;0;7.6;2.6;0.32;Graduate;706;A;data latih;Tidak dipanggil
MHS1911;1;1;2;9670;1;1;120.0;1;3;19;4;5;115.5;1;0;0;1;0;0;18;0;0;6;8;5;13.0;0;0;6;8;5;14.0;0;13.9;-0.3;0.79;Graduate;643;C;data latih;Tidak dipanggil
MHS1912;1;1;2;9500;1;1;132.0;1;37;37;5;7;127.5;1;0;0;1;0;0;20;0;0;8;8;8;12.48375;0;0;8;8;8;12.48375;0;9.4;-0.8;-3.12;Graduate;687;B;data latih;Tidak dipanggil
MHS1913;1;1;2;9556;1;1;125.0;1;38;1;9;3;116.3;1;0;0;1;0;0;18;0;0;7;8;7;13.428571428571429;0;0;8;8;8;15.3125;0;16.2;0.3;-0.92;Graduate;691;B;data uji;Tidak dipanggil
MHS1914;2;17;3;8014;0;1;123.0;1;19;37;3;3;113.2;0;0;1;0;0;0;18;0;0;6;9;3;10.666666666666666;0;0;6;12;0;0.0;0;7.6;2.6;0.32;Dropout;489;E;data latih;Terhalang biaya
MHS1915;1;1;1;9853;1;1;142.0;1;12;12;9;4;132.6;1;0;0;1;0;0;18;0;0;6;8;5;15.4;0;0;6;7;5;12.2;0;7.6;2.6;0.32;Graduate;629;C;data latih;Tidak dipanggil
MHS1916;1;1;4;9500;1;1;148.0;1;1;37;4;8;132.0;1;0;0;1;0;0;18;0;0;7;7;6;13.45;0;0;7;7;6;13.45;0;7.6;2.6;0.32;Graduate;701;A;data uji;Tidak dipanggil
MHS1917;1;17;5;9500;1;1;136.0;1;19;38;5;8;130.3;1;0;0;1;0;1;18;0;0;7;7;6;12.6;0;0;7;7;6;12.6;0;7.6;2.6;0.32;Graduate;715;A;data latih;Tidak dipanggil
MHS1918;1;1;4;9500;1;1;123.0;1;19;38;9;10;116.7;1;0;0;1;0;0;20;0;0;7;7;7;12.485714285714286;0;0;8;12;8;12.9375;0;16.2;0.3;-0.92;Graduate;692;B;data latih;Tidak dipanggil
MHS1919;1;1;2;9070;1;1;135.0;1;19;37;9;9;134.0;1;0;0;1;0;1;22;0;0;6;10;5;10.8;0;0;6;7;5;12.8;0;12.7;3.7;-1.7;Graduate;644;C;data latih;Tidak dipanggil
MHS1920;1;43;1;9670;1;1;151.0;1;19;19;1;1;100.0;0;0;1;1;0;0;20;0;0;6;12;5;12.2;0;0;6;8;5;14.6;0;13.9;-0.3;0.79;Enrolled;597;D;mahasiswa aktif;Berjuang secara akademik
MHS1921;1;44;1;9085;1;39;140.0;1;1;1;3;7;140.0;1;0;0;1;0;0;20;0;2;6;11;5;14.2;0;0;6;12;2;13.5;0;13.9;-0.3;0.79;Enrolled;631;C;mahasiswa aktif;Tidak dipanggil
MHS1922;1;1;2;9238;1;1;136.0;1;37;38;9;8;139.2;1;0;0;1;0;0;18;0;0;6;7;6;13.833333333333334;0;0;6;6;6;14.0;0;9.4;-0.8;-3.12;Graduate;707;A;data uji;Tidak dipanggil
MHS1923;1;1;1;9853;1;1;142.0;1;19;1;9;1;132.6;0;0;0;1;0;0;18;0;0;6;8;5;12.8;0;0;6;14;3;10.0;0;9.4;-0.8;-3.12;Enrolled;597;D;mahasiswa aktif;Berjuang secara akademik
MHS1924;1;17;3;9147;1;1;142.0;1;37;38;5;1;129.4;0;0;0;1;0;0;18;0;0;5;5;5;13.2;0;0;5;6;4;12.5;0;9.4;-0.8;-3.12;Graduate;624;C;data uji;Tidak dipanggil
MHS1925;1;17;1;9670;1;1;127.0;1;1;38;4;7;125.6;0;0;1;1;0;1;18;0;0;6;7;1;14.0;0;0;6;6;0;0.0;0;15.5;2.8;-4.06;Dropout;586;D;data latih;Menghilang dari kelas
MHS1926;1;17;1;9238;1;1;131.0;1;1;1;4;10;129.3;0;0;0;1;0;0;19;0;4;8;8;8;13.875;0;1;6;8;5;14.0;0;11.1;0.6;2.02;Graduate;661;B;data latih;Tidak dipanggil
MHS1927;1;1;1;9085;1;1;134.0;1;38;19;9;4;128.4;1;0;0;1;0;1;19;0;0;5;7;5;12.5;0;0;5;8;5;12.714285714285714;0;10.8;1.4;1.74;Graduate;660;B;data uji;Tidak dipanggil
MHS1928;1;17;2;9773;1;1;142.0;1;19;19;9;9;139.9;0;0;0;1;0;1;18;0;0;6;7;6;13.428571428571429;0;0;6;6;6;12.5;0;13.9;-0.3;0.79;Graduate;711;A;data latih;Tidak dipanggil
MHS1929;1;1;1;9070;1;1;123.0;1;38;38;9;5;124.8;0;0;0;0;0;1;18;0;0;6;7;5;11.8;0;0;6;7;5;13.0;0;8.9;1.4;3.51;Enrolled;585;D;mahasiswa aktif;Berjuang secara akademik
MHS1930;1;17;3;9500;1;1;133.0;1;1;1;9;9;128.5;1;0;0;1;0;1;18;0;0;7;7;7;14.868571428571428;0;0;8;9;8;15.11111111111111;0;11.1;0.6;2.02;Graduate;728;A;data latih;Tidak dipanggil
MHS1931;1;1;4;9500;1;1;125.0;1;19;1;1;1;117.8;1;0;0;1;0;0;18;0;0;7;10;7;13.03;0;0;8;8;8;13.21875;0;15.5;2.8;-4.06;Graduate;699;A;data uji;Tidak dipanggil
MHS1932;1;17;1;9670;1;1;120.0;1;38;38;5;7;115.1;1;0;0;1;0;0;19;0;0;6;7;6;14.571428571428571;0;0;6;7;6;12.333333333333334;0;12.4;0.5;1.79;Graduate;679;B;data latih;Tidak dipanggil
MHS1933;1;17;2;9238;1;1;125.0;1;19;19;3;3;118.0;1;0;0;1;0;0;18;0;0;6;9;5;11.0;0;0;6;9;4;11.25;0;8.9;1.4;3.51;Graduate;598;D;data latih;Berjuang secara akademik
MHS1934;1;39;1;9500;1;19;133.1;1;19;37;9;4;120.0;0;0;0;1;0;1;25;0;0;8;8;8;13.3675;0;0;8;8;8;13.3675;0;9.4;-0.8;-3.12;Graduate;693;B;data uji;Tidak dipanggil
MHS1935;1;1;4;9500;1;1;133.1;1;19;38;9;9;119.6;1;0;0;1;0;1;19;0;0;7;7;6;12.808333333333332;0;0;8;11;7;12.825714285714286;0;12.4;0.5;1.79;Graduate;723;A;data latih;Tidak dipanggil
MHS1936;1;17;6;9500;1;1;143.0;1;1;38;3;3;133.2;1;0;0;1;0;0;18;0;0;7;7;7;13.918571428571427;0;0;8;9;8;13.8875;0;11.1;0.6;2.02;Graduate;699;A;data latih;Tidak dipanggil
MHS1937;1;17;1;9130;1;1;147.0;1;4;1;2;10;141.8;1;0;0;1;0;0;19;0;0;6;8;6;13.0;0;0;6;9;4;12.8;0;13.9;-0.3;0.79;Graduate;632;C;data uji;Tidak dipanggil
MHS1938;2;1;1;9500;1;1;142.0;1;19;38;4;5;130.3;0;0;0;1;0;0;18;0;0;7;7;6;13.683333333333332;0;0;7;7;6;13.683333333333332;0;7.6;2.6;0.32;Graduate;701;A;data latih;Tidak dipanggil
MHS1939;1;39;1;9085;1;1;150.0;1;19;19;4;10;100.0;0;0;0;1;0;0;24;0;1;6;11;5;13.0;0;1;6;12;1;12.0;0;13.9;-0.3;0.79;Dropout;601;C;data latih;Tidak dipanggil
MHS1940;1;1;2;9773;1;1;124.0;1;3;3;3;4;114.6;1;0;0;1;0;0;21;0;0;6;8;5;12.8;0;0;6;7;5;11.2;0;11.1;0.6;2.02;Graduate;602;C;data latih;Tidak dipanggil
MHS1941;1;1;2;9254;1;1;136.0;1;1;1;9;4;123.4;1;0;0;1;0;1;18;0;0;6;9;6;13.571428571428571;0;0;6;6;6;12.166666666666666;0;8.9;1.4;3.51;Graduate;715;A;data latih;Tidak dipanggil
MHS1942;1;1;1;9238;1;1;116.0;1;38;38;9;6;116.4;1;0;0;1;0;0;18;0;0;6;6;6;13.166666666666666;0;0;6;6;6;13.166666666666666;0;8.9;1.4;3.51;Graduate;700;A;data latih;Tidak dipanggil
MHS1943;2;1;1;9070;1;1;127.0;1;12;19;9;9;123.2;0;0;0;1;0;1;20;0;0;6;6;6;15.0;0;0;6;6;6;14.5;0;11.1;0.6;2.02;Graduate;728;A;data latih;Tidak dipanggil
MHS1944;1;1;1;9070;1;1;117.0;1;4;19;3;5;123.7;1;0;0;1;0;0;19;0;0;6;6;6;12.666666666666666;0;0;6;8;5;11.4;0;12.4;0.5;1.79;Graduate;622;C;data latih;Tidak dipanggil
MHS1945;1;1;2;9773;1;1;116.0;1;1;19;4;7;127.6;1;0;0;1;0;1;19;0;0;6;7;6;13.857142857142858;0;0;6;7;6;13.142857142857142;0;13.9;-0.3;0.79;Dropout;723;A;data latih;Tidak dipanggil
MHS1946;1;1;4;9500;1;1;129.0;1;37;37;9;9;117.1;1;0;0;1;0;0;30;0;0;7;7;7;14.692857142857145;0;0;8;8;8;14.9625;0;12.4;0.5;1.79;Graduate;691;B;data uji;Tidak dipanggil
MHS1947;1;1;1;9500;1;1;157.0;1;19;38;5;3;149.3;0;0;0;1;0;0;18;0;0;8;8;8;14.035;0;0;8;8;8;14.035;0;9.4;-0.8;-3.12;Graduate;706;A;data latih;Tidak dipanggil
MHS1948;1;17;1;9085;1;1;135.0;1;1;19;4;10;125.6;1;0;0;1;0;0;18;0;0;5;8;4;11.0;1;0;5;8;3;14.0;0;12.7;3.7;-1.7;Graduate;629;C;data latih;Tidak dipanggil
MHS1949;1;1;1;9773;1;1;139.0;1;38;38;9;9;145.0;1;0;0;1;0;1;18;0;0;6;6;6;13.333333333333334;0;0;6;6;6;13.333333333333334;0;9.4;-0.8;-3.12;Graduate;723;A;data latih;Tidak dipanggil
MHS1950;1;18;1;9500;1;1;115.0;1;38;37;5;5;115.0;0;0;0;1;0;0;20;0;0;7;13;6;11.7725;0;0;8;9;7;12.33;0;15.5;2.8;-4.06;Graduate;671;B;data latih;Tidak dipanggil
MHS1951;1;1;1;9254;1;1;123.0;1;38;38;4;7;114.3;0;0;0;1;0;0;19;0;0;6;0;0;0.0;0;0;6;0;0;0.0;0;11.1;0.6;2.02;Dropout;561;D;data latih;Menghilang dari kelas
MHS1952;1;43;2;9254;1;1;140.0;1;19;19;9;9;126.0;1;0;0;1;0;0;19;0;0;6;0;0;0.0;0;0;6;12;0;0.0;0;10.8;1.4;1.74;Dropout;548;E;data latih;Menghilang dari kelas
MHS1953;1;1;1;171;1;1;138.0;1;19;37;7;7;124.0;1;0;0;0;0;0;19;0;0;0;0;0;0.0;0;0;0;0;0;0.0;0;10.8;1.4;1.74;Dropout;483;E;data latih;Menghilang dari kelas
MHS1954;1;1;4;9254;1;1;132.0;1;1;38;5;6;122.6;1;0;0;1;0;1;18;0;0;6;7;6;12.285714285714286;0;0;6;6;6;12.0;0;8.9;1.4;3.51;Graduate;712;A;data latih;Tidak dipanggil
MHS1955;1;1;4;9500;1;1;140.0;1;3;19;2;3;133.8;1;0;0;1;0;0;17;0;0;8;14;5;12.46;0;0;8;14;5;12.46;0;10.8;1.4;1.74;Enrolled;640;C;mahasiswa aktif;Tidak dipanggil
MHS1956;1;18;1;9853;1;1;117.0;1;19;38;4;0;113.5;1;0;0;1;0;0;19;0;0;7;10;6;12.166666666666666;0;0;7;9;6;13.166666666666666;0;12.4;0.5;1.79;Graduate;671;B;data latih;Tidak dipanggil
MHS1957;1;1;4;9238;1;1;125.0;1;19;1;4;5;122.6;1;1;0;1;0;0;18;0;0;6;9;5;11.833333333333334;0;0;6;8;2;11.5;0;13.9;-0.3;0.79;Enrolled;605;C;mahasiswa aktif;Tidak dipanggil
MHS1958;1;7;1;9500;1;3;140.0;1;37;37;4;4;140.0;0;0;0;1;0;0;25;0;0;8;8;7;14.805714285714286;0;0;8;8;7;14.805714285714286;0;10.8;1.4;1.74;Graduate;670;B;data latih;Tidak dipanggil
MHS1959;1;1;1;9238;1;1;133.1;1;12;38;4;9;107.0;1;0;0;1;0;0;19;0;0;6;11;5;10.6;0;0;6;10;6;11.714285714285714;0;11.1;0.6;2.02;Dropout;640;C;data uji;Tidak dipanggil
MHS1960;1;53;1;9085;1;42;130.0;1;19;1;9;9;130.0;1;0;1;0;0;0;24;0;7;9;9;8;13.125;0;4;9;13;6;13.0;0;8.9;1.4;3.51;Enrolled;569;D;mahasiswa aktif;Terhalang biaya
MHS1961;1;1;1;9238;1;1;134.0;1;1;1;4;9;124.2;1;0;1;1;0;1;19;0;0;6;6;6;12.833333333333334;0;0;6;6;6;12.666666666666666;0;9.4;-0.8;-3.12;Graduate;696;A;data latih;Tidak dipanggil
MHS1962;1;18;1;9500;1;1;128.0;1;19;1;9;4;125.8;0;0;0;1;0;1;20;0;0;8;8;0;0.0;8;0;8;8;0;0.0;8;9.4;-0.8;-3.12;Enrolled;589;D;mahasiswa aktif;Menghilang dari kelas
MHS1963;1;1;1;9670;1;1;115.0;1;1;1;5;4;108.0;1;0;0;1;0;1;20;0;0;6;9;5;13.0;0;0;6;6;5;13.8;0;12.4;0.5;1.79;Graduate;668;B;data latih;Tidak dipanggil
MHS1964;1;1;2;9500;1;1;119.0;1;1;1;4;4;115.2;1;0;0;1;0;1;20;0;0;7;8;7;12.725;0;0;8;8;8;13.7125;0;13.9;-0.3;0.79;Graduate;721;A;data latih;Tidak dipanggil
MHS1965;1;17;1;9085;1;1;131.0;1;1;3;4;1;129.3;1;0;0;1;0;0;19;0;0;5;10;4;11.25;1;0;5;10;3;10.333333333333334;0;12.7;3.7;-1.7;Graduate;590;D;data latih;Berjuang secara akademik
MHS1966;1;7;1;9003;1;4;120.0;1;3;1;2;4;120.0;1;0;0;1;0;0;31;0;8;12;12;11;13.818181818181818;0;4;12;16;12;13.461538461538462;0;15.5;2.8;-4.06;Graduate;650;C;data latih;Tidak dipanggil
MHS1967;1;1;1;9085;1;1;120.0;1;1;19;3;4;116.7;0;0;0;1;0;0;20;0;0;5;12;3;12.333333333333334;2;0;5;8;3;13.0;1;9.4;-0.8;-3.12;Graduate;634;C;data latih;Tidak dipanggil
MHS1968;1;1;3;9085;1;1;135.0;1;3;2;4;3;121.0;1;0;0;1;0;0;18;0;0;5;14;3;12.333333333333334;2;0;5;8;5;11.6;0;9.4;-0.8;-3.12;Enrolled;606;C;mahasiswa aktif;Tidak dipanggil
MHS1969;1;17;1;9853;1;1;146.0;1;1;1;3;4;128.2;0;0;1;1;0;0;18;0;0;6;8;4;13.25;0;0;6;10;3;10.666666666666666;0;12.7;3.7;-1.7;Enrolled;567;D;mahasiswa aktif;Berjuang secara akademik
MHS1970;1;1;4;9670;1;1;133.0;1;1;2;4;7;121.1;1;0;0;1;0;0;18;0;0;6;7;6;13.666666666666666;0;0;6;9;5;15.4;0;13.9;-0.3;0.79;Graduate;659;B;data latih;Tidak dipanggil
MHS1971;1;51;1;9238;1;1;122.0;1;19;3;5;2;112.6;0;0;1;1;0;0;20;0;5;11;18;8;12.625;0;4;10;10;3;11.0;0;11.1;0.6;2.02;Enrolled;589;D;mahasiswa aktif;Berjuang secara akademik
MHS1972;1;17;1;9085;1;1;128.0;1;2;19;2;4;123.3;1;0;0;1;0;1;20;0;0;6;6;6;14.833333333333334;0;0;6;8;6;12.142857142857142;0;8.9;1.4;3.51;Graduate;709;A;data latih;Tidak dipanggil
MHS1973;1;17;2;9670;1;1;129.0;1;19;19;5;4;129.4;0;0;0;1;0;1;19;0;0;6;7;5;11.2;0;0;6;10;5;13.125;0;10.8;1.4;1.74;Dropout;648;C;data latih;Tidak dipanggil
MHS1974;1;17;1;9147;1;1;122.0;1;19;19;4;6;119.9;0;0;0;1;0;1;21;0;0;5;6;5;11.4;0;0;5;6;5;12.2;0;12.7;3.7;-1.7;Graduate;639;C;data latih;Tidak dipanggil
MHS1975;1;1;4;9500;1;1;140.0;1;1;12;3;10;131.6;1;0;0;1;0;0;18;0;0;7;8;7;13.135;0;0;8;9;8;13.244444444444444;0;12.4;0.5;1.79;Graduate;699;A;data latih;Tidak dipanggil
MHS1976;1;51;1;9070;1;1;143.0;1;1;1;4;4;120.0;1;0;0;1;0;0;21;0;3;10;10;10;13.0;0;5;11;11;10;11.4;0;11.1;0.6;2.02;Dropout;649;C;data latih;Tidak dipanggil
MHS1977;1;1;4;9500;1;1;118.0;1;19;19;3;3;110.0;1;0;0;1;0;0;19;0;0;7;12;4;12.85;0;0;7;7;7;12.62142857142857;0;11.1;0.6;2.02;Enrolled;676;B;mahasiswa aktif;Tidak dipanggil
MHS1978;1;44;1;9238;1;39;140.0;1;1;19;191;102;143.0;0;0;0;1;0;0;20;0;3;6;6;6;13.5;0;2;6;9;5;12.5;0;13.9;-0.3;0.79;Graduate;646;C;data latih;Tidak dipanggil
MHS1979;1;44;1;9085;1;1;140.0;1;1;2;3;3;140.0;0;0;0;1;0;0;20;0;0;6;7;6;14.285714285714286;0;0;6;9;3;13.0;0;13.9;-0.3;0.79;Enrolled;647;C;mahasiswa aktif;Tidak dipanggil
MHS1980;1;1;1;9670;1;1;123.0;1;12;1;9;9;119.2;1;0;0;1;0;1;18;0;0;6;8;5;13.5;0;0;6;6;6;14.5;0;12.4;0.5;1.79;Graduate;709;A;data latih;Tidak dipanggil
MHS1981;1;1;1;9147;1;1;140.0;1;19;19;9;9;124.3;1;0;0;1;0;1;18;0;0;5;8;4;10.75;0;0;5;5;5;13.0;0;12.4;0.5;1.79;Graduate;655;C;data latih;Tidak dipanggil
MHS1982;1;17;1;9238;1;1;116.0;1;19;19;7;7;111.1;1;0;0;1;0;1;18;0;0;6;9;6;11.333333333333334;0;0;6;9;6;11.833333333333334;0;8.9;1.4;3.51;Graduate;707;A;data uji;Tidak dipanggil
MHS1983;1;43;1;9085;1;39;150.0;1;38;37;6;6;150.0;1;0;0;1;0;1;21;0;2;7;15;3;13.0;2;1;5;12;5;13.285714285714286;1;10.8;1.4;1.74;Graduate;653;C;data latih;Tidak dipanggil
MHS1984;1;1;1;9500;1;1;147.0;1;38;19;5;8;147.3;0;0;0;1;0;0;18;0;0;7;7;6;13.966666666666669;0;0;7;7;6;13.966666666666669;0;7.6;2.6;0.32;Graduate;708;A;data latih;Tidak dipanggil
MHS1985;1;1;1;9500;1;1;162.0;1;19;1;5;5;147.5;1;0;0;1;0;1;18;0;0;8;8;8;14.14125;0;0;8;8;8;14.14125;0;9.4;-0.8;-3.12;Graduate;735;A;data uji;Tidak dipanggil
MHS1986;1;17;2;9254;1;1;108.0;1;37;37;9;7;108.0;1;0;0;1;0;1;20;0;0;6;10;4;11.6;0;0;6;10;4;11.75;0;12.7;3.7;-1.7;Graduate;614;C;data latih;Tidak dipanggil
MHS1987;2;42;1;9500;1;2;130.0;1;37;37;9;9;130.0;0;0;0;1;0;1;32;0;0;8;8;8;14.6625;0;0;8;8;8;14.6625;0;9.4;-0.8;-3.12;Graduate;711;A;data latih;Tidak dipanggil
MHS1988;2;39;1;9991;0;1;140.0;1;37;37;9;10;130.0;0;0;0;1;0;0;34;0;0;5;5;0;0.0;0;0;5;5;0;0.0;0;9.4;-0.8;-3.12;Enrolled;520;E;mahasiswa aktif;Menghilang dari kelas
MHS1989;1;1;2;9500;1;1;116.0;1;19;37;3;3;109.0;1;0;0;1;0;1;23;0;0;7;8;6;12.993333333333334;0;0;8;9;8;12.66875;0;11.1;0.6;2.02;Graduate;710;A;data latih;Tidak dipanggil
MHS1990;1;1;5;9670;1;1;120.0;1;4;1;4;10;112.0;1;0;0;1;0;0;18;0;0;6;10;4;11.25;0;0;6;11;5;12.2;0;8.9;1.4;3.51;Enrolled;623;C;mahasiswa aktif;Tidak dipanggil
MHS1991;1;17;1;8014;0;1;132.0;1;37;19;5;5;121.2;0;0;0;1;0;0;18;0;0;6;8;5;12.2;0;0;6;10;5;12.8;0;10.8;1.4;1.74;Graduate;626;C;data latih;Tidak dipanggil
MHS1992;1;43;1;171;1;2;140.0;1;37;37;9;9;140.0;1;0;0;1;0;0;34;0;0;0;0;0;0.0;0;0;0;0;0;0.0;0;10.8;1.4;1.74;Dropout;534;E;data latih;Menghilang dari kelas
MHS1993;1;39;1;8014;0;1;120.0;100;1;1;4;7;119.5;0;0;1;1;0;0;25;1;2;6;6;6;11.333333333333334;0;0;6;6;4;11.75;0;8.9;1.4;3.51;Enrolled;554;D;mahasiswa aktif;Berjuang secara akademik
MHS1994;1;1;1;9147;1;1;136.0;1;37;38;193;181;125.9;0;0;0;1;0;0;21;0;0;5;7;5;12.2;0;0;5;7;5;11.8;0;11.1;0.6;2.02;Graduate;597;D;data latih;Berjuang secara akademik
MHS1995;1;1;1;9254;1;1;133.0;1;19;9;0;0;121.5;1;0;0;1;0;1;20;0;0;6;12;0;0.0;0;0;6;12;0;0.0;0;7.6;2.6;0.32;Dropout;588;D;data latih;Berjuang secara akademik
MHS1996;1;1;5;9238;1;1;126.0;1;30;19;0;2;121.5;1;0;0;1;0;0;18;0;0;6;8;6;11.333333333333334;0;0;6;6;6;11.666666666666666;0;7.6;2.6;0.32;Graduate;658;B;data latih;Tidak dipanggil
MHS1997;1;17;1;9085;1;1;142.0;1;3;37;4;8;132.4;1;0;0;1;0;0;18;0;0;6;8;6;13.857142857142858;0;0;6;15;6;13.1;0;12.4;0.5;1.79;Graduate;689;B;data latih;Tidak dipanggil
MHS1998;1;17;1;9773;1;1;121.0;1;37;37;9;9;122.4;0;0;0;1;0;0;18;0;0;6;7;6;12.857142857142858;0;0;6;6;6;13.333333333333334;0;13.9;-0.3;0.79;Graduate;687;B;data latih;Tidak dipanggil
MHS1999;1;39;1;8014;0;1;134.0;1;37;38;4;7;110.0;1;0;0;1;0;0;24;0;0;6;10;1;10.0;0;0;6;12;0;0.0;0;9.4;-0.8;-3.12;Dropout;531;E;data uji;Berjuang secara akademik
MHS2000;1;51;1;9147;1;1;140.0;1;19;19;9;7;120.4;0;0;1;0;0;0;32;0;14;15;17;14;10.214285714285714;0;13;13;13;13;11.384615384615383;0;16.2;0.3;-0.92;Graduate;503;E;data uji;Terhalang biaya
MHS2001;1;39;1;9254;1;1;133.1;1;1;1;9;6;105.0;1;0;1;0;0;0;24;0;0;6;14;6;11.285714285714286;0;0;6;16;3;10.333333333333334;0;8.9;1.4;3.51;Dropout;474;E;data latih;Terhalang biaya
MHS2002;1;1;1;9238;1;1;157.0;1;38;37;9;5;137.8;0;0;0;1;0;1;18;0;0;6;6;6;13.833333333333334;0;0;6;7;0;0.0;0;15.5;2.8;-4.06;Dropout;662;B;data uji;Tidak dipanggil
MHS2003;1;51;1;9254;1;1;120.0;1;38;38;9;9;118.0;0;0;0;1;0;0;28;0;0;6;8;6;12.857142857142858;0;0;6;8;5;12.6;0;8.9;1.4;3.51;Graduate;627;C;data latih;Tidak dipanggil
MHS2004;1;17;5;9853;1;1;134.0;1;19;38;4;8;122.1;1;0;0;1;0;1;18;0;0;6;8;6;11.666666666666666;0;0;6;9;4;12.0;0;10.8;1.4;1.74;Dropout;655;C;data latih;Tidak dipanggil
MHS2005;1;7;1;9853;1;3;140.0;1;34;34;0;0;140.0;1;0;0;0;0;0;24;0;0;6;12;0;0.0;0;0;5;10;0;0.0;0;9.4;-0.8;-3.12;Dropout;444;E;data uji;Terhalang biaya
MHS2006;1;1;1;9085;1;1;133.0;1;1;37;4;10;143.2;0;0;0;1;0;0;19;0;0;5;7;5;14.4;0;0;5;6;5;13.2;0;7.6;2.6;0.32;Graduate;641;C;data latih;Tidak dipanggil
MHS2007;2;39;1;8014;0;1;146.0;1;37;37;9;8;120.5;0;0;0;1;0;0;44;0;0;6;6;6;14.833333333333334;0;0;6;6;6;14.166666666666666;0;10.8;1.4;1.74;Graduate;664;B;data latih;Tidak dipanggil
MHS2008;1;16;3;9085;1;1;130.0;1;37;37;9;2;119.5;1;0;0;1;0;1;18;0;0;6;14;6;14.333333333333334;0;0;6;9;6;12.0;0;15.5;2.8;-4.06;Graduate;711;A;data latih;Tidak dipanggil
MHS2009;1;1;1;171;1;1;151.0;1;37;37;9;7;147.5;1;0;0;1;0;0;18;0;0;0;0;0;0.0;0;0;0;0;0;0.0;0;7.6;2.6;0.32;Graduate;562;D;data uji;Menghilang dari kelas
MHS2010;1;1;6;9773;1;1;133.1;1;1;1;90;90;129.6;0;0;0;1;0;0;22;0;0;6;0;0;0.0;0;0;6;0;0;0.0;0;7.6;2.6;0.32;Dropout;553;D;data latih;Menghilang dari kelas
MHS2011;1;18;1;9853;1;1;132.0;1;37;37;9;5;126.1;0;0;0;1;0;1;18;0;0;7;9;6;12.333333333333334;0;0;7;7;6;12.666666666666666;0;11.1;0.6;2.02;Graduate;697;A;data latih;Tidak dipanggil
MHS2012;2;39;1;9991;0;1;110.0;1;37;37;9;4;160.0;0;0;0;1;0;0;44;0;0;5;5;5;11.8;0;0;5;5;5;12.4;0;15.5;2.8;-4.06;Graduate;580;D;data latih;Berjuang secara akademik
MHS2013;5;39;1;9853;1;19;133.1;1;38;1;5;3;105.5;0;0;1;1;0;0;33;0;0;6;7;5;13.2;0;0;6;7;5;10.6;0;7.6;2.6;0.32;Dropout;537;E;data latih;Berjuang secara akademik
MHS2014;2;39;1;9853;1;1;110.0;1;37;37;9;9;95.5;0;0;1;0;0;0;32;0;0;6;6;0;0.0;0;0;5;10;0;0.0;0;10.8;1.4;1.74;Dropout;417;E;data latih;Terhalang biaya
MHS2015;2;39;1;9003;1;1;133.1;1;19;19;4;4;107.5;0;0;0;0;0;0;35;0;0;6;0;0;0.0;0;0;6;0;0;0.0;0;15.5;2.8;-4.06;Dropout;446;E;data latih;Menghilang dari kelas
MHS2016;1;1;1;9238;1;1;105.0;1;19;19;6;6;106.1;1;0;0;1;0;0;20;0;0;6;6;6;11.5;0;0;6;7;6;13.285714285714286;0;11.1;0.6;2.02;Graduate;686;B;data uji;Tidak dipanggil
MHS2017;1;39;1;9254;1;1;160.0;1;3;1;6;6;116.3;1;0;0;1;0;0;24;0;0;6;8;5;12.6;0;0;6;7;5;12.2;0;9.4;-0.8;-3.12;Graduate;595;D;data latih;Berjuang secara akademik
MHS2018;1;1;1;9500;1;1;144.0;1;38;1;9;10;137.4;0;0;0;1;0;0;19;0;0;7;7;7;13.542857142857144;0;0;8;9;8;14.22222222222222;0;16.2;0.3;-0.92;Graduate;702;A;data latih;Tidak dipanggil
MHS2019;1;1;1;9254;1;1;100.0;1;19;19;5;5;101.8;1;0;0;1;0;0;21;0;0;6;8;5;11.6;0;0;6;6;5;13.0;0;12.4;0.5;1.79;Enrolled;624;C;mahasiswa aktif;Tidak dipanggil
MHS2020;1;1;2;9773;1;1;143.0;1;1;1;4;9;144.1;1;0;0;1;1;1;19;0;0;6;7;6;13.666666666666666;0;0;6;6;6;13.833333333333334;0;12.7;3.7;-1.7;Graduate;726;A;data latih;Tidak dipanggil
MHS2021;1;42;1;9003;1;1;160.0;1;19;1;9;5;107.8;1;0;0;0;1;0;27;0;0;6;10;0;0.0;0;0;6;8;0;0.0;0;15.5;2.8;-4.06;Dropout;461;E;data latih;Terhalang biaya
MHS2022;1;39;1;9853;1;1;140.0;1;19;1;9;4;128.2;0;0;0;0;0;0;30;0;0;6;0;0;0.0;0;0;6;0;0;0.0;0;12.7;3.7;-1.7;Dropout;443;E;data latih;Menghilang dari kelas
MHS2023;1;17;4;171;1;1;133.1;1;38;38;9;9;117.0;1;0;0;1;1;0;21;0;0;0;0;0;0.0;0;0;0;0;0;0.0;0;10.8;1.4;1.74;Dropout;551;D;data latih;Menghilang dari kelas
MHS2024;1;1;1;9070;1;1;116.0;1;1;12;5;8;110.4;1;0;0;1;1;0;19;0;0;6;6;6;11.5;0;0;6;8;6;12.285714285714286;0;8.9;1.4;3.51;Graduate;679;B;data latih;Tidak dipanggil
MHS2025;2;39;1;9991;0;1;120.0;1;37;37;9;10;170.0;0;0;0;1;0;0;34;0;0;5;12;2;11.5;0;0;5;9;4;11.75;0;9.4;-0.8;-3.12;Enrolled;553;D;mahasiswa aktif;Berjuang secara akademik
MHS2026;1;43;1;9500;1;1;141.0;1;4;19;4;10;100.0;0;0;0;1;1;0;18;0;0;7;7;7;11.828571428571427;0;0;8;10;7;12.9125;0;13.9;-0.3;0.79;Graduate;676;B;data uji;Tidak dipanggil
MHS2027;1;1;1;171;1;1;110.0;1;3;2;3;3;117.0;1;0;0;1;1;0;21;0;0;0;0;0;0.0;0;0;0;0;0;0.0;0;9.4;-0.8;-3.12;Graduate;558;D;data latih;Menghilang dari kelas
MHS2028;1;1;2;171;1;1;127.0;1;3;39;1;3;133.5;1;0;0;1;1;0;17;0;0;0;0;0;0.0;0;0;0;0;0;0.0;0;15.5;2.8;-4.06;Enrolled;562;D;mahasiswa aktif;Menghilang dari kelas
MHS2029;1;1;1;9500;1;1;132.0;1;19;37;4;9;128.0;1;0;0;1;0;1;19;0;0;7;7;6;12.966666666666669;0;0;7;7;6;12.966666666666669;0;7.6;2.6;0.32;Graduate;728;A;data latih;Tidak dipanggil
MHS2030;1;1;1;9773;1;1;135.0;1;37;38;9;6;122.1;1;0;0;1;1;0;18;0;0;6;6;6;13.833333333333334;0;0;6;6;6;13.666666666666666;0;12.7;3.7;-1.7;Graduate;696;A;data latih;Tidak dipanggil
MHS2031;1;17;2;9500;1;1;135.0;1;19;19;9;10;133.4;1;0;0;1;0;0;19;0;0;7;7;7;14.125714285714285;0;0;8;8;8;14.36875;0;11.1;0.6;2.02;Graduate;697;A;data latih;Tidak dipanggil
MHS2032;4;39;1;9254;1;1;140.0;1;38;37;9;9;112.0;0;0;1;1;0;0;45;0;4;10;12;5;12.166666666666666;4;2;8;8;0;0.0;2;12.7;3.7;-1.7;Dropout;540;E;data latih;Terhalang biaya
MHS2033;1;39;1;9085;1;1;133.1;1;19;37;9;6;130.0;1;0;0;1;0;0;26;0;0;6;17;6;12.666666666666666;0;0;6;21;4;12.25;0;15.5;2.8;-4.06;Graduate;614;C;data latih;Tidak dipanggil
MHS2034;2;39;2;9991;0;1;100.0;1;37;37;9;9;100.0;1;0;0;1;1;0;51;0;0;4;4;0;0.0;0;0;5;0;0;0.0;0;12.7;3.7;-1.7;Dropout;520;E;data uji;Menghilang dari kelas
MHS2035;2;39;1;9773;1;19;133.1;1;37;37;6;6;162.0;0;0;1;1;1;1;49;0;0;6;8;6;12.285714285714286;0;0;6;7;6;14.166666666666666;0;10.8;1.4;1.74;Graduate;662;B;data latih;Tidak dipanggil
MHS2036;1;42;1;9500;1;1;100.0;1;3;19;2;8;153.0;0;0;0;1;1;0;22;0;3;6;7;3;14.5;0;4;7;8;4;14.375;0;15.5;2.8;-4.06;Enrolled;633;C;mahasiswa aktif;Tidak dipanggil
MHS2037;1;17;1;9147;1;1;137.0;1;1;37;5;9;131.4;1;0;0;1;1;0;22;0;0;5;8;2;10.0;0;0;5;7;1;10.0;0;7.6;2.6;0.32;Dropout;559;D;data uji;Berjuang secara akademik
MHS2038;2;7;1;9130;1;3;120.0;1;3;3;1;1;128.2;0;0;0;1;0;0;33;0;1;5;11;2;11.5;1;1;5;8;2;12.0;0;9.4;-0.8;-3.12;Dropout;577;D;data latih;Berjuang secara akademik
MHS2039;1;10;1;9670;1;1;148.9;22;37;37;9;9;148.9;0;0;0;1;0;0;20;1;0;5;6;5;11.6;0;0;5;6;4;11.5;0;9.4;-0.8;-3.12;Graduate;583;D;data latih;Berjuang secara akademik
MHS2040;1;1;4;9238;1;1;134.0;1;38;19;7;7;128.4;1;0;0;1;0;1;18;0;0;6;6;6;12.5;0;0;6;6;6;11.666666666666666;0;10.8;1.4;1.74;Graduate;694;B;data latih;Tidak dipanggil
MHS2041;1;1;5;9853;1;1;128.0;1;38;37;9;9;120.3;1;0;1;0;0;0;20;0;0;6;9;3;11.666666666666666;0;0;6;10;2;11.0;0;10.8;1.4;1.74;Dropout;483;E;data latih;Terhalang biaya
MHS2042;2;57;1;9991;0;1;133.1;41;38;37;4;6;100.0;0;0;0;1;0;0;37;1;5;10;11;7;13.428571428571429;0;5;10;11;10;11.6;0;8.9;1.4;3.51;Graduate;627;C;data latih;Tidak dipanggil
MHS2043;1;1;1;9254;1;1;131.0;2;37;1;9;3;126.1;1;0;0;1;1;0;18;1;0;6;6;6;13.666666666666666;0;0;6;6;6;13.5;0;7.6;2.6;0.32;Graduate;691;B;data latih;Tidak dipanggil
MHS2044;1;1;3;9254;1;1;118.0;1;1;19;9;9;111.7;1;0;0;1;0;0;19;0;0;6;6;6;12.5;0;0;6;6;6;12.166666666666666;0;12.4;0.5;1.79;Graduate;681;B;data latih;Tidak dipanggil
MHS2045;1;44;1;9085;1;39;140.0;1;1;19;3;3;140.0;1;0;0;1;0;0;21;0;2;6;7;6;13.0;0;1;6;15;4;12.8;0;12.4;0.5;1.79;Graduate;640;C;data latih;Tidak dipanggil
MHS2046;1;1;2;9500;1;1;133.0;1;19;1;9;1;122.2;0;0;0;1;0;0;20;0;0;7;9;6;12.783333333333331;0;0;8;9;7;12.842857142857143;0;13.9;-0.3;0.79;Graduate;692;B;data latih;Tidak dipanggil
MHS2047;1;1;2;9500;1;1;126.0;1;37;1;7;7;118.7;1;0;0;1;0;0;19;0;0;7;0;0;0.0;0;0;8;0;0;0.0;0;13.9;-0.3;0.79;Dropout;571;D;data latih;Menghilang dari kelas
MHS2048;1;17;2;9556;1;1;125.0;1;38;19;7;7;121.5;1;0;0;1;0;0;20;0;0;7;13;4;13.5;0;0;7;11;4;11.225;0;11.1;0.6;2.02;Dropout;592;D;data uji;Berjuang secara akademik
MHS2049;1;17;4;9500;1;1;138.0;1;3;1;2;5;134.5;1;0;0;1;0;0;18;0;0;7;7;7;13.457142857142856;0;0;8;8;8;15.125;0;13.9;-0.3;0.79;Graduate;697;A;data latih;Tidak dipanggil
MHS2050;1;1;4;9500;1;1;140.0;1;1;19;9;7;127.0;1;0;0;1;0;0;19;0;0;8;8;7;13.44285714285714;0;0;8;8;7;13.44285714285714;0;12.7;3.7;-1.7;Graduate;697;A;data latih;Tidak dipanggil
MHS2051;1;1;1;9238;1;1;124.0;1;37;38;9;3;114.2;0;0;0;1;0;0;18;0;0;6;13;4;11.0;0;0;6;12;5;10.833333333333334;0;15.5;2.8;-4.06;Graduate;605;C;data latih;Tidak dipanggil
MHS2052;1;17;1;9238;1;1;133.0;1;38;38;7;7;125.3;1;0;0;1;0;1;18;0;0;6;6;6;11.333333333333334;0;0;6;7;6;12.285714285714286;0;15.5;2.8;-4.06;Graduate;707;A;data latih;Tidak dipanggil
MHS2053;1;1;2;9773;1;1;127.0;1;1;19;4;5;120.4;1;0;0;1;0;0;18;0;0;5;7;2;10.0;0;0;1;1;0;0.0;0;12.7;3.7;-1.7;Dropout;584;D;data latih;Berjuang secara akademik
MHS2054;1;1;6;9500;1;1;138.0;1;1;38;3;9;123.0;1;0;0;1;0;0;19;0;0;7;10;5;13.44;0;0;7;8;6;13.066666666666668;0;12.4;0.5;1.79;Enrolled;683;B;mahasiswa aktif;Tidak dipanggil
MHS2055;1;1;2;9556;1;1;142.0;1;1;19;4;5;130.5;1;0;0;1;0;1;18;0;0;7;8;7;12.214285714285714;0;0;8;8;8;14.0625;0;16.2;0.3;-0.92;Graduate;717;A;data latih;Tidak dipanggil
MHS2056;1;1;1;9070;1;1;130.0;41;37;19;9;8;125.5;1;0;0;1;0;1;19;1;0;6;6;6;14.166666666666666;0;0;6;6;6;13.5;0;11.1;0.6;2.02;Graduate;725;A;data latih;Tidak dipanggil
MHS2057;1;53;1;9003;1;42;130.0;1;1;19;9;7;133.8;0;0;1;1;0;1;24;0;7;12;13;12;12.846153846153848;0;5;11;13;11;12.636363636363637;0;8.9;1.4;3.51;Graduate;662;B;data latih;Tidak dipanggil
MHS2058;1;44;1;9085;1;39;150.0;1;37;37;9;9;150.0;0;0;0;1;0;0;20;0;2;6;8;6;13.0;0;1;6;18;2;12.0;0;12.4;0.5;1.79;Enrolled;640;C;mahasiswa aktif;Tidak dipanggil
MHS2059;1;1;1;9147;1;1;127.0;1;1;19;5;7;130.5;1;0;0;1;0;1;21;0;0;5;6;5;12.8;1;0;5;7;4;11.25;0;9.4;-0.8;-3.12;Graduate;626;C;data latih;Tidak dipanggil
MHS2060;1;44;1;9085;1;39;140.0;1;38;37;4;10;140.0;0;0;1;0;0;0;20;0;1;6;13;4;13.0;0;1;6;11;5;12.0;0;16.2;0.3;-0.92;Dropout;521;E;data latih;Terhalang biaya
MHS2061;1;17;6;9500;1;1;126.0;1;19;37;3;9;119.4;1;0;0;1;0;1;19;0;0;7;7;7;13.371428571428572;0;0;8;9;8;13.666666666666666;0;16.2;0.3;-0.92;Graduate;719;A;data latih;Tidak dipanggil
MHS2062;1;17;5;9556;1;1;139.0;1;19;19;9;8;121.3;1;0;0;1;0;1;19;0;0;7;8;7;13.385714285714286;0;0;8;8;8;13.3875;0;10.8;1.4;1.74;Graduate;706;A;data latih;Tidak dipanggil
MHS2063;1;1;3;9500;1;1;141.0;1;1;1;9;9;126.3;1;0;0;1;0;0;18;0;0;8;8;7;13.328571428571427;0;0;8;8;7;13.328571428571427;0;12.7;3.7;-1.7;Graduate;699;A;data latih;Tidak dipanggil
MHS2064;1;1;1;9085;1;1;120.0;1;38;38;4;7;111.6;1;0;0;1;0;0;19;0;0;6;12;5;14.0;0;0;6;14;5;11.0;0;16.2;0.3;-0.92;Graduate;609;C;data latih;Tidak dipanggil
MHS2065;1;17;4;9147;1;1;120.0;1;38;19;9;9;111.3;1;0;0;1;0;0;21;0;0;5;5;5;12.6;0;0;5;5;5;13.2;0;8.9;1.4;3.51;Graduate;622;C;data uji;Tidak dipanggil
MHS2066;1;1;2;9853;1;1;134.0;1;1;38;9;8;122.5;1;0;0;1;0;1;19;0;0;6;7;6;14.0;0;0;6;6;6;15.0;0;15.5;2.8;-4.06;Graduate;719;A;data uji;Tidak dipanggil
MHS2067;1;1;5;9254;1;1;128.0;1;19;1;7;10;116.5;1;0;0;1;0;1;18;0;0;6;7;6;13.428571428571429;0;0;6;6;6;12.666666666666666;0;8.9;1.4;3.51;Graduate;715;A;data latih;Tidak dipanggil
MHS2068;1;17;5;9070;1;1;133.0;1;4;1;4;4;132.0;1;1;0;1;0;1;17;0;0;6;6;6;13.0;0;0;6;6;6;12.5;0;15.5;2.8;-4.06;Graduate;713;A;data latih;Tidak dipanggil
MHS2069;1;18;4;9853;1;1;123.0;1;19;38;4;10;123.7;1;0;0;1;0;0;19;0;0;6;8;5;12.666666666666666;0;0;6;8;5;11.0;0;15.5;2.8;-4.06;Enrolled;586;D;mahasiswa aktif;Berjuang secara akademik
MHS2070;1;17;6;9147;1;1;118.0;1;37;1;9;7;117.0;1;0;0;0;1;0;23;0;0;5;9;3;10.0;1;0;5;9;3;12.333333333333334;0;9.4;-0.8;-3.12;Dropout;509;E;data latih;Terhalang biaya
MHS2071;1;1;1;9670;1;1;113.0;1;1;37;1;10;116.5;1;0;0;1;0;0;19;0;0;6;7;6;12.833333333333334;0;0;6;10;6;11.77777777777778;0;8.9;1.4;3.51;Graduate;657;B;data latih;Tidak dipanggil
MHS2072;1;1;1;9500;1;1;135.0;1;19;3;9;4;121.5;1;0;0;1;0;0;18;0;0;7;7;6;12.916666666666666;0;0;7;7;6;12.916666666666666;0;7.6;2.6;0.32;Graduate;701;A;data uji;Tidak dipanggil
MHS2073;1;1;1;9670;1;1;133.1;1;38;38;5;9;105.0;1;0;0;1;0;0;20;0;0;6;9;6;13.285714285714286;0;0;6;8;5;13.8;0;15.5;2.8;-4.06;Graduate;655;C;data latih;Tidak dipanggil
MHS2074;1;1;3;9085;1;1;130.0;1;1;19;9;9;121.3;1;0;0;1;0;1;19;0;0;5;6;5;14.6;0;0;5;5;5;13.8;0;10.8;1.4;1.74;Graduate;675;B;data latih;Tidak dipanggil
MHS2075;1;1;1;9238;1;1;135.0;1;19;38;3;9;136.1;1;0;0;1;0;1;18;0;0;6;6;6;14.0;0;0;6;6;6;13.666666666666666;0;12.4;0.5;1.79;Graduate;731;A;data uji;Tidak dipanggil
MHS2076;1;17;2;9238;1;1;133.0;1;37;37;9;4;123.6;0;0;0;1;0;1;19;0;0;6;7;6;14.142857142857142;0;0;6;6;6;15.0;0;13.9;-0.3;0.79;Graduate;727;A;data uji;Tidak dipanggil
MHS2077;1;1;4;9238;1;1;123.0;1;38;1;4;10;129.0;1;0;0;1;0;0;19;0;0;6;8;6;11.666666666666666;0;0;6;6;6;12.333333333333334;0;10.8;1.4;1.74;Graduate;683;B;data uji;Tidak dipanggil
MHS2078;1;17;1;9500;1;1;145.0;1;19;37;4;8;136.8;1;0;0;1;0;0;18;0;0;8;9;8;14.3775;1;0;8;9;8;14.3775;1;9.4;-0.8;-3.12;Graduate;699;A;data latih;Tidak dipanggil
MHS2079;1;17;2;9500;1;1;146.0;1;3;3;3;6;133.4;1;0;0;1;0;0;18;0;0;7;8;7;12.5;0;0;8;9;7;13.042857142857144;0;13.9;-0.3;0.79;Graduate;689;B;data uji;Tidak dipanggil
MHS2080;1;1;5;9500;1;1;144.0;1;38;38;7;7;136.0;1;0;0;1;0;1;19;0;0;7;7;6;14.15;0;0;7;7;6;14.15;0;7.6;2.6;0.32;Graduate;735;A;data latih;Tidak dipanggil
MHS2081;1;1;1;9500;1;1;144.0;1;38;37;9;9;125.8;0;0;0;1;0;1;19;0;0;8;12;7;12.471428571428572;0;0;8;12;7;12.471428571428572;0;12.7;3.7;-1.7;Graduate;718;A;data latih;Tidak dipanggil
MHS2082;1;1;1;9500;1;1;131.0;1;4;4;2;1;120.5;0;0;0;1;0;0;19;0;0;7;7;6;14.15;0;0;7;7;6;14.15;0;7.6;2.6;0.32;Graduate;706;A;data latih;Tidak dipanggil
MHS2083;1;1;2;9500;1;1;141.0;1;37;37;9;8;130.2;1;0;0;1;0;0;21;0;0;7;11;7;14.072222222222225;0;0;8;8;8;14.0475;0;15.5;2.8;-4.06;Graduate;702;A;data uji;Tidak dipanggil
MHS2084;1;1;3;9773;1;1;138.0;1;3;1;2;3;135.9;1;0;0;1;0;0;18;0;0;6;7;6;14.857142857142858;0;0;6;6;6;14.666666666666666;0;13.9;-0.3;0.79;Graduate;701;A;data uji;Tidak dipanggil
MHS2085;1;1;1;9773;1;1;127.0;1;19;37;9;9;116.5;0;0;0;1;0;1;19;0;0;6;7;6;14.285714285714286;0;0;6;6;6;13.166666666666666;0;11.1;0.6;2.02;Graduate;723;A;data latih;Tidak dipanggil
MHS2086;1;1;4;9773;1;1;124.0;1;19;37;99;90;124.0;0;0;0;0;0;0;18;0;0;4;4;0;0.0;0;0;4;4;0;0.0;0;12.7;3.7;-1.7;Dropout;489;E;data latih;Terhalang biaya
MHS2087;1;7;1;8014;0;3;140.0;1;1;1;4;4;140.0;0;0;0;1;0;0;30;0;0;6;0;0;0.0;0;0;6;0;0;0.0;0;10.8;1.4;1.74;Dropout;528;E;data latih;Menghilang dari kelas
MHS2088;1;17;1;9130;1;1;157.0;1;3;2;3;6;150.9;1;0;0;1;0;0;18;0;0;6;8;6;15.0;0;0;6;8;5;15.166666666666666;0;13.9;-0.3;0.79;Dropout;646;C;data latih;Tidak dipanggil
MHS2089;1;1;3;9500;1;1;129.0;1;19;19;4;8;127.3;1;0;0;1;0;1;20;0;0;7;7;6;12.633333333333333;0;0;7;7;6;12.633333333333333;0;7.6;2.6;0.32;Graduate;718;A;data uji;Tidak dipanggil
MHS2090;1;39;1;9670;1;19;133.1;1;1;1;4;7;100.0;0;0;1;0;0;0;25;0;0;5;5;5;11.2;0;0;5;5;5;12.6;0;9.4;-0.8;-3.12;Dropout;485;E;data latih;Terhalang biaya
MHS2091;1;1;5;9500;1;1;142.0;1;38;37;5;7;128.8;1;0;0;1;0;0;18;0;0;7;7;6;14.233333333333334;0;0;7;7;6;14.233333333333334;0;7.6;2.6;0.32;Graduate;708;A;data latih;Tidak dipanggil
MHS2092;5;1;3;9085;1;1;133.0;1;19;19;4;7;119.7;1;0;0;1;0;0;21;0;0;5;13;5;12.2;2;0;5;10;3;11.333333333333334;1;9.4;-0.8;-3.12;Enrolled;602;C;mahasiswa aktif;Tidak dipanggil
MHS2093;1;1;1;9500;1;1;156.0;1;5;4;2;1;140.8;0;0;0;1;0;0;18;0;0;8;8;7;15.7;0;0;8;8;7;15.7;0;12.7;3.7;-1.7;Graduate;706;A;data uji;Tidak dipanggil
MHS2094;1;1;1;9500;1;1;151.0;1;37;37;9;9;138.0;1;0;0;1;0;0;18;0;0;7;7;6;15.2;0;0;7;7;6;15.2;0;7.6;2.6;0.32;Graduate;708;A;data latih;Tidak dipanggil
MHS2095;1;17;1;9853;1;1;135.0;1;3;3;2;2;132.9;1;0;0;0;0;0;29;0;0;6;9;6;16.333333333333332;0;0;6;8;5;15.6;0;12.7;3.7;-1.7;Dropout;556;D;data latih;Terhalang biaya
MHS2096;1;43;1;9130;1;1;140.0;1;3;3;2;2;140.0;0;0;0;1;0;0;20;0;10;17;29;14;12.5625;4;7;12;24;12;12.857142857142858;1;15.5;2.8;-4.06;Graduate;661;B;data latih;Tidak dipanggil
MHS2097;1;7;1;9500;1;3;140.0;1;3;1;4;4;140.0;0;0;0;1;0;0;26;0;0;7;0;0;0.0;0;0;8;0;0;0.0;0;13.9;-0.3;0.79;Dropout;537;E;data latih;Menghilang dari kelas
MHS2098;1;1;2;9238;1;1;100.0;1;38;1;7;7;99.3;1;0;0;1;0;0;21;0;0;6;8;5;12.4;0;0;6;6;6;12.0;0;12.4;0.5;1.79;Graduate;672;B;data latih;Tidak dipanggil
MHS2099;1;18;1;9500;1;1;126.0;1;37;19;5;5;119.3;0;0;0;1;0;1;19;0;0;8;9;8;13.78125;1;0;8;9;8;13.78125;1;9.4;-0.8;-3.12;Graduate;724;A;data latih;Tidak dipanggil
MHS2100;1;17;2;9254;1;1;123.0;1;19;19;5;5;113.2;1;0;1;1;0;0;19;0;0;6;10;6;12.166666666666666;0;0;6;8;5;11.666666666666666;0;16.2;0.3;-0.92;Dropout;584;D;data latih;Berjuang secara akademik
MHS2101;1;17;1;9773;1;1;133.1;1;38;38;9;5;117.0;0;0;0;1;0;0;21;0;0;6;8;5;11.8;0;0;6;8;5;11.833333333333334;0;15.5;2.8;-4.06;Enrolled;615;C;mahasiswa aktif;Tidak dipanggil
MHS2102;1;18;1;8014;0;1;137.0;1;1;1;4;3;123.0;0;0;1;1;0;0;20;0;0;6;13;4;10.8;0;0;6;15;4;12.0;0;16.2;0.3;-0.92;Graduate;587;D;data latih;Berjuang secara akademik
MHS2103;1;1;6;9500;1;1;138.0;1;37;37;9;8;127.2;1;0;0;1;0;1;18;0;0;7;8;7;13.26;0;0;8;8;8;14.28625;0;15.5;2.8;-4.06;Graduate;733;A;data latih;Tidak dipanggil
MHS2104;1;1;2;9773;1;1;128.0;1;34;19;3;0;141.0;1;0;0;0;0;0;20;0;0;6;10;4;12.0;0;0;6;15;3;10.666666666666666;0;7.6;2.6;0.32;Dropout;518;E;data latih;Terhalang biaya
MHS2105;1;1;1;9238;1;1;136.0;1;19;38;9;9;121.7;0;1;0;1;0;1;20;0;0;6;9;6;11.875;0;0;6;7;6;14.428571428571429;0;16.2;0.3;-0.92;Graduate;720;A;data latih;Tidak dipanggil
MHS2106;1;43;1;9500;1;1;127.0;1;19;19;4;7;121.1;0;0;0;1;0;1;18;0;0;7;11;5;12.16;0;0;7;7;2;13.4;0;16.2;0.3;-0.92;Enrolled;661;B;mahasiswa aktif;Tidak dipanggil
MHS2107;1;16;1;9070;1;1;145.0;1;1;1;3;3;146.1;1;0;0;1;0;0;18;0;0;6;6;1;15.0;0;0;6;7;4;12.5;0;9.4;-0.8;-3.12;Enrolled;613;C;mahasiswa aktif;Tidak dipanggil
MHS2108;1;1;1;9773;1;1;140.0;1;37;37;9;9;142.5;1;0;0;1;0;0;18;0;0;6;6;6;13.333333333333334;0;0;6;9;5;13.2;0;9.4;-0.8;-3.12;Graduate;657;B;data latih;Tidak dipanggil
MHS2109;1;17;1;9085;1;1;138.0;1;2;19;2;9;126.8;1;0;0;1;0;0;18;0;0;5;12;2;11.5;0;0;5;12;3;11.8;2;10.8;1.4;1.74;Enrolled;592;D;mahasiswa aktif;Berjuang secara akademik
MHS2110;1;44;1;9085;1;39;150.0;1;3;3;2;2;150.0;1;0;0;1;0;0;22;0;2;6;7;6;14.428571428571429;0;1;6;9;5;13.0;0;13.9;-0.3;0.79;Graduate;638;C;data latih;Tidak dipanggil
MHS2111;1;44;3;9085;1;39;150.0;1;1;19;4;1;150.0;1;0;0;1;0;0;19;0;0;5;10;1;13.0;1;0;5;8;3;15.333333333333334;0;12.7;3.7;-1.7;Enrolled;618;C;mahasiswa aktif;Tidak dipanggil
MHS2112;1;17;1;9003;1;1;131.0;1;19;1;9;2;134.5;1;0;0;1;0;1;19;0;0;6;7;6;15.0;0;0;6;8;6;14.333333333333334;0;12.4;0.5;1.79;Graduate;715;A;data latih;Tidak dipanggil
MHS2113;1;1;2;9556;1;1;136.0;1;19;19;9;9;129.5;1;0;0;1;0;0;18;0;0;7;9;7;15.155555555555557;0;0;8;8;8;16.8;0;12.7;3.7;-1.7;Graduate;693;B;data latih;Tidak dipanggil
MHS2114;1;1;1;9238;1;1;117.0;1;38;38;175;183;113.2;1;0;1;1;0;0;20;0;0;6;8;6;10.666666666666666;0;0;6;7;6;11.857142857142858;0;11.1;0.6;2.02;Graduate;655;C;data latih;Tidak dipanggil
MHS2115;1;17;1;9853;1;1;158.0;1;38;37;5;5;140.2;1;0;0;1;0;0;18;0;0;6;9;5;11.0;0;0;6;9;4;11.25;0;10.8;1.4;1.74;Dropout;583;D;data uji;Berjuang secara akademik
MHS2116;1;17;2;9670;1;1;129.0;1;1;19;5;5;119.2;1;0;0;1;0;0;21;0;0;6;0;0;0.0;0;0;6;0;0;0.0;0;8.9;1.4;3.51;Dropout;552;D;data latih;Menghilang dari kelas
MHS2117;1;1;1;9238;1;1;140.0;1;1;19;4;4;140.7;0;0;0;1;0;0;19;0;0;6;7;6;12.285714285714286;0;0;6;7;6;12.0;0;12.4;0.5;1.79;Graduate;690;B;data latih;Tidak dipanggil
MHS2118;1;1;5;9500;1;1;141.0;1;38;38;9;9;142.3;1;0;0;1;0;0;18;0;0;8;8;8;12.82875;0;0;8;8;8;12.82875;0;9.4;-0.8;-3.12;Dropout;696;A;data latih;Tidak dipanggil
MHS2119;1;1;4;9773;1;1;132.0;11;12;12;90;4;129.9;1;0;0;1;0;0;18;1;0;6;6;6;12.666666666666666;0;0;6;8;5;14.4;0;7.6;2.6;0.32;Graduate;659;B;data latih;Tidak dipanggil
MHS2120;1;17;1;171;1;1;133.0;1;1;1;6;7;134.8;1;0;0;1;0;0;18;0;0;0;0;0;0.0;0;0;0;0;0;0.0;0;12.4;0.5;1.79;Enrolled;555;D;mahasiswa aktif;Menghilang dari kelas
MHS2121;1;17;1;9085;1;1;109.0;1;19;19;4;9;104.1;1;0;1;0;0;1;21;0;0;6;16;2;13.0;0;0;6;8;0;0.0;0;15.5;2.8;-4.06;Dropout;524;E;data latih;Terhalang biaya
MHS2122;1;1;1;9147;1;1;135.0;1;1;38;5;5;122.4;0;0;1;1;0;0;19;0;0;5;10;5;10.875;0;0;5;8;4;12.4;0;13.9;-0.3;0.79;Graduate;593;D;data latih;Berjuang secara akademik
MHS2123;1;1;1;9147;1;1;122.0;1;37;37;9;7;120.6;1;0;0;1;0;1;19;0;0;5;5;5;12.8;0;0;5;8;5;11.6;0;9.4;-0.8;-3.12;Graduate;628;C;data latih;Tidak dipanggil
MHS2124;1;17;3;9238;1;1;118.0;1;1;19;4;10;112.4;1;0;0;1;0;0;19;0;0;6;10;5;11.285714285714286;0;0;6;7;0;0.0;0;16.2;0.3;-0.92;Dropout;596;D;data latih;Berjuang secara akademik
MHS2125;1;1;1;171;1;1;174.0;1;5;3;3;3;157.9;0;0;0;1;0;0;18;0;0;0;0;0;0.0;0;0;0;0;0;0.0;0;13.9;-0.3;0.79;Graduate;562;D;data uji;Menghilang dari kelas
MHS2126;1;43;1;9254;1;1;142.0;1;38;38;9;9;125.9;0;0;0;1;0;1;19;0;0;6;0;0;0.0;0;0;6;11;1;10.0;0;10.8;1.4;1.74;Dropout;577;D;data uji;Menghilang dari kelas
MHS2127;1;17;2;9500;1;1;131.0;1;38;1;5;7;118.4;1;0;0;1;0;1;20;0;0;7;9;6;13.766666666666666;0;0;8;9;8;13.744444444444444;0;16.2;0.3;-0.92;Dropout;719;A;data latih;Tidak dipanggil
MHS2128;1;1;3;9500;1;1;139.0;1;18;18;1;1;130.8;1;0;0;0;0;0;18;0;0;8;9;6;12.758333333333333;1;0;8;9;6;12.758333333333333;1;9.4;-0.8;-3.12;Dropout;616;C;data latih;Tidak dipanggil
MHS2129;1;1;1;171;1;1;170.0;1;19;19;8;8;176.7;1;0;0;1;0;1;19;0;0;0;0;0;0.0;0;0;0;0;0;0.0;0;11.1;0.6;2.02;Dropout;589;D;data latih;Menghilang dari kelas
MHS2130;1;1;1;9070;1;1;182.0;1;19;1;5;7;156.8;1;0;0;1;0;0;18;0;0;6;6;6;12.666666666666666;0;0;6;8;6;13.25;0;10.8;1.4;1.74;Graduate;693;B;data latih;Tidak dipanggil
MHS2131;1;1;1;9085;1;1;125.0;1;19;37;3;7;126.8;0;0;0;1;0;0;18;0;0;6;13;6;12.0;0;0;6;16;4;12.75;0;11.1;0.6;2.02;Enrolled;642;C;mahasiswa aktif;Tidak dipanggil
MHS2132;1;1;1;9238;1;1;142.0;1;1;37;5;7;128.0;0;0;0;1;0;1;19;0;0;6;8;6;12.25;0;0;6;8;6;12.0;0;16.2;0.3;-0.92;Graduate;719;A;data latih;Tidak dipanggil
MHS2133;1;1;2;9147;1;1;119.0;1;19;37;4;5;113.8;1;0;0;1;0;0;20;0;0;5;8;3;11.333333333333334;0;0;5;8;5;12.2;0;7.6;2.6;0.32;Graduate;617;C;data latih;Tidak dipanggil
MHS2134;1;17;5;9500;1;1;128.0;1;1;1;4;5;120.8;1;0;0;1;0;1;19;0;0;7;9;7;13.507142857142856;0;0;8;12;8;13.05;0;16.2;0.3;-0.92;Graduate;719;A;data latih;Tidak dipanggil
MHS2135;1;1;3;9500;1;1;150.0;1;19;38;1;1;130.8;1;0;0;1;0;0;18;0;0;8;8;7;13.614285714285714;0;0;8;8;7;13.614285714285714;0;12.7;3.7;-1.7;Graduate;699;A;data latih;Tidak dipanggil
MHS2136;1;39;1;9254;1;1;133.1;1;19;1;4;1;101.0;0;0;1;1;0;0;25;0;0;6;6;0;0.0;0;0;6;6;0;0.0;0;15.5;2.8;-4.06;Dropout;502;E;data uji;Menghilang dari kelas
MHS2137;1;17;5;9070;1;1;131.0;1;37;37;9;9;126.1;1;0;0;0;0;0;18;0;0;6;9;4;11.5;1;0;6;6;6;12.166666666666666;0;7.6;2.6;0.32;Graduate;581;D;data uji;Terhalang biaya
MHS2138;1;1;5;9773;1;1;118.0;1;38;19;9;9;113.8;1;0;0;1;0;0;19;0;0;6;7;6;12.333333333333334;0;0;6;7;6;12.5;0;8.9;1.4;3.51;Graduate;684;B;data latih;Tidak dipanggil
MHS2139;1;17;2;9556;1;1;122.0;1;19;38;4;8;118.3;1;0;0;1;0;1;19;0;0;7;7;7;11.971428571428572;0;0;8;8;8;14.4375;0;15.5;2.8;-4.06;Graduate;701;A;data latih;Tidak dipanggil
MHS2140;1;1;1;9147;1;1;116.0;1;19;19;5;8;127.9;0;0;1;0;0;1;20;0;0;5;12;2;13.0;1;0;5;13;2;11.5;0;9.4;-0.8;-3.12;Dropout;526;E;data latih;Terhalang biaya
MHS2141;1;17;5;9500;1;1;137.0;1;1;1;5;4;131.1;1;0;0;1;0;0;18;0;0;7;9;7;12.385714285714286;0;0;8;9;7;12.728571428571428;0;13.9;-0.3;0.79;Enrolled;684;B;mahasiswa aktif;Tidak dipanggil
MHS2142;1;17;4;9085;1;1;128.0;1;38;37;4;9;117.9;1;0;0;1;0;0;20;0;0;5;12;2;13.5;0;0;5;12;5;11.285714285714286;1;10.8;1.4;1.74;Graduate;598;D;data latih;Berjuang secara akademik
MHS2143;1;17;1;9238;1;1;123.0;1;1;1;9;9;115.7;1;0;0;1;0;0;21;0;0;6;8;6;12.166666666666666;0;0;6;7;6;13.285714285714286;0;11.1;0.6;2.02;Graduate;686;B;data latih;Tidak dipanggil
MHS2144;1;1;2;171;1;1;133.1;1;3;1;2;3;141.0;1;0;0;1;0;0;19;0;0;0;0;0;0.0;0;0;0;0;0;0.0;0;12.7;3.7;-1.7;Graduate;560;D;data latih;Menghilang dari kelas
MHS2145;2;39;1;8014;0;12;110.0;1;37;37;7;9;120.0;0;0;0;1;0;0;42;0;0;6;6;6;11.666666666666666;0;0;6;6;6;13.666666666666666;0;10.8;1.4;1.74;Graduate;647;C;data latih;Tidak dipanggil
MHS2146;1;17;1;9130;1;1;143.0;1;3;3;2;2;131.8;1;0;1;0;0;0;18;0;0;6;9;5;12.4;0;0;6;12;5;14.166666666666666;0;8.9;1.4;3.51;Enrolled;522;E;mahasiswa aktif;Terhalang biaya
MHS2147;1;1;1;9070;1;1;150.0;1;37;37;9;6;131.1;0;0;0;1;0;1;19;0;0;6;7;5;13.4;0;0;6;6;6;12.833333333333334;0;15.5;2.8;-4.06;Graduate;707;A;data latih;Tidak dipanggil
MHS2148;1;1;6;9254;1;1;129.0;1;38;19;9;5;117.8;1;0;0;1;0;0;18;0;0;6;11;6;12.0;0;0;6;11;4;12.5;0;8.9;1.4;3.51;Graduate;639;C;data latih;Tidak dipanggil
MHS2149;1;10;1;9085;1;1;140.0;1;19;19;4;5;140.0;1;0;0;1;0;0;21;0;0;5;6;5;14.2;0;0;5;5;5;14.8;0;10.8;1.4;1.74;Graduate;635;C;data latih;Tidak dipanggil
MHS2150;1;1;1;9238;1;1;133.1;1;38;37;5;5;108.0;0;0;0;1;0;1;20;0;0;6;8;6;12.125;0;0;6;7;6;14.428571428571429;0;16.2;0.3;-0.92;Graduate;727;A;data latih;Tidak dipanggil
MHS2151;1;1;1;9853;1;1;132.0;1;1;19;3;3;122.9;1;0;0;1;0;0;20;0;0;7;7;7;13.857142857142858;0;0;7;7;7;13.285714285714286;0;11.1;0.6;2.02;Graduate;681;B;data latih;Tidak dipanggil
MHS2152;1;44;1;9085;1;39;130.0;1;3;1;2;9;130.0;1;0;0;1;0;0;21;0;1;6;13;3;11.75;0;1;6;13;5;12.333333333333334;0;12.4;0.5;1.79;Enrolled;614;C;mahasiswa aktif;Tidak dipanggil
MHS2153;1;1;4;9500;1;1;137.0;1;38;37;7;7;126.0;1;0;0;1;0;0;19;0;0;7;9;7;14.283333333333337;0;0;8;9;8;13.125555555555556;0;15.5;2.8;-4.06;Graduate;699;A;data latih;Tidak dipanggil
MHS2154;1;42;1;9238;1;1;133.1;1;1;19;4;9;134.0;0;0;0;1;0;0;21;0;10;13;21;11;13.272727272727272;0;6;11;13;9;13.0;0;7.6;2.6;0.32;Graduate;685;B;data uji;Tidak dipanggil
MHS2155;1;1;1;9070;1;1;143.0;1;38;19;151;193;134.3;1;1;0;1;0;0;19;0;0;6;6;6;14.666666666666666;0;0;6;7;6;15.142857142857142;0;8.9;1.4;3.51;Graduate;701;A;data latih;Tidak dipanggil
MHS2156;1;1;1;9500;1;1;148.0;1;19;19;9;9;138.7;0;0;0;1;0;1;19;0;0;7;10;7;15.114999999999998;0;0;8;10;8;15.092;0;15.5;2.8;-4.06;Graduate;733;A;data latih;Tidak dipanggil
MHS2157;1;17;2;171;1;1;137.0;1;1;1;4;1;143.3;1;0;0;1;0;0;18;0;0;0;0;0;0.0;0;0;0;0;0;0.0;0;9.4;-0.8;-3.12;Enrolled;555;D;mahasiswa aktif;Menghilang dari kelas
MHS2158;1;44;1;9085;1;39;160.0;1;37;19;9;10;160.0;1;0;0;1;0;0;22;0;1;6;13;6;15.0;0;1;6;7;6;13.142857142857142;0;16.2;0.3;-0.92;Graduate;675;B;data latih;Tidak dipanggil
MHS2159;1;1;2;9853;1;1;112.0;1;3;1;3;5;111.0;0;0;0;1;0;0;21;0;0;6;8;5;13.2;0;0;6;9;5;14.333333333333334;0;9.4;-0.8;-3.12;Graduate;633;C;data latih;Tidak dipanggil
MHS2160;1;17;4;9254;1;1;133.0;1;37;37;5;8;128.5;1;0;0;1;0;1;18;0;0;6;14;2;11.0;0;0;6;14;3;10.333333333333334;0;7.6;2.6;0.32;Dropout;618;C;data latih;Tidak dipanggil
MHS2161;1;1;4;9500;1;1;142.0;1;1;3;1;2;133.0;0;0;0;1;0;1;20;0;0;8;8;7;14.565714285714288;0;0;8;8;7;14.565714285714288;0;10.8;1.4;1.74;Graduate;731;A;data latih;Tidak dipanggil
MHS2162;1;17;2;9670;1;1;123.0;1;34;37;0;0;114.6;1;0;1;0;0;0;18;0;0;5;8;3;12.0;0;0;5;6;4;10.75;0;7.6;2.6;0.32;Dropout;486;E;data uji;Terhalang biaya
MHS2163;1;17;1;9238;1;1;103.0;1;19;37;7;9;104.1;0;0;0;1;0;0;20;0;0;6;6;0;0.0;0;0;5;5;0;0.0;0;8.9;1.4;3.51;Dropout;561;D;data latih;Menghilang dari kelas
MHS2164;1;17;4;9500;1;1;140.0;1;1;1;3;3;127.6;1;0;0;1;0;0;23;0;0;7;7;6;13.796666666666669;0;0;8;11;7;13.775;0;12.4;0.5;1.79;Graduate;681;B;data uji;Tidak dipanggil
MHS2165;1;1;2;9773;1;1;159.0;1;1;1;3;3;151.0;1;0;0;1;0;0;18;0;0;6;6;6;14.833333333333334;0;0;6;6;6;15.333333333333334;0;12.7;3.7;-1.7;Graduate;701;A;data uji;Tidak dipanggil
MHS2166;1;44;1;9238;1;39;140.0;1;1;1;9;3;135.7;1;0;0;1;0;0;20;0;3;6;6;6;12.833333333333334;0;2;6;6;6;13.833333333333334;0;12.4;0.5;1.79;Graduate;693;B;data latih;Tidak dipanggil
MHS2167;1;17;1;9500;1;1;148.0;1;38;37;5;9;137.8;1;0;0;1;0;1;18;0;0;8;8;7;14.962857142857144;0;0;8;8;7;14.962857142857144;0;10.8;1.4;1.74;Graduate;728;A;data latih;Tidak dipanggil
MHS2168;1;1;6;9147;1;1;112.0;1;38;38;9;9;117.3;1;0;0;1;0;0;20;0;0;5;8;4;12.0;0;0;5;8;5;11.2;0;11.1;0.6;2.02;Graduate;590;D;data latih;Berjuang secara akademik
MHS2169;1;18;2;9500;1;1;131.0;1;1;3;3;2;121.2;1;0;0;1;0;0;18;0;0;7;8;7;12.4;0;0;8;9;8;12.8;0;16.2;0.3;-0.92;Graduate;682;B;data latih;Tidak dipanggil
MHS2170;1;17;1;9670;1;1;145.0;1;3;3;2;1;129.3;1;0;0;1;0;0;20;0;0;6;7;6;15.571428571428571;0;0;6;6;6;17.166666666666668;0;16.2;0.3;-0.92;Graduate;687;B;data latih;Tidak dipanggil
MHS2171;1;1;5;9500;1;1;133.1;1;1;1;5;8;123.0;1;0;0;1;0;0;19;0;0;8;8;7;13.714285714285714;0;0;8;8;7;13.714285714285714;0;12.7;3.7;-1.7;Graduate;697;A;data uji;Tidak dipanggil
MHS2172;1;44;1;9085;1;39;140.0;1;1;19;4;4;140.0;0;0;0;1;0;0;21;0;2;6;9;6;13.142857142857142;0;0;6;9;6;12.166666666666666;0;13.9;-0.3;0.79;Graduate;677;B;data latih;Tidak dipanggil
MHS2173;2;7;1;9070;1;43;140.0;1;37;1;9;7;140.0;0;0;0;1;0;0;33;0;0;6;7;6;15.0;0;0;6;8;3;11.0;0;11.1;0.6;2.02;Graduate;591;D;data uji;Berjuang secara akademik
MHS2174;1;1;1;9085;1;1;150.0;1;12;2;4;2;144.6;0;0;1;0;0;0;24;0;0;5;6;1;13.0;0;0;5;5;0;0.0;0;7.6;2.6;0.32;Dropout;475;E;data uji;Terhalang biaya
MHS2175;1;43;1;9238;1;1;120.0;1;1;38;4;3;118.3;0;0;0;1;0;1;20;0;8;11;12;11;12.0;0;6;11;14;11;12.75;0;13.9;-0.3;0.79;Graduate;695;A;data latih;Tidak dipanggil
MHS2176;1;1;1;171;1;1;156.0;1;19;38;9;1;153.6;1;0;0;1;0;0;18;0;0;0;0;0;0.0;0;0;0;0;0;0.0;0;9.4;-0.8;-3.12;Graduate;562;D;data latih;Menghilang dari kelas
MHS2177;1;1;4;9070;1;1;167.0;1;1;1;7;3;158.3;1;0;0;1;0;0;18;0;0;6;6;6;15.166666666666666;0;0;6;6;6;14.166666666666666;0;15.5;2.8;-4.06;Graduate;703;A;data latih;Tidak dipanggil
MHS2178;1;43;1;8014;0;6;133.1;1;34;34;0;0;100.0;0;0;1;1;0;0;29;0;1;6;9;4;12.0;0;1;6;13;2;10.5;0;7.6;2.6;0.32;Dropout;545;E;data latih;Berjuang secara akademik
MHS2179;1;17;1;9500;1;1;147.0;1;1;1;5;5;134.9;0;1;0;1;0;0;18;0;0;7;7;7;13.642857142857142;0;0;8;11;8;14.772727272727272;0;16.2;0.3;-0.92;Graduate;697;A;data latih;Tidak dipanggil
MHS2180;1;1;3;9773;1;1;129.0;1;38;37;5;5;142.0;1;0;0;1;0;0;19;0;0;6;8;6;12.666666666666666;0;0;6;7;6;12.714285714285714;0;9.4;-0.8;-3.12;Graduate;684;B;data latih;Tidak dipanggil
MHS2181;1;17;1;171;1;1;136.0;1;38;38;7;7;127.3;1;0;0;1;0;0;19;0;0;0;0;0;0.0;0;0;0;0;0;0.0;0;15.5;2.8;-4.06;Dropout;553;D;data latih;Menghilang dari kelas
MHS2182;1;17;1;9238;1;1;128.0;1;19;19;5;4;116.5;0;0;0;1;0;1;18;0;0;6;8;5;10.8;0;0;6;9;6;10.5;0;12.4;0.5;1.79;Graduate;664;B;data latih;Tidak dipanggil
MHS2183;1;43;1;9500;1;1;140.0;1;19;19;7;7;138.6;0;0;0;1;0;1;19;0;0;7;9;6;14.25;0;0;8;11;8;13.063636363636364;0;16.2;0.3;-0.92;Graduate;715;A;data latih;Tidak dipanggil
MHS2184;1;42;1;9853;1;1;141.0;1;37;19;9;3;133.0;0;0;0;1;0;0;20;0;6;14;22;12;12.153846153846152;0;5;12;18;10;12.9;0;10.8;1.4;1.74;Dropout;667;B;data latih;Tidak dipanggil
MHS2185;1;17;2;9238;1;1;133.0;1;2;1;3;4;136.2;1;0;0;1;0;0;19;0;0;6;14;1;11.5;0;0;6;12;2;10.5;0;7.6;2.6;0.32;Enrolled;578;D;mahasiswa aktif;Berjuang secara akademik
MHS2186;1;17;1;9254;1;1;125.0;1;19;19;7;5;118.0;1;0;0;1;0;1;19;0;0;6;10;4;12.25;0;0;6;9;3;12.333333333333334;0;9.4;-0.8;-3.12;Graduate;650;C;data latih;Tidak dipanggil
MHS2187;1;1;1;9070;1;1;124.0;1;19;37;4;4;126.8;0;0;0;1;0;1;18;0;1;6;8;6;12.0;1;0;6;12;5;11.142857142857142;0;13.9;-0.3;0.79;Enrolled;646;C;mahasiswa aktif;Tidak dipanggil
MHS2188;1;1;6;9500;1;1;140.0;1;19;38;5;7;128.5;1;0;0;1;0;1;18;0;0;8;8;8;13.40375;0;0;8;8;8;13.40375;0;9.4;-0.8;-3.12;Graduate;728;A;data latih;Tidak dipanggil
MHS2189;1;17;1;9254;1;1;140.0;1;3;1;2;3;129.9;0;0;0;1;0;1;19;0;0;6;15;6;11.333333333333334;0;0;6;9;3;12.666666666666666;0;9.4;-0.8;-3.12;Graduate;659;B;data latih;Tidak dipanggil
MHS2190;1;17;4;9773;1;1;137.0;1;1;1;5;5;125.8;0;0;1;1;1;0;20;0;0;6;7;5;12.2;0;0;6;6;6;12.333333333333334;0;12.7;3.7;-1.7;Dropout;633;C;data uji;Tidak dipanggil
MHS2191;1;17;1;171;1;1;144.0;1;37;37;9;6;129.3;1;0;0;1;1;1;18;0;0;0;0;0;0.0;0;0;0;0;0;0.0;0;7.6;2.6;0.32;Enrolled;584;D;mahasiswa aktif;Menghilang dari kelas
MHS2192;1;1;6;9500;1;1;138.0;1;4;19;2;3;124.7;1;0;0;1;1;0;18;0;0;7;0;0;0.0;0;0;8;0;0;0.0;0;16.2;0.3;-0.92;Dropout;573;D;data latih;Menghilang dari kelas
MHS2193;1;39;1;9003;1;1;130.0;1;3;1;2;4;154.9;0;0;1;0;1;0;35;0;0;6;8;5;16.166666666666668;0;0;6;10;4;16.0;0;8.9;1.4;3.51;Dropout;502;E;data uji;Terhalang biaya
MHS2194;1;17;1;9119;1;1;142.0;1;19;38;9;7;127.3;0;0;0;1;1;0;18;0;0;5;10;3;11.0;0;0;5;6;3;11.0;1;16.2;0.3;-0.92;Enrolled;571;D;mahasiswa aktif;Berjuang secara akademik
MHS2195;1;1;1;171;1;1;136.0;1;37;19;5;8;129.0;1;0;0;1;1;1;19;0;0;0;0;0;0.0;0;0;0;0;0;0.0;0;13.9;-0.3;0.79;Graduate;589;D;data uji;Menghilang dari kelas
MHS2196;1;1;2;9773;1;1;133.1;1;38;19;4;7;98.0;1;0;0;1;1;1;19;0;0;6;8;4;12.0;0;0;6;8;6;12.285714285714286;0;15.5;2.8;-4.06;Enrolled;690;B;mahasiswa aktif;Tidak dipanggil
MHS2197;1;17;2;9147;1;1;130.0;1;1;38;5;7;122.0;1;0;0;1;1;0;20;0;0;5;8;2;10.5;0;0;5;11;4;12.25;0;10.8;1.4;1.74;Enrolled;610;C;mahasiswa aktif;Tidak dipanggil
MHS2198;1;43;1;9070;1;1;117.0;1;1;1;4;7;112.5;1;0;0;1;1;0;19;0;3;6;7;3;11.666666666666666;0;1;6;13;4;10.333333333333334;0;13.9;-0.3;0.79;Enrolled;586;D;mahasiswa aktif;Berjuang secara akademik
MHS2199;1;1;3;9147;1;1;136.0;1;38;38;9;9;127.3;1;0;0;1;1;0;19;0;0;5;8;3;11.0;0;0;5;7;2;10.0;0;12.7;3.7;-1.7;Dropout;592;D;data latih;Berjuang secara akademik
MHS2200;1;39;2;9556;1;1;133.1;1;1;1;9;10;100.5;0;0;0;1;1;0;24;0;0;7;18;0;0.0;0;0;7;13;0;0.0;1;11.1;0.6;2.02;Dropout;525;E;data latih;Berjuang secara akademik
MHS2201;1;39;1;8014;0;1;140.0;1;37;37;9;7;122.0;1;0;1;0;1;0;29;0;0;6;11;4;12.5;0;0;6;7;0;0.0;0;12.4;0.5;1.79;Dropout;466;E;data uji;Terhalang biaya
MHS2202;1;39;1;9500;1;1;150.0;1;38;3;9;1;140.0;0;0;0;1;1;0;24;0;0;7;11;7;11.294444444444444;0;0;8;22;2;12.6;0;15.5;2.8;-4.06;Graduate;614;C;data uji;Tidak dipanggil
MHS2203;1;17;2;9254;1;1;121.0;1;19;38;6;6;116.1;1;0;0;1;1;0;19;0;0;6;8;5;11.2;0;0;6;11;4;12.5;0;15.5;2.8;-4.06;Graduate;614;C;data uji;Tidak dipanggil
MHS2204;2;7;1;171;1;3;120.0;1;19;19;9;9;130.0;1;0;0;1;1;0;37;0;0;0;0;0;0.0;0;0;0;0;0;0.0;0;7.6;2.6;0.32;Dropout;524;E;data latih;Menghilang dari kelas
MHS2205;1;5;2;9070;1;1;143.0;1;1;1;4;10;146.2;1;0;0;1;1;0;18;0;0;6;7;5;13.2;0;0;6;6;5;11.8;0;16.2;0.3;-0.92;Graduate;602;C;data latih;Tidak dipanggil
MHS2206;1;44;1;9119;1;39;180.0;1;1;1;9;8;180.0;0;0;0;1;1;1;20;0;3;7;12;6;14.142857142857142;0;1;6;10;6;14.125;0;12.4;0.5;1.79;Enrolled;697;A;mahasiswa aktif;Tidak dipanggil
MHS2207;1;1;5;9147;1;1;132.0;1;39;39;3;3;127.8;1;0;0;0;1;0;18;0;0;5;0;0;0.0;0;0;5;0;0;0.0;0;11.1;0.6;2.02;Dropout;484;E;data uji;Menghilang dari kelas
MHS2208;1;43;1;9147;1;1;130.0;1;37;19;9;8;130.8;0;0;0;1;1;0;22;0;0;5;5;0;0.0;0;0;5;9;3;13.333333333333334;2;16.2;0.3;-0.92;Enrolled;567;D;mahasiswa aktif;Berjuang secara akademik
MHS2209;1;17;2;9147;1;1;133.1;1;38;38;4;7;109.0;1;0;0;1;1;1;22;0;0;5;7;3;12.333333333333334;0;0;5;9;3;10.571428571428571;0;10.8;1.4;1.74;Enrolled;610;C;mahasiswa aktif;Tidak dipanggil
MHS2210;1;1;5;9773;1;1;131.0;1;1;38;9;5;132.4;1;0;1;0;1;0;18;0;0;6;6;0;0.0;0;0;6;0;0;0.0;0;11.1;0.6;2.02;Dropout;463;E;data latih;Terhalang biaya
MHS2211;1;1;3;9500;1;1;149.0;1;1;1;4;4;129.3;1;0;0;1;1;0;18;0;0;8;8;7;13.1;0;0;8;8;7;13.1;0;12.7;3.7;-1.7;Graduate;699;A;data latih;Tidak dipanggil
MHS2212;1;1;1;9070;1;1;124.0;1;37;37;9;9;125.4;1;0;0;1;1;0;19;0;0;6;6;6;13.5;0;0;6;6;6;13.166666666666666;0;9.4;-0.8;-3.12;Graduate;694;B;data latih;Tidak dipanggil
MHS2213;1;1;1;9119;1;1;126.0;1;38;19;5;5;130.2;0;0;0;1;1;0;19;0;0;5;7;5;10.2;0;0;5;8;3;12.0;0;10.8;1.4;1.74;Enrolled;588;D;mahasiswa aktif;Berjuang secara akademik
MHS2214;1;1;1;9238;1;1;140.0;1;19;38;9;9;132.0;0;0;0;1;1;0;19;0;0;6;10;5;11.571428571428571;0;0;6;10;3;13.0;0;16.2;0.3;-0.92;Dropout;635;C;data latih;Tidak dipanggil
MHS2215;1;44;1;9003;1;39;170.0;1;19;19;9;7;170.0;1;0;1;1;1;0;21;0;0;6;7;6;15.285714285714286;0;0;6;6;6;15.166666666666666;0;12.4;0.5;1.79;Graduate;657;B;data latih;Tidak dipanggil
MHS2216;1;1;2;9773;1;1;133.0;1;3;1;2;4;130.2;0;0;0;1;1;0;19;0;0;6;9;5;12.6;0;6;10;16;8;11.0;1;8.9;1.4;3.51;Enrolled;639;C;mahasiswa aktif;Tidak dipanggil
MHS2217;1;18;2;9556;1;1;126.0;1;3;3;2;2;115.5;0;0;0;1;1;0;18;0;0;7;11;6;13.433333333333332;0;0;7;10;4;13.6;0;8.9;1.4;3.51;Graduate;642;C;data uji;Tidak dipanggil
MHS2218;1;16;2;9147;1;1;129.0;1;19;19;4;9;127.6;1;0;0;1;1;0;19;0;0;5;8;5;11.6;0;0;5;9;3;11.0;0;10.8;1.4;1.74;Dropout;583;D;data uji;Berjuang secara akademik
MHS2219;1;7;1;9773;1;43;140.0;1;19;1;4;8;140.0;0;0;0;1;1;0;25;0;0;6;6;6;14.666666666666666;0;0;6;6;6;13.5;0;11.1;0.6;2.02;Graduate;660;B;data latih;Tidak dipanggil
MHS2220;1;1;1;9070;1;1;130.0;1;37;1;9;8;120.2;1;0;0;1;1;0;22;0;0;6;9;6;14.666666666666666;0;0;6;12;6;14.666666666666666;0;12.7;3.7;-1.7;Graduate;690;B;data latih;Tidak dipanggil
MHS2221;1;39;1;9500;1;1;130.0;1;1;1;4;9;150.0;0;0;0;1;1;0;24;0;0;8;8;7;12.742857142857144;0;0;8;8;7;12.742857142857144;0;12.7;3.7;-1.7;Graduate;656;C;data uji;Tidak dipanggil
MHS2222;1;1;2;9500;1;1;99.0;1;1;3;5;10;100.0;1;0;0;1;1;0;19;0;0;7;9;7;11.975;0;0;8;9;7;13.12857142857143;0;13.9;-0.3;0.79;Graduate;687;B;data uji;Tidak dipanggil
MHS2223;1;43;1;9119;1;1;146.0;1;3;1;2;3;100.0;0;0;0;1;1;0;18;0;0;5;9;4;12.25;0;0;5;11;3;11.666666666666666;0;13.9;-0.3;0.79;Enrolled;572;D;mahasiswa aktif;Berjuang secara akademik
MHS2224;1;17;1;171;1;1;129.0;1;38;37;4;6;128.0;0;0;0;0;1;0;20;0;0;0;0;0;0.0;0;0;0;0;0;0.0;0;9.4;-0.8;-3.12;Dropout;474;E;data latih;Menghilang dari kelas
MHS2225;1;1;2;9500;1;1;132.0;1;19;19;9;7;128.0;1;0;0;1;1;1;19;0;0;8;8;7;14.935714285714283;0;0;8;8;7;14.935714285714283;0;10.8;1.4;1.74;Graduate;733;A;data latih;Tidak dipanggil
MHS2226;1;43;3;9254;1;1;110.0;1;37;37;9;9;107.2;1;0;0;1;1;0;19;0;1;6;16;2;10.5;0;0;6;15;4;10.0;0;7.6;2.6;0.32;Dropout;581;D;data latih;Berjuang secara akademik
MHS2227;1;1;1;9670;1;1;116.0;1;3;3;3;3;110.1;1;0;0;1;1;0;19;0;0;6;9;5;13.333333333333334;0;0;6;6;5;13.0;0;12.4;0.5;1.79;Graduate;636;C;data latih;Tidak dipanggil
MHS2228;1;43;1;9003;1;1;119.0;1;37;37;9;6;119.0;0;0;1;1;1;0;23;0;0;6;6;0;0.0;0;0;6;8;0;0.0;0;15.5;2.8;-4.06;Dropout;508;E;data latih;Menghilang dari kelas
MHS2229;2;39;1;9773;1;1;120.0;1;37;38;9;3;155.5;0;0;0;1;1;0;47;0;0;6;12;5;13.8;0;0;6;13;4;14.0;0;12.7;3.7;-1.7;Dropout;611;C;data latih;Tidak dipanggil
MHS2230;1;1;1;9070;1;1;117.0;1;1;1;3;9;118.4;0;0;0;1;1;0;19;0;0;6;6;6;11.833333333333334;0;0;6;8;4;10.75;2;16.2;0.3;-0.92;Graduate;615;C;data latih;Tidak dipanggil
MHS2231;1;1;4;171;1;1;137.0;1;1;38;4;8;141.2;1;0;0;1;1;0;19;0;0;0;0;0;0.0;0;0;0;0;0;0.0;0;11.1;0.6;2.02;Graduate;560;D;data latih;Menghilang dari kelas
MHS2232;1;1;1;171;1;1;124.0;1;3;3;2;2;119.1;1;0;0;1;1;0;18;0;0;0;0;0;0.0;0;0;0;0;0;0.0;0;16.2;0.3;-0.92;Dropout;562;D;data uji;Menghilang dari kelas
MHS2233;1;43;1;9147;1;1;151.0;1;1;3;1;1;111.0;0;0;0;1;1;0;28;0;0;5;9;2;10.0;0;0;5;9;0;0.0;0;15.5;2.8;-4.06;Dropout;553;D;data latih;Berjuang secara akademik
MHS2234;1;43;1;9254;1;6;138.6;1;34;34;0;0;138.6;1;0;0;1;1;0;20;0;0;6;10;4;11.5;0;0;6;11;3;11.666666666666666;0;7.6;2.6;0.32;Dropout;579;D;data latih;Berjuang secara akademik
MHS2235;1;17;2;9254;1;1;118.0;1;19;19;5;7;121.2;0;0;0;1;1;1;18;0;0;6;12;3;10.666666666666666;0;0;6;9;4;12.0;0;15.5;2.8;-4.06;Enrolled;645;C;mahasiswa aktif;Tidak dipanggil
MHS2236;1;1;1;171;1;1;136.0;1;19;19;4;8;150.4;1;0;0;1;1;1;21;0;0;0;0;0;0.0;0;0;0;0;0;0.0;0;12.4;0.5;1.79;Graduate;587;D;data latih;Menghilang dari kelas
MHS2237;1;1;1;9254;1;1;123.0;1;38;19;9;4;117.8;0;0;0;1;1;0;19;0;0;6;10;4;12.75;0;0;6;12;2;13.0;0;10.8;1.4;1.74;Enrolled;633;C;mahasiswa aktif;Tidak dipanggil
MHS2238;1;39;1;9254;1;19;133.1;1;38;37;4;5;102.5;0;0;1;0;1;0;24;0;0;6;7;0;0.0;0;0;6;7;0;0.0;0;16.2;0.3;-0.92;Dropout;425;E;data latih;Terhalang biaya
MHS2239;1;39;1;9130;1;1;130.0;1;19;1;191;144;110.0;0;0;0;1;1;0;24;0;0;6;11;6;11.333333333333334;0;0;6;12;3;11.333333333333334;0;16.2;0.3;-0.92;Enrolled;569;D;mahasiswa aktif;Berjuang secara akademik
MHS2240;1;39;1;9085;1;12;133.1;1;38;19;9;8;138.3;1;0;1;0;1;0;25;0;0;6;6;0;0.0;0;0;6;6;0;0.0;0;8.9;1.4;3.51;Enrolled;428;E;mahasiswa aktif;Terhalang biaya
MHS2241;1;39;1;9254;1;1;150.0;1;3;1;3;4;122.3;0;0;0;1;1;0;28;0;0;6;10;6;13.0;0;0;6;8;5;12.2;0;13.9;-0.3;0.79;Graduate;614;C;data latih;Tidak dipanggil
MHS2242;2;39;1;9991;0;1;130.0;1;37;37;9;9;127.8;0;0;0;1;1;0;37;0;0;5;7;4;10.75;0;0;5;7;3;11.333333333333334;0;7.6;2.6;0.32;Enrolled;553;D;mahasiswa aktif;Berjuang secara akademik
MHS2243;1;43;1;9119;1;1;128.0;1;1;38;4;7;100.0;0;0;0;1;1;0;19;0;0;5;8;5;12.0;0;0;5;12;2;10.5;0;13.9;-0.3;0.79;Enrolled;563;D;mahasiswa aktif;Berjuang secara akademik
MHS2244;1;17;4;9500;1;1;133.0;1;38;37;5;7;126.4;1;0;0;1;1;1;18;0;0;7;7;7;13.462857142857144;0;0;8;8;8;13.90625;0;11.1;0.6;2.02;Graduate;726;A;data latih;Tidak dipanggil
MHS2245;1;39;1;9254;1;19;133.1;1;37;37;90;90;100.0;0;0;0;1;1;0;48;0;0;6;13;3;10.0;0;0;6;15;1;10.0;0;7.6;2.6;0.32;Dropout;544;E;data latih;Berjuang secara akademik
MHS2246;1;17;4;9238;1;1;129.0;1;37;37;9;8;117.1;1;0;0;1;1;0;21;0;0;6;6;6;12.333333333333334;0;0;6;7;6;13.666666666666666;0;8.9;1.4;3.51;Graduate;686;B;data latih;Tidak dipanggil
MHS2247;1;17;1;9500;1;1;128.0;1;1;1;4;5;124.7;0;0;0;1;1;1;19;0;0;7;11;6;12.528571428571428;0;0;7;10;6;12.416666666666666;0;15.5;2.8;-4.06;Enrolled;713;A;mahasiswa aktif;Tidak dipanggil
MHS2248;1;43;2;9500;1;1;136.0;1;19;1;9;10;124.1;0;0;0;1;1;1;21;0;0;8;8;0;0.0;8;0;8;8;0;0.0;8;9.4;-0.8;-3.12;Enrolled;585;D;mahasiswa aktif;Menghilang dari kelas
MHS2249;1;44;1;9119;1;1;130.0;1;37;12;9;8;129.4;1;0;1;0;1;0;23;0;0;5;6;0;0.0;0;0;5;7;0;0.0;0;13.9;-0.3;0.79;Dropout;421;E;data latih;Terhalang biaya
MHS2250;1;1;1;9130;1;1;141.0;1;1;1;4;10;138.9;1;0;0;1;1;0;18;0;0;5;5;5;13.6;0;0;5;6;4;13.25;1;10.8;1.4;1.74;Graduate;630;C;data latih;Tidak dipanggil
MHS2251;1;44;1;9238;1;39;140.0;1;1;1;4;3;138.6;0;0;0;1;1;0;22;0;3;6;7;6;12.333333333333334;0;2;6;6;2;14.0;0;13.9;-0.3;0.79;Dropout;644;C;data latih;Tidak dipanggil
MHS2252;1;16;1;171;1;1;122.0;1;19;37;9;7;133.9;1;0;0;1;1;0;25;0;9;13;16;10;11.454545454545457;0;5;11;13;7;12.25;0;12.4;0.5;1.79;Dropout;651;C;data uji;Tidak dipanggil
MHS2253;1;7;1;9085;1;40;140.0;1;5;3;2;2;140.0;0;0;1;1;1;0;27;0;8;13;13;8;13.5;2;5;11;12;5;14.4;0;11.1;0.6;2.02;Dropout;600;C;data latih;Tidak dipanggil
MHS2254;1;39;1;9119;1;12;133.1;1;34;34;0;0;95.1;0;0;0;0;1;0;49;0;0;5;5;0;0.0;0;0;5;6;0;0.0;0;10.8;1.4;1.74;Dropout;431;E;data latih;Terhalang biaya
MHS2255;1;39;1;9991;0;1;120.0;1;19;37;5;5;128.2;0;0;0;0;1;0;31;0;0;5;5;2;11.0;0;0;5;0;0;0.0;0;12.7;3.7;-1.7;Dropout;476;E;data latih;Terhalang biaya
MHS2256;1;39;1;9254;1;1;133.1;1;37;37;9;6;121.5;0;0;0;1;1;0;54;0;0;6;9;6;13.714285714285714;0;0;6;13;5;14.333333333333334;0;16.2;0.3;-0.92;Dropout;622;C;data latih;Tidak dipanggil
MHS2257;1;7;1;33;1;40;120.0;1;38;37;5;6;120.0;1;0;1;0;1;0;25;0;18;21;26;21;12.363636363636363;0;12;16;21;12;12.25;1;11.1;0.6;2.02;Dropout;539;E;data latih;Terhalang biaya
MHS2258;1;44;1;9003;1;39;130.0;1;5;3;2;2;130.0;0;0;0;1;1;0;20;0;1;7;13;3;10.666666666666666;0;0;6;14;2;11.5;0;15.5;2.8;-4.06;Enrolled;581;D;mahasiswa aktif;Berjuang secara akademik
MHS2259;1;7;1;9070;1;3;120.0;1;4;4;2;2;120.0;0;0;0;1;1;0;28;0;0;6;9;2;12.0;0;0;6;10;3;12.666666666666666;0;12.7;3.7;-1.7;Dropout;592;D;data latih;Berjuang secara akademik
MHS2260;2;39;1;8014;0;19;133.1;1;37;37;9;6;107.0;0;0;0;1;1;0;41;0;1;7;7;7;12.857142857142858;0;0;6;6;6;13.166666666666666;0;12.7;3.7;-1.7;Graduate;657;B;data latih;Tidak dipanggil
MHS2261;1;1;2;9670;1;1;122.0;1;1;19;4;4;116.1;0;0;0;1;1;1;19;0;0;6;10;6;13.125;0;0;6;9;6;12.714285714285714;0;11.1;0.6;2.02;Enrolled;713;A;mahasiswa aktif;Tidak dipanggil
MHS2262;1;43;1;9147;1;1;123.0;1;1;1;4;4;114.4;0;0;0;1;1;0;22;0;0;5;6;0;0.0;0;0;5;8;2;11.5;0;15.5;2.8;-4.06;Dropout;535;E;data latih;Berjuang secara akademik
MHS2263;1;1;1;9254;1;1;178.0;1;2;1;2;3;157.7;0;0;0;1;1;0;34;0;0;6;13;2;13.5;0;0;6;6;0;0.0;0;15.5;2.8;-4.06;Dropout;591;D;data latih;Berjuang secara akademik
MHS2264;1;39;1;9003;1;1;130.0;1;38;38;9;9;150.0;0;0;1;0;1;0;28;0;5;11;14;11;15.090909090909092;0;5;10;11;10;15.0;0;11.1;0.6;2.02;Dropout;555;D;data latih;Terhalang biaya
MHS2265;1;1;1;9853;1;1;110.0;1;37;37;9;4;114.3;1;0;0;1;1;0;42;0;0;6;9;5;12.4;0;0;6;10;5;11.8;0;7.6;2.6;0.32;Enrolled;582;D;mahasiswa aktif;Berjuang secara akademik
MHS2266;1;18;1;9085;1;1;106.0;1;1;19;3;5;104.6;0;0;0;0;1;0;21;0;0;6;10;5;14.0;0;0;6;11;4;14.8;0;11.1;0.6;2.02;Enrolled;558;D;mahasiswa aktif;Terhalang biaya
MHS2267;1;7;1;9003;1;3;140.0;1;39;39;9;4;140.0;0;0;0;1;1;0;50;0;2;6;8;2;13.5;0;1;6;9;1;13.0;0;15.5;2.8;-4.06;Dropout;597;D;data latih;Berjuang secara akademik
MHS2268;1;1;4;9147;1;1;108.0;1;3;1;3;4;109.1;1;0;0;1;1;0;19;0;0;5;5;0;0.0;0;0;5;5;0;0.0;0;12.4;0.5;1.79;Dropout;559;D;data latih;Menghilang dari kelas
MHS2269;1;43;1;9500;1;1;120.0;1;3;4;2;4;120.6;0;0;0;1;1;0;18;0;0;7;12;4;12.65;0;0;7;10;3;10.666666666666666;0;16.2;0.3;-0.92;Dropout;600;C;data latih;Tidak dipanggil
MHS2270;2;39;1;9991;0;1;100.0;1;37;37;1;1;161.9;0;0;0;1;1;0;59;0;0;5;7;0;0.0;0;0;5;7;0;0.0;0;16.2;0.3;-0.92;Dropout;520;E;data latih;Berjuang secara akademik
MHS2271;2;7;1;9991;0;3;140.0;1;34;34;99;99;140.0;1;0;0;0;1;0;33;0;0;5;5;0;0.0;0;0;5;5;0;0.0;0;7.6;2.6;0.32;Dropout;442;E;data latih;Terhalang biaya
MHS2272;1;17;2;9070;1;1;133.1;1;37;38;9;10;178.0;1;0;0;1;1;1;23;0;0;6;8;6;13.333333333333334;0;0;6;7;5;12.8;0;9.4;-0.8;-3.12;Graduate;663;B;data latih;Tidak dipanggil
MHS2273;2;39;1;9991;0;19;133.1;1;37;1;5;5;138.3;0;0;0;1;1;0;44;0;0;5;9;3;11.333333333333334;0;0;5;8;5;11.142857142857142;0;13.9;-0.3;0.79;Dropout;553;D;data latih;Berjuang secara akademik
MHS2274;2;1;4;8014;0;1;140.0;1;34;34;0;0;128.0;1;0;0;1;1;0;37;0;0;6;0;0;0.0;0;0;6;0;0;0.0;0;9.4;-0.8;-3.12;Dropout;551;D;data latih;Menghilang dari kelas
MHS2275;2;39;1;171;1;19;100.0;1;37;37;9;9;139.0;0;0;0;1;1;0;36;0;0;0;0;0;0.0;0;0;0;0;0;0.0;0;10.8;1.4;1.74;Dropout;525;E;data latih;Menghilang dari kelas
MHS2276;1;1;2;9991;0;1;123.0;1;1;3;4;2;113.2;0;0;0;0;1;0;22;0;0;5;7;3;11.666666666666666;0;0;5;8;2;10.5;2;7.6;2.6;0.32;Dropout;500;E;data latih;Terhalang biaya
MHS2277;2;39;1;8014;0;19;133.1;1;37;37;6;6;139.0;0;0;0;1;1;0;49;0;0;6;8;6;12.166666666666666;0;0;6;8;6;14.428571428571429;0;12.4;0.5;1.79;Graduate;659;B;data latih;Tidak dipanggil
MHS2278;1;51;1;9773;1;1;135.0;1;1;42;5;3;110.0;1;0;0;1;1;0;23;0;0;6;7;6;13.333333333333334;0;0;6;6;4;12.75;0;11.1;0.6;2.02;Graduate;630;C;data latih;Tidak dipanggil
MHS2279;1;1;1;9070;1;1;132.0;1;1;1;4;9;136.6;1;0;0;1;1;0;19;0;0;6;7;5;11.4;0;0;6;10;3;11.0;3;7.6;2.6;0.32;Enrolled;599;C;mahasiswa aktif;Tidak dipanggil
MHS2280;2;43;1;8014;0;1;120.0;1;37;37;5;5;161.1;0;0;0;1;1;0;47;0;0;6;9;6;12.142857142857142;0;0;6;6;0;0.0;0;16.2;0.3;-0.92;Dropout;594;D;data latih;Berjuang secara akademik
MHS2281;1;43;1;9003;1;1;130.0;1;1;2;4;2;130.0;0;0;0;1;1;0;28;0;9;18;36;17;13.058823529411764;1;6;12;15;12;12.307692307692308;0;15.5;2.8;-4.06;Graduate;655;C;data latih;Tidak dipanggil
MHS2282;1;44;1;9003;1;39;140.0;1;1;38;9;6;140.0;0;0;0;1;1;0;21;0;0;6;13;4;11.75;0;0;6;15;4;10.5;0;15.5;2.8;-4.06;Enrolled;581;D;mahasiswa aktif;Berjuang secara akademik
MHS2283;1;1;1;9254;1;1;133.1;1;38;1;9;9;121.0;0;0;1;0;1;0;21;0;0;6;9;5;11.833333333333334;0;0;6;8;5;10.0;0;8.9;1.4;3.51;Dropout;489;E;data uji;Terhalang biaya
MHS2284;1;43;1;9238;1;39;120.0;1;2;1;1;2;118.6;0;0;0;1;1;0;21;0;9;11;14;10;12.4;0;6;10;13;10;11.8;0;13.9;-0.3;0.79;Graduate;646;C;data latih;Tidak dipanggil
MHS2285;1;1;1;9070;1;1;140.0;1;19;38;4;4;138.3;0;0;0;1;1;0;20;0;1;6;8;6;13.428571428571429;1;0;6;12;4;11.5;0;13.9;-0.3;0.79;Enrolled;623;C;mahasiswa aktif;Tidak dipanggil
MHS2286;2;42;1;9147;1;1;133.1;1;37;37;9;9;115.8;0;0;0;0;1;0;49;0;0;5;5;0;0.0;0;0;5;9;0;0.0;0;10.8;1.4;1.74;Dropout;460;E;data latih;Terhalang biaya
MHS2287;1;39;1;9991;0;1;120.0;1;19;37;6;8;160.0;0;0;0;1;1;0;40;0;0;5;5;5;11.0;0;0;5;5;5;13.4;0;15.5;2.8;-4.06;Graduate;585;D;data latih;Berjuang secara akademik
MHS2288;1;17;1;9254;1;1;125.0;1;1;1;3;3;114.5;0;0;0;1;1;1;22;0;0;6;8;6;13.625;0;0;6;8;6;14.428571428571429;0;11.1;0.6;2.02;Graduate;705;A;data uji;Tidak dipanggil
MHS2289;1;42;1;9119;1;1;136.0;1;1;37;5;5;117.5;0;0;0;1;1;0;19;0;2;5;6;4;11.8;0;0;5;7;2;11.5;0;15.5;2.8;-4.06;Enrolled;567;D;mahasiswa aktif;Berjuang secara akademik
MHS2290;1;39;1;9991;0;1;133.1;1;3;38;2;7;121.7;0;0;0;1;1;0;31;0;0;5;5;0;0.0;0;0;5;7;0;0.0;0;13.9;-0.3;0.79;Dropout;520;E;data latih;Menghilang dari kelas
MHS2291;1;42;1;9119;1;1;120.0;1;5;5;2;2;115.0;0;0;0;1;1;0;30;0;1;6;9;2;15.0;0;1;6;7;2;13.5;0;15.5;2.8;-4.06;Dropout;598;D;data latih;Berjuang secara akademik
MHS2292;1;1;1;9238;1;1;127.0;1;37;37;5;10;125.3;0;0;0;1;1;0;19;0;0;6;9;5;10.8;0;0;6;11;5;11.0;0;7.6;2.6;0.32;Graduate;603;C;data latih;Tidak dipanggil
MHS2293;1;18;1;9147;1;1;131.0;1;34;34;90;90;131.0;0;0;0;1;1;0;22;0;0;5;11;3;13.666666666666666;0;0;5;10;3;11.333333333333334;0;9.4;-0.8;-3.12;Dropout;582;D;data latih;Berjuang secara akademik
MHS2294;1;1;1;9773;1;1;127.0;1;19;37;9;9;126.3;0;0;0;1;1;0;19;0;0;6;8;6;12.833333333333334;0;0;6;8;6;13.333333333333334;0;15.5;2.8;-4.06;Graduate;692;B;data latih;Tidak dipanggil
MHS2295;1;17;1;171;1;1;132.0;1;1;37;4;9;127.1;0;0;0;0;1;0;21;0;0;0;0;0;0.0;0;0;0;0;0;0.0;0;7.6;2.6;0.32;Dropout;474;E;data latih;Menghilang dari kelas
MHS2296;1;17;3;9670;1;1;137.0;1;1;38;4;7;138.4;0;0;0;1;1;0;19;0;0;6;8;6;15.125;0;0;6;7;6;13.428571428571429;0;11.1;0.6;2.02;Graduate;684;B;data latih;Tidak dipanggil
MHS2297;1;43;2;9147;1;1;126.0;1;1;19;3;3;100.0;1;0;0;1;1;0;22;0;0;5;11;0;0.0;0;0;5;7;1;10.0;1;16.2;0.3;-0.92;Dropout;535;E;data latih;Berjuang secara akademik
MHS2298;1;1;1;9238;1;1;136.0;1;4;5;2;2;126.2;0;0;0;1;1;0;22;0;0;6;10;5;11.4;0;0;6;8;5;11.0;0;10.8;1.4;1.74;Graduate;592;D;data latih;Berjuang secara akademik
MHS2299;1;1;1;9238;1;1;124.0;1;1;1;4;4;118.8;0;0;0;1;1;0;19;0;0;6;12;4;12.25;0;0;6;9;6;11.0;0;9.4;-0.8;-3.12;Graduate;647;C;data uji;Tidak dipanggil
MHS2300;1;39;1;9254;1;39;137.0;1;1;1;5;10;124.5;0;0;0;0;1;0;26;0;0;6;0;0;0.0;0;0;6;0;0;0.0;0;16.2;0.3;-0.92;Dropout;451;E;data latih;Menghilang dari kelas
MHS2301;1;44;1;9119;1;39;140.0;1;5;41;3;2;140.0;0;0;0;1;1;0;23;0;3;7;12;3;14.0;0;1;6;12;1;14.0;0;12.4;0.5;1.79;Enrolled;606;C;mahasiswa aktif;Tidak dipanggil
MHS2302;1;17;1;9070;1;1;131.0;1;19;19;7;7;125.1;0;0;0;1;1;0;18;0;0;6;7;6;12.333333333333334;0;0;6;10;5;10.8;4;16.2;0.3;-0.92;Enrolled;617;C;mahasiswa aktif;Tidak dipanggil
MHS2303;1;1;1;9147;1;1;130.0;1;37;37;9;9;118.8;0;0;1;1;1;1;22;0;0;5;8;5;10.666666666666666;0;0;5;11;2;11.0;0;15.5;2.8;-4.06;Enrolled;584;D;mahasiswa aktif;Berjuang secara akademik
MHS2304;1;18;5;9119;1;1;136.0;1;3;2;2;3;125.2;1;0;0;1;1;0;19;0;0;5;9;5;11.833333333333334;0;0;5;9;5;14.714285714285714;0;12.4;0.5;1.79;Enrolled;604;C;mahasiswa aktif;Tidak dipanggil
MHS2305;1;17;1;9147;1;1;133.1;1;1;19;4;8;95.0;0;0;0;1;1;0;20;0;0;5;14;0;0.0;0;0;5;5;0;0.0;0;11.1;0.6;2.02;Dropout;550;D;data latih;Berjuang secara akademik
MHS2306;1;1;3;9070;1;1;110.0;1;37;37;9;9;107.6;1;0;0;1;1;1;22;0;0;6;6;6;11.666666666666666;0;0;6;6;6;12.166666666666666;0;7.6;2.6;0.32;Enrolled;697;A;mahasiswa aktif;Tidak dipanggil
MHS2307;1;7;1;9130;1;3;140.0;1;2;38;2;3;140.0;1;0;0;0;1;0;18;0;2;5;7;2;13.0;0;0;5;5;0;0.0;0;12.7;3.7;-1.7;Dropout;498;E;data latih;Terhalang biaya
MHS2308;4;43;2;9991;0;38;133.1;1;3;1;2;9;125.4;0;0;0;1;1;0;39;0;0;2;5;0;0.0;0;0;4;4;0;0.0;0;10.8;1.4;1.74;Dropout;529;E;data latih;Berjuang secara akademik
MHS2309;1;1;1;9500;1;1;141.0;1;19;1;90;90;128.0;0;0;0;1;1;0;18;0;0;8;8;0;0.0;3;0;8;8;0;0.0;3;10.8;1.4;1.74;Dropout;573;D;data latih;Menghilang dari kelas
MHS2310;1;17;3;9119;1;1;130.0;1;1;38;3;3;129.3;0;0;0;1;1;1;18;0;0;5;5;5;13.0;0;0;5;5;5;14.2;0;8.9;1.4;3.51;Graduate;647;C;data latih;Tidak dipanggil
MHS2311;1;1;1;9238;1;1;160.0;1;19;38;9;9;152.0;0;0;0;1;1;1;19;0;0;6;7;6;13.857142857142858;0;0;6;6;6;14.0;0;13.9;-0.3;0.79;Graduate;734;A;data latih;Tidak dipanggil
MHS2312;1;1;1;9500;1;1;140.0;1;1;19;9;9;128.8;0;0;0;1;1;0;18;0;0;7;7;6;13.391666666666666;0;0;8;8;8;12.4875;0;12.4;0.5;1.79;Graduate;694;B;data latih;Tidak dipanggil
MHS2313;1;1;1;9147;1;1;150.0;1;34;19;0;4;152.8;1;0;0;1;1;1;18;0;0;5;7;4;12.75;0;0;5;5;0;0.0;0;7.6;2.6;0.32;Dropout;630;C;data latih;Tidak dipanggil
MHS2314;1;44;1;9130;1;39;150.0;1;37;37;6;6;150.0;1;0;0;1;1;0;22;0;0;5;7;4;14.5;0;0;5;5;5;14.6;0;10.8;1.4;1.74;Graduate;616;C;data latih;Tidak dipanggil
MHS2315;1;1;1;9238;1;1;133.1;1;1;1;3;4;112.0;0;0;0;1;1;0;19;0;0;6;7;6;12.166666666666666;0;0;6;6;6;12.166666666666666;0;12.4;0.5;1.79;Graduate;690;B;data latih;Tidak dipanggil
MHS2316;1;1;1;9130;1;1;152.0;1;19;37;9;8;135.6;1;0;0;1;1;0;18;0;0;5;5;5;15.4;0;0;5;5;5;15.6;0;12.7;3.7;-1.7;Dropout;637;C;data latih;Tidak dipanggil
MHS2317;1;39;1;9119;1;19;133.1;1;1;1;4;3;134.4;0;0;1;0;1;0;31;0;0;5;9;2;13.333333333333334;0;0;5;9;2;16.0;4;16.2;0.3;-0.92;Dropout;485;E;data latih;Terhalang biaya
MHS2318;1;39;1;9991;0;1;130.0;1;3;1;3;3;120.5;0;0;0;1;1;0;28;0;0;5;5;0;0.0;0;0;5;5;0;0.0;0;12.7;3.7;-1.7;Dropout;522;E;data latih;Menghilang dari kelas
MHS2319;1;1;1;9070;1;1;148.0;1;1;1;4;8;141.4;0;0;0;1;1;0;19;0;0;6;0;0;0.0;0;0;6;0;0;0.0;0;15.5;2.8;-4.06;Dropout;566;D;data latih;Menghilang dari kelas
MHS2320;1;17;1;9254;1;1;148.0;1;1;1;4;8;145.2;0;0;0;1;1;0;20;0;0;6;7;6;13.714285714285714;0;0;6;8;6;14.714285714285714;0;16.2;0.3;-0.92;Graduate;685;B;data latih;Tidak dipanggil
MHS2321;4;39;1;9238;1;1;130.0;1;19;3;9;2;140.0;0;0;0;1;1;0;50;0;0;6;7;4;12.25;0;0;6;7;0;0.0;0;8.9;1.4;3.51;Dropout;575;D;data latih;Berjuang secara akademik
MHS2322;1;43;1;9070;1;1;160.0;1;1;2;4;2;100.0;0;0;0;1;1;0;38;0;1;6;9;5;16.0;1;0;6;11;4;16.5;0;13.9;-0.3;0.79;Enrolled;622;C;mahasiswa aktif;Tidak dipanggil
MHS2323;2;39;1;9991;0;1;130.0;1;37;37;9;9;140.0;1;0;0;1;1;0;31;0;0;5;8;1;11.0;0;0;5;5;1;13.0;0;9.4;-0.8;-3.12;Dropout;567;D;data latih;Berjuang secara akademik
MHS2324;1;39;1;9500;1;1;110.0;1;1;37;9;9;126.0;1;0;0;1;1;0;27;0;0;7;7;7;14.085714285714284;0;0;7;7;7;14.085714285714284;0;7.6;2.6;0.32;Enrolled;671;B;mahasiswa aktif;Tidak dipanggil
MHS2325;1;18;1;9238;1;1;122.0;1;1;3;9;2;112.6;1;0;0;1;1;0;21;0;0;6;9;6;10.166666666666666;0;0;6;10;6;10.5;0;12.7;3.7;-1.7;Graduate;630;C;data uji;Tidak dipanggil
MHS2326;2;39;1;9119;1;1;110.0;1;37;37;9;9;106.8;0;0;0;1;1;0;34;0;0;5;8;1;10.0;0;0;5;9;0;0.0;0;8.9;1.4;3.51;Dropout;508;E;data latih;Berjuang secara akademik
MHS2327;1;51;1;9119;1;1;129.0;1;2;37;2;9;121.6;1;0;0;1;1;0;19;0;0;5;10;0;0.0;0;0;5;7;1;10.0;0;7.6;2.6;0.32;Enrolled;534;E;mahasiswa aktif;Berjuang secara akademik
MHS2328;2;39;1;9991;0;1;110.0;1;37;37;1;4;120.0;1;0;0;0;1;0;40;0;0;5;10;2;10.5;0;0;5;5;3;10.666666666666666;0;9.4;-0.8;-3.12;Dropout;476;E;data latih;Terhalang biaya
MHS2329;1;1;1;171;1;1;170.0;1;38;19;9;2;160.6;1;0;0;1;1;1;18;0;0;0;0;0;0.0;0;0;0;0;0;0.0;0;12.7;3.7;-1.7;Graduate;591;D;data latih;Menghilang dari kelas
MHS2330;2;39;1;9070;1;12;110.0;1;37;38;5;10;130.0;0;0;1;0;1;1;46;0;0;6;6;0;0.0;0;0;6;6;0;0.0;0;15.5;2.8;-4.06;Dropout;457;E;data latih;Terhalang biaya
MHS2331;1;43;5;8014;0;1;110.0;1;34;34;0;0;110.0;0;0;0;1;1;0;37;0;0;6;12;0;0.0;0;0;5;10;0;0.0;0;7.6;2.6;0.32;Dropout;538;E;data latih;Berjuang secara akademik
MHS2332;1;39;1;9003;1;1;133.1;1;19;37;9;7;110.0;1;0;0;1;1;0;31;0;0;6;8;0;0.0;0;0;6;10;0;0.0;0;16.2;0.3;-0.92;Dropout;523;E;data latih;Berjuang secara akademik
MHS2333;1;39;1;9003;1;1;133.1;1;1;19;4;10;145.8;0;0;0;1;1;0;34;0;0;6;15;5;13.333333333333334;0;0;6;15;5;12.4;0;12.4;0.5;1.79;Graduate;593;D;data latih;Berjuang secara akademik
MHS2334;1;1;6;171;1;1;126.0;1;10;10;4;4;130.2;1;0;0;1;1;1;18;0;0;0;0;0;0.0;0;0;0;0;0;0.0;0;9.4;-0.8;-3.12;Dropout;591;D;data latih;Menghilang dari kelas
MHS2335;1;1;1;9670;1;1;137.0;1;38;37;9;9;122.3;0;0;0;1;1;1;18;0;0;6;7;6;13.571428571428571;0;0;6;6;6;14.333333333333334;0;12.4;0.5;1.79;Graduate;725;A;data latih;Tidak dipanggil
MHS2336;1;17;4;9070;1;1;117.0;1;1;1;3;3;125.4;1;0;0;1;1;1;19;0;0;6;6;6;12.833333333333334;0;0;6;7;6;11.166666666666666;0;11.1;0.6;2.02;Graduate;684;B;data uji;Tidak dipanggil
MHS2337;1;43;1;9991;0;1;100.0;1;37;19;9;4;130.0;0;0;0;1;1;0;40;0;1;5;6;4;10.25;0;3;8;18;5;11.2;5;15.5;2.8;-4.06;Dropout;547;E;data latih;Berjuang secara akademik
MHS2338;1;39;1;9130;1;1;120.0;1;1;38;9;9;150.0;0;0;0;1;1;0;25;0;0;6;6;0;0.0;0;0;6;6;0;0.0;0;12.4;0.5;1.79;Dropout;520;E;data latih;Menghilang dari kelas
MHS2339;1;17;5;9119;1;1;126.0;1;38;38;5;9;116.9;1;0;1;1;1;0;20;0;0;5;5;4;14.5;0;0;6;8;3;13.333333333333334;0;11.1;0.6;2.02;Dropout;585;D;data latih;Berjuang secara akademik
MHS2340;1;17;1;9119;1;1;122.0;1;19;19;9;9;114.7;0;0;0;1;1;0;20;0;0;5;6;5;15.8;0;0;5;8;5;13.714285714285714;0;11.1;0.6;2.02;Enrolled;611;C;mahasiswa aktif;Tidak dipanggil
MHS2341;1;39;1;9003;1;1;111.0;1;37;37;9;10;95.8;1;0;0;0;1;0;43;0;0;6;0;0;0.0;0;0;6;0;0;0.0;0;15.5;2.8;-4.06;Dropout;446;E;data latih;Menghilang dari kelas
MHS2342;1;17;4;9119;1;1;139.0;1;37;19;9;4;133.1;1;0;0;1;1;0;18;0;0;5;8;4;12.5;0;0;5;7;3;14.666666666666666;1;7.6;2.6;0.32;Enrolled;615;C;mahasiswa aktif;Tidak dipanggil
MHS2343;1;43;1;9003;1;1;150.0;1;2;4;4;1;150.0;0;0;0;1;1;0;35;0;16;18;22;18;11.666666666666666;0;12;13;13;12;11.5;1;15.5;2.8;-4.06;Graduate;616;C;data uji;Tidak dipanggil
MHS2344;1;17;2;9991;0;1;116.0;1;37;19;9;4;118.5;0;0;0;1;1;0;23;0;0;5;6;4;13.0;0;0;5;5;5;13.0;0;7.6;2.6;0.32;Graduate;612;C;data uji;Tidak dipanggil
MHS2345;1;17;1;9500;1;1;130.0;1;3;3;2;2;131.1;0;0;0;1;1;0;19;0;0;7;8;7;12.12142857142857;0;0;9;12;8;11.50625;0;12.4;0.5;1.79;Graduate;655;C;data latih;Tidak dipanggil
MHS2346;1;53;1;9085;1;42;150.0;1;1;19;3;8;150.3;1;0;0;1;1;1;21;0;7;11;15;9;14.22222222222222;0;4;9;15;7;13.75;0;8.9;1.4;3.51;Graduate;710;A;data uji;Tidak dipanggil
MHS2347;1;43;1;9670;1;1;132.0;1;3;19;4;8;120.5;0;0;0;1;1;0;19;0;0;6;17;4;12.5;0;0;6;8;4;13.25;0;13.9;-0.3;0.79;Enrolled;620;C;mahasiswa aktif;Tidak dipanggil
MHS2348;1;18;1;9119;1;1;108.0;1;1;1;4;3;105.6;1;0;0;1;1;0;20;0;0;5;7;5;12.166666666666666;0;0;5;7;5;15.285714285714286;0;12.4;0.5;1.79;Graduate;609;C;data latih;Tidak dipanggil
MHS2349;1;39;1;9670;1;1;133.1;1;19;19;3;3;125.3;0;1;0;1;1;1;30;0;0;6;0;0;0.0;0;0;6;0;0;0.0;0;12.4;0.5;1.79;Dropout;555;D;data latih;Menghilang dari kelas
MHS2350;4;39;1;9254;1;1;120.0;1;37;19;9;9;131.0;1;0;0;1;1;0;44;0;0;6;6;6;12.666666666666666;0;0;6;6;6;11.5;0;12.4;0.5;1.79;Graduate;619;C;data latih;Tidak dipanggil
MHS2351;1;18;1;9500;1;1;146.0;1;19;3;4;9;127.0;0;0;0;1;1;0;19;0;0;8;8;7;13.614285714285714;0;0;8;8;7;13.614285714285714;0;12.7;3.7;-1.7;Graduate;688;B;data latih;Tidak dipanggil
MHS2352;1;44;1;9130;1;39;150.0;1;2;1;3;6;150.0;1;0;0;1;1;0;22;0;11;18;32;12;12.857142857142858;1;8;12;15;10;14.3;0;16.2;0.3;-0.92;Graduate;665;B;data latih;Tidak dipanggil
MHS2353;1;1;1;9130;1;1;160.0;1;3;3;1;2;149.2;0;0;0;1;1;0;18;0;0;5;7;4;14.0;0;0;5;5;5;14.2;0;7.6;2.6;0.32;Graduate;637;C;data latih;Tidak dipanggil
MHS2354;1;17;1;9670;1;1;125.0;1;37;37;9;9;121.5;1;0;0;1;1;1;21;0;0;6;8;4;14.75;0;0;6;6;5;11.8;0;12.7;3.7;-1.7;Graduate;626;C;data latih;Tidak dipanggil
MHS2355;1;1;2;9085;1;1;125.0;1;37;19;90;90;137.3;0;0;0;1;1;0;18;0;0;6;0;0;0.0;0;0;6;0;0;0.0;0;7.6;2.6;0.32;Dropout;566;D;data latih;Menghilang dari kelas
MHS2356;1;17;4;9670;1;1;122.0;1;3;1;2;3;119.6;1;0;0;1;1;0;18;0;0;6;8;6;13.625;0;0;6;7;6;14.285714285714286;0;11.1;0.6;2.02;Graduate;689;B;data latih;Tidak dipanggil
MHS2357;1;1;1;171;1;1;138.0;1;1;1;4;3;141.5;0;0;0;1;1;0;19;0;0;0;0;0;0.0;0;0;0;0;0;0.0;0;7.6;2.6;0.32;Graduate;560;D;data uji;Menghilang dari kelas
MHS2358;1;44;1;9003;1;39;150.0;1;1;38;6;6;150.0;1;0;0;1;1;0;21;0;0;6;12;4;11.8;0;0;6;11;4;11.875;0;16.2;0.3;-0.92;Dropout;608;C;data uji;Tidak dipanggil
MHS2359;1;39;1;9003;1;1;140.0;1;3;3;2;2;110.0;0;0;0;1;1;0;31;0;0;6;8;6;15.125;0;0;6;10;6;14.6;0;16.2;0.3;-0.92;Graduate;658;B;data latih;Tidak dipanggil
MHS2360;1;17;5;9254;1;1;113.0;1;1;1;2;3;110.2;1;0;0;1;1;0;21;0;0;6;10;4;11.5;0;0;6;10;2;10.5;0;9.4;-0.8;-3.12;Dropout;585;D;data latih;Berjuang secara akademik
MHS2361;1;39;1;9119;1;1;139.0;1;19;19;9;7;110.3;0;0;1;1;1;0;24;0;0;5;12;1;10.0;0;0;5;11;1;11.0;0;8.9;1.4;3.51;Enrolled;484;E;mahasiswa aktif;Berjuang secara akademik
MHS2362;1;42;1;9773;1;1;133.1;1;19;6;4;3;120.0;0;0;0;1;1;0;27;0;0;4;8;0;0.0;0;0;5;10;0;0.0;0;9.4;-0.8;-3.12;Dropout;544;E;data latih;Berjuang secara akademik
MHS2363;1;1;5;9147;1;1;118.0;1;19;19;9;9;114.2;1;0;0;1;1;0;20;0;0;5;9;3;10.333333333333334;0;0;5;6;5;12.8;0;12.4;0.5;1.79;Graduate;602;C;data latih;Tidak dipanggil
MHS2364;1;44;1;9119;1;39;140.0;1;1;19;4;5;140.0;1;0;0;1;1;0;22;0;0;5;9;0;0.0;0;0;5;6;2;11.666666666666666;0;10.8;1.4;1.74;Enrolled;524;E;mahasiswa aktif;Berjuang secara akademik
MHS2365;1;1;1;9003;1;1;144.0;1;19;19;9;9;132.8;0;0;0;1;1;1;19;0;0;6;9;4;12.0;2;0;6;10;4;12.5;0;15.5;2.8;-4.06;Enrolled;647;C;mahasiswa aktif;Tidak dipanggil
MHS2366;1;18;1;9773;1;1;125.0;1;1;1;4;7;121.5;1;0;0;1;1;0;19;0;0;6;6;6;13.833333333333334;0;0;6;6;6;14.5;0;8.9;1.4;3.51;Graduate;690;B;data latih;Tidak dipanggil
MHS2367;1;1;1;171;1;1;131.0;1;1;1;7;4;127.2;1;0;1;1;1;0;23;0;13;17;19;13;12.153846153846152;0;10;17;28;11;11.909090909090908;1;11.1;0.6;2.02;Enrolled;641;C;mahasiswa aktif;Tidak dipanggil
MHS2368;1;17;1;9130;1;1;131.0;1;12;12;2;8;128.2;1;0;0;1;1;0;18;0;0;6;7;6;14.0;0;0;6;8;6;13.666666666666666;0;12.4;0.5;1.79;Graduate;678;B;data latih;Tidak dipanggil
MHS2369;1;1;1;9773;1;1;140.0;1;3;2;4;6;133.4;1;0;0;0;1;0;29;0;0;6;8;6;16.5;0;0;6;6;5;13.8;0;11.1;0.6;2.02;Enrolled;572;D;mahasiswa aktif;Terhalang biaya
MHS2370;1;39;1;9130;1;1;133.1;1;1;19;4;5;120.0;1;0;0;1;1;0;29;0;0;5;11;1;18.0;2;0;5;10;3;13.333333333333334;2;10.8;1.4;1.74;Dropout;577;D;data latih;Berjuang secara akademik
MHS2371;1;44;1;9003;1;1;140.0;1;1;1;4;5;140.0;0;0;0;1;1;0;20;0;0;6;11;6;11.285714285714286;0;0;6;12;5;11.77777777777778;0;16.2;0.3;-0.92;Enrolled;597;D;mahasiswa aktif;Berjuang secara akademik
MHS2372;1;1;5;171;1;1;139.0;1;19;3;9;2;136.9;1;0;0;1;1;1;19;0;0;0;0;0;0.0;0;0;0;0;0;0.0;0;9.4;-0.8;-3.12;Graduate;589;D;data uji;Menghilang dari kelas
MHS2373;1;17;3;171;1;1;125.0;1;3;39;2;5;117.0;1;1;0;1;1;0;22;0;0;0;0;0;0.0;0;0;0;0;0;0.0;0;10.8;1.4;1.74;Enrolled;542;E;mahasiswa aktif;Menghilang dari kelas
MHS2374;1;1;2;9670;1;1;117.0;1;3;1;3;5;110.7;1;0;0;1;1;0;20;0;0;6;10;5;14.0;0;0;6;10;6;12.0;0;11.1;0.6;2.02;Enrolled;668;B;mahasiswa aktif;Tidak dipanggil
MHS2375;1;39;1;9130;1;1;150.0;1;19;19;9;5;160.0;1;0;0;1;1;0;24;0;0;5;13;4;13.75;1;0;5;9;3;12.0;0;9.4;-0.8;-3.12;Enrolled;592;D;mahasiswa aktif;Berjuang secara akademik
MHS2376;1;1;1;9670;1;1;95.0;1;37;37;5;8;95.0;0;0;0;0;1;0;21;0;0;6;9;4;13.25;0;0;6;6;5;11.0;0;12.7;3.7;-1.7;Dropout;525;E;data latih;Terhalang biaya
MHS2377;1;39;1;9147;1;1;150.0;1;37;1;7;3;148.8;0;0;0;1;1;1;25;0;0;5;7;4;14.25;0;0;5;7;4;14.75;0;12.7;3.7;-1.7;Graduate;637;C;data latih;Tidak dipanggil
MHS2378;1;39;1;9147;1;1;120.0;1;37;37;9;9;110.0;0;0;0;0;1;0;32;0;0;5;9;0;0.0;1;0;5;5;0;0.0;0;9.4;-0.8;-3.12;Dropout;447;E;data latih;Terhalang biaya
MHS2379;1;43;1;9991;0;1;136.0;1;3;4;2;2;133.9;0;0;0;0;1;0;26;0;8;12;12;8;11.25;0;3;8;8;3;11.333333333333334;0;7.6;2.6;0.32;Dropout;503;E;data latih;Terhalang biaya
MHS2380;1;1;1;9130;1;1;133.0;1;2;37;9;7;125.7;1;0;0;1;1;1;18;0;0;6;7;6;13.5;0;0;6;8;6;12.5;0;12.4;0.5;1.79;Graduate;707;A;data latih;Tidak dipanggil
MHS2381;1;17;1;9254;1;1;125.0;1;1;19;4;7;116.6;0;0;0;1;1;1;19;0;0;6;8;5;12.666666666666666;0;0;6;10;6;12.857142857142858;0;16.2;0.3;-0.92;Graduate;692;B;data latih;Tidak dipanggil
MHS2382;1;1;3;9070;1;1;127.0;1;19;38;5;7;141.0;1;0;0;1;1;1;19;0;0;6;6;6;15.166666666666666;0;0;6;6;6;12.333333333333334;0;12.4;0.5;1.79;Graduate;720;A;data latih;Tidak dipanggil
MHS2383;1;7;1;9119;1;40;130.0;1;1;1;4;4;130.0;0;0;0;1;1;0;27;0;4;6;6;6;13.166666666666666;0;2;5;7;5;15.142857142857142;0;11.1;0.6;2.02;Dropout;605;C;data latih;Tidak dipanggil
MHS2384;1;53;1;9003;1;1;130.0;1;19;1;9;9;130.0;0;0;1;1;1;0;21;0;7;12;20;10;11.8;0;5;12;15;9;11.444444444444445;0;8.9;1.4;3.51;Enrolled;605;C;mahasiswa aktif;Tidak dipanggil
MHS2385;1;17;1;9119;1;1;127.0;1;19;1;4;5;115.8;0;0;0;1;1;0;20;0;0;5;10;4;11.5;0;0;5;11;0;0.0;0;13.9;-0.3;0.79;Enrolled;567;D;mahasiswa aktif;Berjuang secara akademik
MHS2386;1;44;1;9070;1;39;140.0;1;19;38;4;0;140.0;1;0;0;1;1;0;21;0;0;6;6;6;14.5;0;0;6;8;6;11.333333333333334;0;12.4;0.5;1.79;Graduate;654;C;data latih;Tidak dipanggil
MHS2387;1;1;5;9773;1;1;125.0;1;37;3;5;2;126.1;1;0;0;1;1;0;22;0;0;6;10;5;13.4;0;0;6;12;3;10.666666666666666;0;9.4;-0.8;-3.12;Enrolled;596;D;mahasiswa aktif;Berjuang secara akademik
MHS2388;1;1;1;171;1;1;135.0;1;1;38;5;7;137.5;1;0;1;0;1;0;19;0;0;0;0;0;0.0;0;0;0;0;0;0.0;0;12.7;3.7;-1.7;Graduate;457;E;data latih;Menghilang dari kelas
MHS2389;1;17;4;9147;1;1;132.0;1;38;19;5;5;120.8;1;0;0;1;1;1;18;0;0;5;8;4;10.8;0;0;5;10;2;12.5;0;11.1;0.6;2.02;Dropout;643;C;data latih;Tidak dipanggil
MHS2390;1;39;2;9238;1;1;110.0;1;19;1;5;5;136.5;0;0;0;1;1;0;28;0;0;5;6;0;0.0;0;0;5;5;0;0.0;0;13.9;-0.3;0.79;Dropout;537;E;data latih;Menghilang dari kelas
MHS2391;2;39;1;9003;1;1;130.0;1;1;37;9;1;122.0;0;0;1;0;1;0;25;0;3;10;23;6;11.428571428571429;0;2;7;15;4;12.0;1;15.5;2.8;-4.06;Dropout;498;E;data uji;Terhalang biaya
MHS2392;1;43;1;9003;1;1;130.0;1;37;1;5;4;130.0;0;0;0;1;1;0;25;0;8;14;24;8;12.5;2;6;13;23;10;11.6;0;15.5;2.8;-4.06;Dropout;625;C;data latih;Tidak dipanggil
MHS2393;1;1;1;9147;1;1;135.0;1;38;19;9;5;126.3;0;0;0;1;1;0;18;0;0;5;11;2;13.5;0;0;5;11;3;12.333333333333334;0;8.9;1.4;3.51;Enrolled;631;C;mahasiswa aktif;Tidak dipanggil
MHS2394;1;1;1;9254;1;1;133.1;1;4;19;4;5;98.0;0;0;0;1;1;0;26;0;0;6;6;0;0.0;0;0;6;12;0;0.0;0;10.8;1.4;1.74;Dropout;550;D;data latih;Berjuang secara akademik
MHS2395;1;17;3;9147;1;1;135.0;1;37;37;6;5;121.0;1;0;0;1;1;1;18;0;0;5;8;5;12.75;0;0;5;7;5;11.5;0;13.9;-0.3;0.79;Graduate;623;C;data latih;Tidak dipanggil
MHS2396;1;43;1;9773;1;1;128.0;1;19;38;9;7;124.2;1;0;0;1;1;0;22;0;0;6;17;3;11.333333333333334;3;0;6;14;3;12.333333333333334;0;15.5;2.8;-4.06;Enrolled;600;C;mahasiswa aktif;Tidak dipanggil
MHS2397;1;39;1;9003;1;1;140.0;1;1;3;4;5;130.0;0;0;0;1;1;0;25;0;0;6;8;0;0.0;0;0;6;10;0;0.0;0;16.2;0.3;-0.92;Dropout;525;E;data latih;Berjuang secara akademik
MHS2398;1;1;2;9773;1;1;135.0;1;3;1;4;4;136.1;1;0;0;1;1;0;19;0;0;6;9;5;11.4;0;0;6;13;5;12.4;0;8.9;1.4;3.51;Enrolled;624;C;mahasiswa aktif;Tidak dipanggil
MHS2399;1;17;2;9773;1;1;131.0;1;3;19;2;3;132.8;1;0;0;1;1;0;19;0;0;6;7;6;14.428571428571429;0;0;6;7;6;14.571428571428571;0;13.9;-0.3;0.79;Graduate;692;B;data uji;Tidak dipanggil
MHS2400;1;17;1;9500;1;1;131.0;1;1;1;5;5;126.3;0;0;0;1;1;0;19;0;0;7;9;7;12.492857142857144;0;0;8;10;8;11.7125;0;16.2;0.3;-0.92;Graduate;655;C;data latih;Tidak dipanggil
MHS2401;4;39;1;8014;0;19;100.0;1;1;37;9;1;111.5;0;0;0;1;1;0;45;0;2;8;10;4;11.5;0;2;8;13;4;11.0;0;10.8;1.4;1.74;Dropout;562;D;data latih;Berjuang secara akademik
MHS2402;2;39;1;9991;0;1;140.0;1;37;37;9;9;118.2;0;0;0;1;1;0;52;0;0;5;7;5;11.2;0;0;5;6;5;12.8;1;7.6;2.6;0.32;Graduate;580;D;data latih;Berjuang secara akademik
MHS2403;1;1;1;9147;1;1;124.0;1;19;19;9;3;115.6;1;0;0;0;1;0;20;0;0;5;9;3;12.0;1;0;5;7;3;11.0;0;9.4;-0.8;-3.12;Dropout;513;E;data latih;Terhalang biaya
MHS2404;1;1;1;9500;1;1;130.0;1;38;37;5;10;117.8;1;0;0;1;1;0;19;0;0;8;8;7;15.885714285714286;0;0;8;8;7;15.885714285714286;0;10.8;1.4;1.74;Graduate;704;A;data latih;Tidak dipanggil
MHS2405;1;1;1;9500;1;1;142.0;1;1;38;9;9;127.0;0;0;1;0;1;0;21;0;0;7;12;4;12.94;0;0;7;12;4;11.58;0;12.4;0.5;1.79;Dropout;509;E;data latih;Terhalang biaya
MHS2406;2;39;1;8014;0;1;150.0;1;37;37;9;9;140.0;0;0;0;0;1;0;35;0;0;6;6;6;14.0;0;0;6;6;6;14.166666666666666;0;9.4;-0.8;-3.12;Graduate;587;D;data latih;Terhalang biaya
MHS2407;2;39;1;171;1;12;110.0;1;37;37;7;7;106.0;1;0;0;1;1;0;36;0;0;0;0;0;0.0;0;0;0;0;0;0.0;0;7.6;2.6;0.32;Graduate;525;E;data uji;Menghilang dari kelas
MHS2408;4;39;1;9500;1;19;110.0;1;37;38;5;5;151.0;0;0;1;0;1;0;47;0;0;7;7;0;0.0;7;0;8;8;0;0.0;8;15.5;2.8;-4.06;Dropout;433;E;data latih;Terhalang biaya
MHS2409;1;18;1;9991;0;1;112.0;1;43;40;2;2;106.4;0;0;0;1;1;0;22;0;0;5;0;0;0.0;0;0;5;0;0;0.0;0;8.9;1.4;3.51;Dropout;535;E;data latih;Menghilang dari kelas
MHS2410;2;39;1;9991;0;1;100.0;1;37;37;9;9;125.3;1;0;0;1;1;0;41;0;0;5;8;4;11.25;0;0;5;8;3;11.0;1;7.6;2.6;0.32;Dropout;553;D;data latih;Berjuang secara akademik
MHS2411;1;7;1;9119;1;3;130.0;1;34;34;90;90;130.0;0;0;0;1;1;0;26;0;0;5;5;0;0.0;0;0;5;6;0;0.0;0;10.8;1.4;1.74;Dropout;509;E;data latih;Menghilang dari kelas
MHS2412;2;39;1;8014;0;1;133.1;1;34;34;90;90;116.0;0;0;0;0;0;0;51;0;0;6;13;4;11.25;0;0;6;12;0;0.0;1;10.8;1.4;1.74;Dropout;485;E;data uji;Terhalang biaya
MHS2413;2;39;2;9991;0;1;150.0;1;37;37;9;9;120.0;0;0;0;1;0;0;43;0;0;5;11;3;10.666666666666666;0;1;5;10;4;12.5;0;9.4;-0.8;-3.12;Enrolled;580;D;mahasiswa aktif;Berjuang secara akademik
MHS2414;2;39;2;8014;0;1;100.0;1;34;34;0;0;100.0;1;0;0;1;0;0;41;0;0;6;9;5;11.8;0;1;6;10;3;10.666666666666666;1;7.6;2.6;0.32;Graduate;562;D;data latih;Berjuang secara akademik
MHS2415;1;43;2;9147;1;1;130.0;1;34;37;9;9;118.5;1;0;0;1;1;0;23;0;5;10;19;8;11.625;1;4;10;16;10;11.181818181818182;3;7.6;2.6;0.32;Graduate;619;C;data uji;Tidak dipanggil
MHS2416;1;43;2;9238;1;1;129.0;1;34;30;0;5;118.9;1;0;0;1;1;0;22;0;0;6;11;0;0.0;0;0;5;10;0;0.0;0;9.4;-0.8;-3.12;Dropout;546;E;data latih;Berjuang secara akademik
MHS2417;1;17;2;9070;1;1;127.0;1;37;37;9;9;119.3;1;1;0;1;1;1;25;0;0;6;8;4;10.25;0;0;6;6;4;11.25;0;12.7;3.7;-1.7;Dropout;595;D;data latih;Berjuang secara akademik
MHS2418;1;43;1;9991;0;1;140.0;1;37;37;9;9;135.8;1;0;0;1;1;0;25;0;14;15;16;15;10.8;0;13;14;14;14;11.357142857142858;0;9.4;-0.8;-3.12;Graduate;615;C;data latih;Tidak dipanggil
MHS2419;1;53;1;171;1;42;130.0;1;1;19;9;9;130.0;1;0;0;0;1;1;22;0;5;12;15;11;12.545454545454543;0;4;11;16;11;12.666666666666666;0;8.9;1.4;3.51;Graduate;610;C;data latih;Tidak dipanggil
MHS2420;1;39;1;9003;1;1;133.1;6;1;1;192;144;129.8;0;0;0;1;1;0;24;1;0;7;7;7;13.571428571428571;0;0;6;9;5;13.4;0;8.9;1.4;3.51;Enrolled;616;C;mahasiswa aktif;Tidak dipanggil
MHS2421;1;39;1;9085;1;2;140.0;1;38;38;9;10;150.0;0;0;0;1;1;0;47;0;0;6;0;0;0.0;0;0;6;0;0;0.0;0;16.2;0.3;-0.92;Dropout;529;E;data latih;Menghilang dari kelas
MHS2422;2;39;1;9991;0;19;133.1;1;37;37;5;5;111.9;1;0;0;1;1;0;41;0;0;5;5;0;0.0;0;0;5;5;0;0.0;0;7.6;2.6;0.32;Dropout;520;E;data latih;Menghilang dari kelas
MHS2423;1;39;1;9003;1;1;120.0;1;37;37;9;9;150.1;1;0;0;1;1;0;43;0;0;6;9;6;14.77777777777778;0;0;6;11;5;12.2;0;13.9;-0.3;0.79;Graduate;611;C;data latih;Tidak dipanggil
MHS2424;1;39;1;9003;1;1;133.1;1;1;37;9;8;130.0;0;0;0;1;1;0;29;0;0;3;4;0;0.0;0;0;4;8;0;0.0;0;16.2;0.3;-0.92;Dropout;523;E;data latih;Berjuang secara akademik
MHS2425;1;39;2;9119;1;1;120.0;1;37;37;5;5;128.0;0;0;0;1;1;0;30;0;0;2;2;0;0.0;0;0;2;2;0;0.0;0;7.6;2.6;0.32;Dropout;508;E;data latih;Menghilang dari kelas
MHS2426;1;39;2;9147;1;38;133.1;1;19;38;9;9;102.5;0;0;0;0;1;0;26;0;0;4;4;0;0.0;0;0;5;0;0;0.0;0;12.7;3.7;-1.7;Dropout;449;E;data latih;Menghilang dari kelas
MHS2427;1;39;2;9991;0;1;133.1;1;19;38;9;9;102.5;0;0;0;0;1;0;27;0;0;5;10;0;0.0;0;0;5;5;0;0.0;0;15.5;2.8;-4.06;Dropout;445;E;data latih;Terhalang biaya
MHS2428;2;39;2;9670;1;1;100.0;1;37;37;9;9;110.0;0;0;0;1;1;1;36;0;0;5;5;5;11.4;0;0;5;7;5;11.6;0;9.4;-0.8;-3.12;Graduate;588;D;data uji;Berjuang secara akademik
MHS2429;1;39;1;9003;1;19;133.1;1;1;19;4;10;114.0;0;0;0;1;1;0;29;0;3;9;13;6;11.666666666666666;0;2;7;10;6;10.857142857142858;0;15.5;2.8;-4.06;Dropout;609;C;data latih;Tidak dipanggil
MHS2430;1;42;1;9119;1;1;120.0;1;34;34;0;0;128.2;1;0;0;1;1;0;35;0;6;10;12;7;11.285714285714286;0;2;8;8;5;13.0;0;9.4;-0.8;-3.12;Dropout;602;C;data latih;Tidak dipanggil
MHS2431;1;1;1;9773;1;1;128.0;1;38;38;6;3;116.5;0;0;0;1;1;1;18;0;0;6;12;4;11.5;0;0;6;10;5;12.6;0;10.8;1.4;1.74;Graduate;655;C;data uji;Tidak dipanggil
MHS2432;1;1;1;9991;0;1;172.0;1;38;37;9;9;149.3;0;0;0;1;1;1;24;0;0;5;5;5;16.0;0;0;5;5;5;16.0;0;8.9;1.4;3.51;Graduate;655;C;data latih;Tidak dipanggil
MHS2433;1;1;3;9773;1;1;146.0;1;38;38;9;7;134.1;1;0;0;1;1;1;18;0;0;6;6;6;12.5;0;0;6;7;6;12.666666666666666;0;10.8;1.4;1.74;Dropout;715;A;data latih;Tidak dipanggil
MHS2434;1;17;4;9119;1;1;135.0;1;38;37;5;7;126.6;1;0;0;1;1;0;18;0;0;5;7;4;12.0;0;0;5;10;3;13.0;3;7.6;2.6;0.32;Enrolled;603;C;mahasiswa aktif;Tidak dipanggil
MHS2435;2;43;1;9085;1;1;160.0;1;37;37;9;7;120.0;0;0;0;1;1;0;21;0;0;5;11;0;0.0;2;0;5;11;3;11.666666666666666;1;9.4;-0.8;-3.12;Enrolled;549;E;mahasiswa aktif;Berjuang secara akademik
MHS2436;1;42;1;9119;1;1;150.0;1;38;37;5;8;133.5;1;0;0;1;1;0;21;0;0;5;10;5;13.0;0;0;5;10;5;12.6;0;9.4;-0.8;-3.12;Graduate;602;C;data latih;Tidak dipanggil
MHS2437;1;39;1;9003;1;1;130.0;1;1;3;2;6;110.0;0;0;0;1;1;0;32;0;8;18;27;13;13.714285714285714;1;7;12;18;12;12.083333333333334;0;15.5;2.8;-4.06;Graduate;644;C;data uji;Tidak dipanggil
MHS2438;1;1;4;9119;1;1;111.0;1;37;37;9;5;107.5;1;0;0;1;1;1;22;0;0;5;9;3;12.333333333333334;0;0;6;14;3;12.5;0;11.1;0.6;2.02;Dropout;628;C;data latih;Tidak dipanggil
MHS2439;1;7;1;9003;1;3;130.0;1;1;38;9;7;130.0;1;0;0;0;1;0;32;0;11;17;31;11;12.727272727272728;4;10;12;24;10;12.7;1;15.5;2.8;-4.06;Dropout;563;D;data latih;Terhalang biaya
MHS2440;1;43;1;9670;1;6;170.0;1;34;34;0;0;111.6;0;0;0;1;1;0;35;0;1;5;5;1;14.0;0;0;5;5;0;0.0;0;9.4;-0.8;-3.12;Dropout;562;D;data latih;Menghilang dari kelas
MHS2441;1;18;3;9147;1;1;133.1;1;1;38;4;7;101.0;1;0;0;0;1;0;23;0;0;5;0;0;0.0;0;0;5;0;0;0.0;0;8.9;1.4;3.51;Dropout;462;E;data latih;Menghilang dari kelas
MHS2442;1;39;1;8014;0;1;100.0;1;37;37;6;6;108.3;0;0;0;1;1;0;39;0;0;6;8;5;11.4;0;1;6;12;3;11.0;1;7.6;2.6;0.32;Enrolled;562;D;mahasiswa aktif;Berjuang secara akademik
MHS2443;2;43;1;9670;1;1;120.0;1;34;34;0;0;128.2;0;0;0;1;1;0;35;0;0;5;5;0;0.0;0;0;5;5;1;10.0;0;9.4;-0.8;-3.12;Dropout;535;E;data latih;Menghilang dari kelas
MHS2444;2;39;1;9003;1;3;110.0;1;3;19;4;6;150.0;0;0;0;1;1;0;32;0;0;6;8;6;18.875;0;6;12;14;12;17.692307692307693;0;16.2;0.3;-0.92;Graduate;656;C;data latih;Tidak dipanggil
MHS2445;1;1;1;9853;1;1;133.1;1;34;34;0;0;142.8;0;0;0;1;1;0;20;0;0;6;12;0;0.0;0;0;6;12;0;0.0;0;7.6;2.6;0.32;Dropout;553;D;data latih;Berjuang secara akademik
MHS2446;1;39;1;9500;1;1;120.0;1;37;37;9;9;100.0;0;0;0;1;1;0;34;0;0;7;15;6;11.333333333333334;0;0;7;16;4;12.6;0;16.2;0.3;-0.92;Enrolled;612;C;mahasiswa aktif;Tidak dipanggil
MHS2447;1;7;1;9991;0;40;150.0;1;37;37;6;6;150.0;1;0;0;1;1;0;44;0;3;7;9;7;13.5;0;0;5;6;5;16.2;0;8.9;1.4;3.51;Dropout;615;C;data latih;Tidak dipanggil
MHS2448;2;39;1;9254;1;19;133.1;1;37;19;9;10;156.5;0;0;0;1;1;0;53;0;7;11;12;2;15.0;7;4;9;10;3;10.0;4;16.2;0.3;-0.92;Graduate;571;D;data latih;Berjuang secara akademik
MHS2449;1;39;1;9119;1;19;120.0;1;37;37;9;4;98.6;0;0;1;0;1;0;28;0;0;5;10;0;0.0;0;0;5;7;0;0.0;0;12.4;0.5;1.79;Dropout;407;E;data latih;Terhalang biaya
MHS2450;1;7;1;9991;0;3;130.0;1;37;37;9;9;130.0;0;0;0;1;1;0;31;0;9;9;9;9;14.22222222222222;0;5;5;5;5;12.8;0;12.7;3.7;-1.7;Dropout;607;C;data latih;Tidak dipanggil
MHS2451;1;1;1;171;1;1;130.0;1;1;38;5;9;118.1;0;0;1;0;1;0;18;0;0;0;0;0;0.0;0;0;0;0;0;0.0;0;9.4;-0.8;-3.12;Enrolled;459;E;mahasiswa aktif;Menghilang dari kelas
MHS2452;1;39;1;9003;1;1;100.0;1;1;3;9;10;120.0;0;0;1;0;1;0;44;0;2;7;14;4;12.0;2;0;6;16;0;0.0;1;15.5;2.8;-4.06;Dropout;453;E;data uji;Terhalang biaya
MHS2453;1;1;1;9085;1;1;142.0;1;1;1;9;9;127.7;1;0;0;1;1;0;19;0;0;5;9;5;12.6;1;0;5;8;4;12.0;0;12.7;3.7;-1.7;Graduate;631;C;data latih;Tidak dipanggil
MHS2454;1;15;1;171;1;1;130.0;26;1;1;2;9;130.0;0;0;0;1;1;0;21;1;6;12;12;12;15.083333333333334;0;4;11;15;11;13.083333333333334;0;8.9;1.4;3.51;Enrolled;677;B;mahasiswa aktif;Tidak dipanggil
MHS2455;1;18;1;9119;1;1;148.0;1;3;19;3;5;147.7;0;0;0;1;1;1;18;0;0;5;5;0;0.0;0;0;5;5;0;0.0;0;9.4;-0.8;-3.12;Dropout;565;D;data uji;Menghilang dari kelas
MHS2456;1;44;1;9003;1;39;170.0;1;19;19;5;5;170.0;1;0;0;1;1;0;20;0;0;6;8;6;14.5;0;0;6;10;6;15.3;0;16.2;0.3;-0.92;Graduate;683;B;data latih;Tidak dipanggil
MHS2457;1;39;1;9070;1;1;110.0;1;37;37;7;7;110.2;0;0;0;1;1;0;55;0;0;6;6;6;14.5;0;0;6;6;6;13.5;0;11.1;0.6;2.02;Graduate;661;B;data latih;Tidak dipanggil
MHS2458;1;1;1;9147;1;1;166.0;1;19;37;4;8;146.4;0;0;0;1;1;0;27;0;0;5;12;3;10.0;0;0;5;12;1;13.0;0;7.6;2.6;0.32;Enrolled;598;D;mahasiswa aktif;Berjuang secara akademik
MHS2459;1;17;2;9119;1;1;135.0;1;12;19;5;5;121.0;0;0;0;1;1;0;19;0;0;5;0;0;0.0;0;0;5;0;0;0.0;0;12.4;0.5;1.79;Dropout;536;E;data uji;Menghilang dari kelas
MHS2460;1;1;1;9147;1;1;133.0;1;19;37;9;9;129.9;0;0;0;1;1;0;18;0;0;5;5;5;11.6;0;0;5;5;5;13.2;0;12.4;0.5;1.79;Graduate;626;C;data latih;Tidak dipanggil
MHS2461;2;39;1;9773;1;1;133.1;1;37;37;7;4;132.0;0;0;0;1;1;0;43;0;0;6;10;4;11.75;0;0;6;7;0;0.0;0;15.5;2.8;-4.06;Dropout;562;D;data latih;Berjuang secara akademik
MHS2462;1;18;3;9254;1;1;121.0;1;19;19;9;6;125.9;1;0;0;1;1;0;18;0;0;6;0;0;0.0;0;0;6;0;0;0.0;0;13.9;-0.3;0.79;Dropout;554;D;data latih;Menghilang dari kelas
MHS2463;1;1;1;171;1;1;159.0;1;3;3;2;2;165.7;1;0;0;1;1;0;18;0;0;0;0;0;0.0;0;0;0;0;0;0.0;0;9.4;-0.8;-3.12;Dropout;562;D;data latih;Menghilang dari kelas
MHS2464;1;17;5;9254;1;1;130.0;1;37;38;9;9;122.7;1;0;1;1;1;1;20;0;0;6;7;0;0.0;0;0;6;6;0;0.0;0;8.9;1.4;3.51;Dropout;555;D;data latih;Menghilang dari kelas
MHS2465;2;39;1;9991;0;1;121.0;1;37;19;9;9;141.4;0;0;1;0;1;0;29;0;0;5;7;4;11.25;0;0;5;8;4;11.8;0;10.8;1.4;1.74;Dropout;450;E;data latih;Terhalang biaya
MHS2466;1;39;1;9130;1;19;133.1;1;37;37;9;10;156.4;1;0;1;1;1;0;44;0;0;6;9;5;11.571428571428571;0;0;6;11;0;0.0;0;13.9;-0.3;0.79;Dropout;525;E;data uji;Berjuang secara akademik
MHS2467;1;1;1;9119;1;1;146.0;1;37;37;9;9;148.5;1;0;0;1;1;0;18;0;0;5;7;4;10.0;0;0;5;8;1;16.0;0;10.8;1.4;1.74;Enrolled;600;C;mahasiswa aktif;Tidak dipanggil
MHS2468;1;44;1;9003;1;39;140.0;1;37;37;9;1;140.0;0;0;0;1;1;1;20;0;0;6;11;5;13.833333333333334;0;0;6;13;6;12.3;0;15.5;2.8;-4.06;Enrolled;686;B;mahasiswa aktif;Tidak dipanggil
MHS2469;1;43;1;9070;1;1;125.0;1;38;37;8;7;131.7;1;0;0;1;1;0;20;0;3;6;6;4;12.75;0;3;9;12;3;12.666666666666666;0;12.4;0.5;1.79;Dropout;618;C;data latih;Tidak dipanggil
MHS2470;2;39;2;9147;1;1;120.0;1;37;37;9;9;104.7;1;0;0;1;1;0;36;0;0;4;4;0;0.0;0;0;5;9;0;0.0;0;10.8;1.4;1.74;Dropout;524;E;data latih;Berjuang secara akademik
MHS2471;1;44;1;9130;1;39;150.0;1;5;1;2;5;150.0;1;0;0;1;1;0;19;0;1;6;13;5;11.6;0;1;6;12;2;11.0;0;13.9;-0.3;0.79;Enrolled;578;D;mahasiswa aktif;Berjuang secara akademik
MHS2472;2;39;1;9085;1;19;110.0;1;37;37;90;90;110.0;0;0;0;0;1;0;29;0;0;5;5;0;0.0;0;0;5;5;0;0.0;0;12.7;3.7;-1.7;Dropout;452;E;data uji;Terhalang biaya
MHS2473;1;1;1;9670;1;1;120.0;1;1;1;9;9;129.1;1;0;0;1;1;0;18;0;0;6;6;4;11.25;0;0;6;10;3;10.333333333333334;0;10.8;1.4;1.74;Dropout;596;D;data latih;Berjuang secara akademik
MHS2474;1;39;1;9003;1;1;133.1;1;1;1;1;6;120.0;0;0;0;0;1;0;24;0;0;6;0;0;0.0;0;0;6;0;0;0.0;0;13.9;-0.3;0.79;Dropout;448;E;data latih;Menghilang dari kelas
MHS2475;1;1;1;9773;1;1;133.1;1;3;19;2;5;127.0;0;0;0;1;1;0;20;0;0;6;6;6;14.333333333333334;0;0;6;7;6;15.0;0;15.5;2.8;-4.06;Graduate;697;A;data uji;Tidak dipanggil
MHS2476;2;39;1;8014;0;19;133.1;1;19;37;9;9;151.5;0;0;1;0;1;0;45;0;0;6;7;0;0.0;0;0;5;5;0;0.0;0;16.2;0.3;-0.92;Dropout;426;E;data latih;Terhalang biaya
MHS2477;1;43;2;9500;1;1;130.0;1;38;37;4;4;126.8;1;0;0;1;1;1;28;0;18;23;23;20;13.5;3;18;23;23;20;13.5;3;7.6;2.6;0.32;Graduate;702;A;data latih;Tidak dipanggil
MHS2478;1;1;1;9254;1;1;160.0;1;19;38;9;9;140.8;1;0;0;1;1;0;23;0;0;6;8;6;12.666666666666666;0;0;6;10;5;12.2;0;7.6;2.6;0.32;Enrolled;633;C;mahasiswa aktif;Tidak dipanggil
MHS2479;1;1;1;9500;1;1;128.0;1;1;19;4;7;125.6;1;0;0;1;1;0;18;0;0;7;7;7;12.444285714285714;0;0;8;11;7;11.347142857142858;0;12.4;0.5;1.79;Graduate;664;B;data latih;Tidak dipanggil
MHS2480;1;1;2;9147;1;1;140.0;1;19;19;9;4;127.8;1;0;0;1;1;0;23;0;0;5;7;3;10.666666666666666;1;0;5;7;3;11.333333333333334;0;9.4;-0.8;-3.12;Dropout;581;D;data latih;Berjuang secara akademik
MHS2481;1;43;1;171;1;1;120.0;1;3;3;2;2;120.0;1;0;0;1;1;0;22;0;0;0;0;0;0.0;0;0;0;0;0;0.0;0;7.6;2.6;0.32;Enrolled;536;E;mahasiswa aktif;Menghilang dari kelas
MHS2482;1;1;1;9070;1;1;140.0;1;19;19;5;5;131.3;0;0;0;1;1;1;22;0;1;6;6;6;12.666666666666666;0;1;6;6;5;12.4;0;12.4;0.5;1.79;Graduate;667;B;data latih;Tidak dipanggil
MHS2483;1;39;1;9991;0;12;120.0;1;37;38;5;5;155.7;0;0;0;1;1;0;33;0;0;5;5;5;13.2;0;0;5;6;5;14.833333333333334;0;10.8;1.4;1.74;Graduate;600;C;data latih;Tidak dipanggil
MHS2484;1;53;1;9003;1;42;130.0;1;1;38;9;6;128.5;0;0;0;1;1;0;21;0;7;12;20;10;12.7;0;5;12;14;11;12.181818181818182;0;8.9;1.4;3.51;Graduate;665;B;data uji;Tidak dipanggil
MHS2485;2;39;1;9147;1;1;100.0;1;37;37;9;5;170.0;0;0;0;1;1;0;45;0;0;5;6;5;14.833333333333334;0;0;5;5;5;14.8;0;15.5;2.8;-4.06;Graduate;606;C;data latih;Tidak dipanggil
MHS2486;2;39;1;9003;1;1;133.1;1;37;37;9;9;100.0;0;0;0;0;1;0;44;0;4;10;10;4;11.5;0;1;7;8;1;12.0;0;15.5;2.8;-4.06;Dropout;506;E;data uji;Terhalang biaya
MHS2487;4;39;1;9670;1;1;110.0;1;19;19;90;99;107.2;0;0;0;1;1;0;42;0;0;6;0;0;0.0;0;0;6;0;0;0.0;0;12.7;3.7;-1.7;Dropout;526;E;data latih;Menghilang dari kelas
MHS2488;1;18;1;9147;1;1;147.0;1;19;1;9;7;139.3;1;0;0;1;1;0;20;0;0;5;0;0;0.0;0;0;5;0;0;0.0;0;12.4;0.5;1.79;Dropout;548;E;data latih;Menghilang dari kelas
MHS2489;1;17;6;9147;1;1;133.0;1;19;38;5;6;123.2;1;0;0;1;1;0;20;0;0;5;7;3;12.666666666666666;1;0;5;12;2;12.5;0;9.4;-0.8;-3.12;Enrolled;617;C;mahasiswa aktif;Tidak dipanggil
MHS2490;1;1;2;9254;1;1;137.0;1;1;38;2;8;122.3;1;0;0;1;1;1;20;0;0;6;7;6;14.714285714285714;0;0;6;6;6;12.5;0;8.9;1.4;3.51;Graduate;713;A;data latih;Tidak dipanggil
MHS2491;1;17;2;9773;1;1;124.0;1;1;1;4;4;127.9;1;0;0;1;1;0;20;0;0;6;11;3;13.666666666666666;0;0;6;13;4;10.25;0;9.4;-0.8;-3.12;Enrolled;598;D;mahasiswa aktif;Berjuang secara akademik
MHS2492;1;1;2;9147;1;1;128.0;1;1;1;9;6;120.3;0;0;0;1;1;0;19;0;0;5;9;5;10.8;0;0;5;13;2;13.5;0;8.9;1.4;3.51;Enrolled;624;C;mahasiswa aktif;Tidak dipanggil
MHS2493;1;51;1;8014;0;1;120.0;1;1;1;4;4;128.5;0;0;1;0;1;0;26;0;2;8;13;4;10.5;0;5;10;16;7;10.428571428571429;0;12.4;0.5;1.79;Dropout;509;E;data latih;Terhalang biaya
MHS2494;2;39;1;9003;1;1;133.1;1;37;37;8;7;150.0;0;0;0;1;1;0;31;0;0;6;10;6;15.0;0;0;6;11;5;12.5;0;13.9;-0.3;0.79;Graduate;611;C;data latih;Tidak dipanggil
MHS2495;1;1;1;9773;1;1;142.0;1;1;19;9;9;136.1;0;0;1;1;1;1;19;0;0;6;6;6;12.666666666666666;0;0;6;6;6;14.0;0;16.2;0.3;-0.92;Graduate;697;A;data latih;Tidak dipanggil
MHS2496;1;39;1;9773;1;19;100.0;1;37;37;0;0;128.0;1;0;0;1;1;0;28;0;0;6;7;6;13.166666666666666;0;0;6;6;6;13.666666666666666;0;7.6;2.6;0.32;Graduate;659;B;data latih;Tidak dipanggil
MHS2497;1;1;1;171;1;1;149.0;1;19;37;9;9;158.1;1;0;0;1;1;1;20;0;0;0;0;0;0.0;0;0;0;0;0;0.0;0;10.8;1.4;1.74;Graduate;587;D;data latih;Menghilang dari kelas
MHS2498;2;1;2;8014;0;1;110.0;1;37;1;9;10;108.7;1;0;0;1;0;0;43;0;0;6;6;6;13.0;0;0;6;6;6;12.5;0;9.4;-0.8;-3.12;Graduate;674;B;data latih;Tidak dipanggil
MHS2499;1;39;1;171;1;19;133.1;101;1;19;2;7;110.0;0;0;0;1;1;1;25;1;0;0;0;0;0.0;0;0;0;0;0;0.0;0;15.5;2.8;-4.06;Dropout;556;D;data latih;Menghilang dari kelas
MHS2500;1;39;1;9238;1;19;133.1;1;37;37;9;9;120.0;0;1;1;1;0;0;40;0;0;6;13;2;10.0;0;0;6;10;1;15.0;0;16.2;0.3;-0.92;Dropout;564;D;data uji;Berjuang secara akademik
MHS2501;1;44;1;9085;1;39;150.0;6;5;4;1;1;150.0;0;0;0;1;0;0;20;1;2;6;7;6;13.333333333333334;0;1;6;16;5;13.375;0;12.4;0.5;1.79;Graduate;645;C;data latih;Tidak dipanggil
MHS2502;2;39;1;8014;0;12;133.1;1;37;37;9;1;113.0;0;0;0;1;0;0;46;0;0;6;13;3;12.333333333333334;0;0;6;6;6;13.333333333333334;0;11.1;0.6;2.02;Graduate;638;C;data latih;Tidak dipanggil
MHS2503;1;51;1;33;1;1;121.0;1;19;37;5;7;118.6;0;0;0;1;0;0;26;0;14;21;23;20;13.181818181818182;0;10;14;18;14;11.642857142857142;0;8.9;1.4;3.51;Graduate;632;C;data latih;Tidak dipanggil
MHS2504;2;39;1;9500;1;1;133.1;1;3;1;5;5;148.8;0;0;0;1;0;1;34;0;0;7;7;6;12.513333333333334;0;0;8;9;7;13.071428571428571;0;12.4;0.5;1.79;Graduate;688;B;data latih;Tidak dipanggil
MHS2505;1;18;3;9853;1;1;122.0;1;38;37;9;5;120.3;1;0;0;1;0;0;19;0;0;6;0;0;0.0;0;0;6;0;0;0.0;0;10.8;1.4;1.74;Dropout;546;E;data uji;Menghilang dari kelas
MHS2506;1;1;6;9500;1;1;143.0;1;19;19;9;9;127.0;1;0;0;1;0;1;18;0;0;8;8;7;13.585714285714284;0;0;8;8;7;13.585714285714284;0;12.7;3.7;-1.7;Graduate;728;A;data latih;Tidak dipanggil
MHS2507;1;1;1;9556;1;1;123.0;1;19;19;4;9;113.8;1;0;0;1;0;0;18;0;0;7;9;7;11.155555555555557;0;0;8;10;8;11.425;0;12.7;3.7;-1.7;Graduate;644;C;data latih;Tidak dipanggil
MHS2508;1;39;1;8014;0;1;120.0;1;38;37;9;7;108.0;0;0;0;1;1;1;37;0;1;7;9;6;11.857142857142858;0;1;6;7;5;12.0;0;13.9;-0.3;0.79;Graduate;634;C;data latih;Tidak dipanggil
MHS2509;1;17;1;171;1;1;114.0;1;19;38;9;7;129.1;0;0;0;1;1;1;23;0;0;0;0;0;0.0;0;0;0;0;0;0.0;0;9.4;-0.8;-3.12;Graduate;571;D;data latih;Menghilang dari kelas
MHS2510;1;43;1;9070;1;1;114.0;1;19;38;9;7;135.9;0;0;0;1;1;0;26;0;9;14;14;14;14.0;0;7;13;13;13;13.615384615384617;0;15.5;2.8;-4.06;Graduate;670;B;data latih;Tidak dipanggil
MHS2511;1;10;2;9773;1;1;154.4;22;19;38;3;5;154.4;1;0;0;0;0;0;18;1;0;6;8;5;12.0;0;0;6;0;0;0.0;0;10.8;1.4;1.74;Dropout;513;E;data uji;Terhalang biaya
MHS2512;1;15;1;9500;1;1;190.0;108;3;2;122;4;190.0;1;0;0;1;0;0;18;1;0;7;15;4;11.575;0;0;7;10;5;12.419999999999998;0;12.4;0.5;1.79;Enrolled;624;C;mahasiswa aktif;Tidak dipanggil
MHS2513;1;17;4;9500;1;1;136.0;1;3;3;2;2;132.5;1;0;0;1;0;0;19;0;0;7;8;7;13.198571428571428;0;0;8;8;8;13.0625;0;11.1;0.6;2.02;Graduate;690;B;data latih;Tidak dipanggil
MHS2514;1;10;2;9085;1;1;163.3;22;19;1;4;9;163.3;0;0;0;1;0;0;18;1;0;6;10;6;13.5;0;0;6;12;6;12.0;0;12.4;0.5;1.79;Graduate;680;B;data latih;Tidak dipanggil
MHS2515;1;1;1;9670;1;1;126.0;1;1;3;4;3;122.5;1;0;0;1;0;0;19;0;0;6;6;6;13.333333333333334;0;0;6;8;5;12.8;0;8.9;1.4;3.51;Dropout;647;C;data uji;Tidak dipanggil
MHS2516;1;17;4;9119;1;1;122.0;62;1;1;191;171;121.0;1;0;0;1;1;0;20;1;0;5;10;4;14.25;0;0;5;14;1;10.0;0;8.9;1.4;3.51;Enrolled;579;D;mahasiswa aktif;Berjuang secara akademik
MHS2517;1;17;1;9070;1;1;137.0;1;1;1;1;5;131.8;0;0;0;1;0;1;22;0;0;6;7;6;12.166666666666666;0;0;6;9;4;12.0;0;9.4;-0.8;-3.12;Graduate;660;B;data uji;Tidak dipanggil
MHS2518;1;1;3;9500;1;1;139.0;1;19;1;9;5;135.0;1;0;0;1;0;1;18;0;0;8;8;7;12.214285714285714;0;0;8;8;7;12.214285714285714;0;12.7;3.7;-1.7;Graduate;720;A;data latih;Tidak dipanggil
MHS2519;1;17;1;9254;1;1;142.0;1;19;39;5;4;141.7;0;0;0;1;0;1;18;0;0;6;8;6;12.666666666666666;0;0;6;6;6;13.0;0;13.9;-0.3;0.79;Graduate;710;A;data uji;Tidak dipanggil
MHS2520;1;1;3;9773;1;1;133.1;1;38;38;5;5;131.3;1;0;0;1;0;1;18;0;0;6;7;6;12.285714285714286;0;0;6;6;6;13.5;0;8.9;1.4;3.51;Graduate;720;A;data uji;Tidak dipanggil
MHS2521;1;1;6;9254;1;1;126.0;1;38;37;5;7;123.9;1;0;0;1;0;1;18;0;0;6;7;6;13.0;0;0;6;6;6;13.0;0;12.4;0.5;1.79;Graduate;720;A;data latih;Tidak dipanggil
MHS2522;1;1;2;9254;1;1;131.0;1;4;3;7;4;126.1;1;0;0;1;0;0;18;0;0;6;8;6;12.142857142857142;0;0;6;6;6;11.166666666666666;0;8.9;1.4;3.51;Graduate;656;C;data latih;Tidak dipanggil
MHS2523;1;17;6;9500;1;1;131.0;1;1;19;7;7;126.5;1;0;0;1;0;1;19;0;0;7;8;7;13.875714285714285;0;0;8;9;7;13.085714285714284;0;11.1;0.6;2.02;Graduate;721;A;data latih;Tidak dipanggil
MHS2524;1;17;1;9853;1;1;108.0;1;19;1;5;5;107.3;0;0;0;1;0;0;20;0;0;6;0;0;0.0;0;0;6;0;0;0.0;0;15.5;2.8;-4.06;Dropout;546;E;data latih;Menghilang dari kelas
MHS2525;1;17;4;9238;1;1;133.1;1;1;19;9;5;95.0;1;0;0;1;0;1;19;0;0;6;12;6;11.666666666666666;0;0;6;7;0;0.0;0;15.5;2.8;-4.06;Dropout;641;C;data latih;Tidak dipanggil
MHS2526;1;1;2;9085;1;1;122.0;1;3;1;4;7;116.1;1;0;0;1;0;0;18;0;0;6;13;6;13.153846153846152;0;0;6;12;3;11.0;0;15.5;2.8;-4.06;Graduate;625;C;data latih;Tidak dipanggil
MHS2527;1;1;4;9070;1;1;143.0;1;1;1;9;7;134.6;1;0;0;1;0;1;18;0;0;6;6;6;14.5;0;0;6;6;6;12.833333333333334;0;12.4;0.5;1.79;Dropout;727;A;data uji;Tidak dipanggil
MHS2528;1;17;6;9500;1;1;135.0;1;19;19;7;7;128.0;1;0;0;1;0;1;18;0;0;7;7;7;14.44142857142857;0;0;8;8;8;13.65625;0;11.1;0.6;2.02;Graduate;723;A;data latih;Tidak dipanggil
MHS2529;1;17;2;9773;1;1;148.0;1;3;38;2;6;144.2;1;0;0;1;0;0;18;0;0;6;6;6;15.166666666666666;0;0;6;7;6;14.285714285714286;0;12.4;0.5;1.79;Graduate;694;B;data latih;Tidak dipanggil
MHS2530;1;17;1;9147;1;1;134.0;1;19;38;4;8;129.5;0;0;0;1;0;1;18;0;0;5;5;5;11.6;0;0;5;12;4;12.625;0;10.8;1.4;1.74;Graduate;643;C;data uji;Tidak dipanggil
MHS2531;1;17;1;9773;1;1;122.0;1;1;1;4;7;116.8;1;0;1;1;0;0;18;0;0;6;6;6;11.666666666666666;0;0;6;6;6;12.333333333333334;0;16.2;0.3;-0.92;Graduate;646;C;data uji;Tidak dipanggil
MHS2532;1;44;1;9003;1;39;160.0;1;37;38;9;6;160.0;0;0;0;1;0;1;20;0;0;6;8;6;12.625;0;0;6;10;6;13.2;0;16.2;0.3;-0.92;Graduate;702;A;data latih;Tidak dipanggil
MHS2533;1;16;2;9238;1;1;126.0;1;38;37;3;5;127.1;1;0;0;1;0;1;19;0;0;6;14;3;12.666666666666666;0;0;6;7;6;11.0;0;9.4;-0.8;-3.12;Graduate;667;B;data latih;Tidak dipanggil
MHS2534;1;17;1;9130;1;1;138.0;1;2;19;2;6;126.3;1;0;0;1;0;1;18;0;0;6;7;6;12.833333333333334;1;0;6;8;6;13.0;0;8.9;1.4;3.51;Enrolled;705;A;mahasiswa aktif;Tidak dipanggil
MHS2535;1;1;1;9238;1;1;115.0;1;38;38;8;7;112.9;1;0;0;1;0;1;19;0;0;6;7;6;11.857142857142858;0;0;6;8;6;13.142857142857142;0;12.4;0.5;1.79;Graduate;717;A;data latih;Tidak dipanggil
MHS2536;1;17;2;9853;1;1;141.0;1;3;1;1;5;130.2;1;0;0;1;0;0;19;0;0;6;8;5;11.4;1;0;6;7;4;10.75;0;12.7;3.7;-1.7;Enrolled;581;D;mahasiswa aktif;Berjuang secara akademik
MHS2537;1;43;1;9130;1;1;100.0;41;3;4;3;2;100.0;0;0;0;1;0;0;19;1;0;5;10;5;14.857142857142858;2;0;5;7;5;15.142857142857142;0;9.4;-0.8;-3.12;Enrolled;622;C;mahasiswa aktif;Tidak dipanggil
MHS2538;1;1;1;9670;1;1;130.0;1;19;19;7;7;121.6;0;0;0;1;0;0;19;0;0;6;7;6;14.714285714285714;0;0;6;6;6;15.833333333333334;0;12.4;0.5;1.79;Graduate;696;A;data latih;Tidak dipanggil
MHS2539;1;15;1;9670;1;1;130.0;26;42;1;2;7;130.0;0;1;1;1;0;0;20;1;0;6;6;6;13.5;0;0;6;9;5;13.0;0;8.9;1.4;3.51;Graduate;615;C;data latih;Tidak dipanggil
MHS2540;1;18;1;9130;1;1;135.0;1;38;19;9;5;121.7;1;0;0;1;0;1;18;0;0;5;7;4;11.5;0;0;5;5;5;12.4;0;10.8;1.4;1.74;Graduate;635;C;data latih;Tidak dipanggil
MHS2541;1;7;1;9147;1;3;120.0;1;1;39;4;7;120.0;0;0;0;1;0;0;33;0;2;5;9;2;14.0;0;0;5;5;0;0.0;0;12.4;0.5;1.79;Dropout;568;D;data latih;Berjuang secara akademik
MHS2542;1;1;1;9853;1;1;148.0;1;19;19;4;5;143.5;0;0;0;1;0;1;19;0;0;7;8;6;12.833333333333334;0;0;6;6;0;0.0;0;13.9;-0.3;0.79;Dropout;643;C;data latih;Tidak dipanggil
MHS2543;1;17;2;9556;1;1;136.0;1;1;1;9;9;128.3;0;0;0;1;0;1;18;0;0;7;7;7;13.428571428571429;0;0;8;8;8;14.75;0;15.5;2.8;-4.06;Graduate;713;A;data latih;Tidak dipanggil
MHS2544;1;17;1;9070;1;1;108.0;1;19;1;4;3;111.9;0;0;0;1;0;0;19;0;0;6;0;0;0.0;0;0;6;0;0;0.0;0;8.9;1.4;3.51;Dropout;559;D;data latih;Menghilang dari kelas
MHS2545;1;44;1;9003;1;39;140.0;1;38;38;6;3;140.0;0;0;0;1;0;0;19;0;0;6;18;3;11.666666666666666;0;0;6;14;4;11.5;0;15.5;2.8;-4.06;Enrolled;583;D;mahasiswa aktif;Berjuang secara akademik
MHS2546;1;1;3;9773;1;1;153.0;1;3;1;2;8;137.6;1;0;0;1;0;0;18;0;0;6;6;6;16.0;0;0;6;7;6;14.333333333333334;0;12.4;0.5;1.79;Graduate;701;A;data latih;Tidak dipanggil
MHS2547;1;1;1;9238;1;1;135.0;1;19;19;9;5;135.0;1;0;0;1;0;0;20;0;0;6;6;6;13.833333333333334;0;0;6;6;6;11.833333333333334;0;10.8;1.4;1.74;Graduate;693;B;data latih;Tidak dipanggil
MHS2548;1;1;5;9500;1;1;146.0;1;19;37;7;7;133.8;1;0;0;1;0;0;19;0;0;8;9;8;13.2325;1;0;8;9;8;13.2325;1;9.4;-0.8;-3.12;Graduate;697;A;data uji;Tidak dipanggil
MHS2549;1;1;2;9773;1;1;130.0;1;19;19;9;9;126.9;1;0;0;1;1;1;18;0;0;6;6;6;14.0;0;0;6;6;6;14.166666666666666;0;9.4;-0.8;-3.12;Graduate;730;A;data uji;Tidak dipanggil
MHS2550;1;17;2;9254;1;1;113.0;1;1;2;5;3;106.7;1;0;1;1;1;1;19;0;0;6;14;2;10.0;0;0;6;6;0;0.0;0;13.9;-0.3;0.79;Dropout;575;D;data latih;Berjuang secara akademik
MHS2551;1;43;1;8014;0;1;145.7;22;37;37;9;9;145.7;1;0;0;1;0;0;25;1;8;16;16;15;13.333333333333334;0;11;13;13;11;12.272727272727272;0;13.9;-0.3;0.79;Graduate;661;B;data latih;Tidak dipanggil
MHS2552;1;17;3;9070;1;1;145.0;1;3;3;4;4;153.1;1;0;0;1;0;1;20;0;0;6;6;6;12.5;0;0;6;6;6;14.333333333333334;0;12.7;3.7;-1.7;Enrolled;716;A;mahasiswa aktif;Tidak dipanggil
MHS2553;1;1;1;8014;0;1;126.0;1;38;37;5;5;118.7;0;0;0;1;0;0;19;0;0;6;6;6;12.5;0;0;6;6;6;11.5;0;12.7;3.7;-1.7;Graduate;657;B;data latih;Tidak dipanggil
MHS2554;1;17;1;9991;0;1;160.0;1;34;34;0;0;161.8;1;0;1;1;1;0;33;0;0;5;8;2;10.5;0;0;5;5;0;0.0;0;7.6;2.6;0.32;Dropout;542;E;data latih;Terhalang biaya
MHS2555;1;18;4;9119;1;1;134.0;1;19;38;194;175;124.9;1;0;1;1;1;0;18;0;0;5;11;3;10.666666666666666;0;0;5;9;3;11.333333333333334;0;8.9;1.4;3.51;Enrolled;543;E;mahasiswa aktif;Berjuang secara akademik
MHS2556;1;1;1;9119;1;1;163.0;1;19;37;5;8;150.8;1;0;0;1;1;0;18;0;0;5;9;4;10.5;0;0;5;11;2;10.5;3;7.6;2.6;0.32;Enrolled;578;D;mahasiswa aktif;Berjuang secara akademik
MHS2557;1;15;1;9147;1;1;130.0;26;1;1;2;3;130.0;0;0;0;1;0;0;19;1;0;5;10;4;12.0;0;0;5;6;5;11.4;0;11.1;0.6;2.02;Graduate;583;D;data uji;Berjuang secara akademik
MHS2558;1;1;2;171;1;1;165.0;1;3;3;2;2;163.6;1;0;0;1;0;0;18;0;0;0;0;0;0.0;0;0;0;0;0;0.0;0;12.4;0.5;1.79;Enrolled;562;D;mahasiswa aktif;Menghilang dari kelas
MHS2559;1;43;1;9147;1;1;142.0;1;38;19;141;171;115.0;0;0;0;1;0;0;19;0;0;5;11;5;11.5;0;0;5;9;2;10.666666666666666;0;13.9;-0.3;0.79;Enrolled;579;D;mahasiswa aktif;Berjuang secara akademik
MHS2560;1;1;1;9773;1;1;156.0;1;19;1;5;10;136.8;1;0;0;1;0;0;18;0;0;6;6;6;14.0;0;0;6;6;6;13.5;0;11.1;0.6;2.02;Dropout;696;A;data uji;Tidak dipanggil
MHS2561;1;17;5;9853;1;1;141.0;1;3;19;2;7;130.9;1;0;0;1;0;0;18;0;0;6;7;6;13.5;0;0;6;8;5;12.6;0;7.6;2.6;0.32;Graduate;636;C;data latih;Tidak dipanggil
MHS2562;1;1;3;9500;1;1;143.0;1;19;37;7;7;127.0;1;0;0;1;0;0;18;0;0;8;8;8;13.07375;0;0;8;8;8;13.07375;0;9.4;-0.8;-3.12;Graduate;699;A;data latih;Tidak dipanggil
MHS2563;2;39;1;9500;1;19;133.1;1;38;38;2;10;120.0;0;0;0;1;0;0;37;0;0;7;9;2;10.75;0;0;7;9;0;0.0;0;16.2;0.3;-0.92;Dropout;569;D;data latih;Berjuang secara akademik
MHS2564;1;1;1;9238;1;1;133.0;1;38;1;2;4;126.0;0;0;0;1;0;0;20;0;0;6;11;1;12.0;0;0;5;10;0;0.0;0;9.4;-0.8;-3.12;Enrolled;583;D;mahasiswa aktif;Berjuang secara akademik
MHS2565;1;1;1;9254;1;1;172.0;41;37;37;5;5;153.8;1;0;0;1;0;1;20;1;0;6;6;6;14.0;0;0;6;6;6;13.333333333333334;0;10.8;1.4;1.74;Graduate;718;A;data latih;Tidak dipanggil
MHS2566;1;15;1;9238;1;1;140.0;26;19;19;9;6;140.0;0;0;0;1;1;0;21;1;0;6;7;6;12.333333333333334;0;0;6;7;6;13.428571428571429;0;11.1;0.6;2.02;Graduate;684;B;data latih;Tidak dipanggil
MHS2567;1;17;1;9500;1;1;142.0;1;38;1;5;4;136.6;0;0;0;1;0;1;18;0;0;7;7;7;13.464285714285714;0;0;8;9;8;14.788888888888888;0;12.4;0.5;1.79;Graduate;726;A;data latih;Tidak dipanggil
MHS2568;1;39;1;8014;0;1;140.0;1;19;1;9;8;105.0;0;0;0;1;0;0;26;0;0;6;14;3;10.666666666666666;1;0;6;9;5;11.2;0;15.5;2.8;-4.06;Enrolled;564;D;mahasiswa aktif;Berjuang secara akademik
MHS2569;1;39;1;9147;1;12;133.1;1;37;37;9;7;139.4;0;0;1;1;0;0;41;0;0;5;6;5;11.6;0;0;5;8;5;12.2;0;7.6;2.6;0.32;Enrolled;558;D;mahasiswa aktif;Berjuang secara akademik
MHS2570;1;1;2;9773;1;1;148.0;1;19;1;3;9;140.0;1;0;0;1;0;1;18;0;0;6;6;6;13.666666666666666;0;0;6;6;6;14.666666666666666;0;16.2;0.3;-0.92;Graduate;728;A;data latih;Tidak dipanggil
MHS2571;1;1;4;9500;1;1;137.0;1;19;37;9;7;130.8;0;0;1;1;0;0;18;0;0;8;9;8;14.4025;1;0;8;9;8;14.4025;1;9.4;-0.8;-3.12;Graduate;680;B;data latih;Tidak dipanggil
MHS2572;1;1;1;9500;1;1;143.0;1;38;38;9;9;138.8;1;0;0;1;0;0;31;0;0;7;9;7;15.46875;0;0;8;8;8;16.3875;0;11.1;0.6;2.02;Graduate;691;B;data latih;Tidak dipanggil
MHS2573;1;1;1;9238;1;1;133.1;1;1;1;4;10;110.0;0;0;1;1;0;0;23;0;0;6;8;6;12.625;0;0;6;6;6;14.166666666666666;0;12.7;3.7;-1.7;Graduate;663;B;data latih;Tidak dipanggil
MHS2574;1;1;4;9500;1;1;138.0;1;37;19;9;9;127.8;1;0;0;1;0;0;19;0;0;7;7;6;14.983333333333334;0;0;7;7;6;14.983333333333334;0;7.6;2.6;0.32;Graduate;706;A;data latih;Tidak dipanggil
MHS2575;1;16;3;9773;1;1;138.0;1;37;38;4;9;134.2;1;0;0;1;0;1;20;0;0;6;6;6;15.0;0;0;6;6;6;13.0;0;11.1;0.6;2.02;Graduate;712;A;data uji;Tidak dipanggil
MHS2576;2;39;1;8014;0;1;150.0;1;37;37;7;5;143.0;0;0;0;1;0;0;40;0;5;9;9;9;15.88888888888889;0;3;7;7;7;14.142857142857142;0;12.7;3.7;-1.7;Graduate;662;B;data latih;Tidak dipanggil
MHS2577;1;44;1;9085;1;39;120.0;1;37;37;9;9;120.0;1;0;1;1;0;0;32;0;0;6;14;4;11.5;0;0;6;14;3;11.0;0;16.2;0.3;-0.92;Dropout;550;D;data latih;Berjuang secara akademik
MHS2578;1;1;4;9254;1;1;110.0;1;37;37;9;7;113.2;1;0;0;1;0;0;24;0;0;6;14;2;10.5;0;0;6;11;1;10.0;0;10.8;1.4;1.74;Dropout;583;D;data latih;Berjuang secara akademik
MHS2579;1;17;4;9500;1;1;146.0;1;19;37;5;8;135.8;1;0;0;1;0;0;18;0;0;7;7;6;13.983333333333334;0;0;7;7;6;13.983333333333334;0;7.6;2.6;0.32;Graduate;701;A;data latih;Tidak dipanggil
MHS2580;1;1;1;9238;1;1;148.0;1;37;37;9;9;143.5;0;0;0;1;0;0;18;0;0;6;6;6;13.0;0;0;6;6;6;12.833333333333334;0;10.8;1.4;1.74;Graduate;700;A;data latih;Tidak dipanggil
MHS2581;1;1;1;9238;1;1;145.0;1;19;37;4;7;148.9;1;0;0;1;0;1;18;0;0;6;6;6;13.666666666666666;0;0;6;6;6;13.0;0;10.8;1.4;1.74;Graduate;729;A;data latih;Tidak dipanggil
MHS2582;1;39;1;9003;1;1;133.1;1;38;38;4;7;115.6;1;0;0;0;0;0;27;0;0;6;8;0;0.0;0;0;6;8;0;0.0;0;15.5;2.8;-4.06;Dropout;448;E;data latih;Terhalang biaya
MHS2583;1;1;1;9147;1;1;160.0;1;38;37;9;5;159.3;0;0;0;1;0;0;18;0;0;5;5;5;14.4;0;0;5;5;5;15.4;0;7.6;2.6;0.32;Graduate;643;C;data latih;Tidak dipanggil
MHS2584;1;39;1;9991;0;1;150.0;1;19;37;9;8;138.5;0;0;0;1;0;0;26;0;0;5;10;4;12.0;0;0;5;9;4;11.25;0;12.7;3.7;-1.7;Enrolled;555;D;mahasiswa aktif;Berjuang secara akademik
MHS2585;1;1;1;9853;1;1;130.0;1;19;12;9;4;133.2;1;0;0;1;0;0;19;0;0;6;6;6;14.166666666666666;0;0;6;7;6;13.666666666666666;0;7.6;2.6;0.32;Graduate;685;B;data latih;Tidak dipanggil
MHS2586;1;17;2;8014;0;1;120.0;1;37;34;0;0;117.6;1;0;0;1;0;0;19;0;0;6;8;5;12.2;0;0;6;7;6;12.0;0;7.6;2.6;0.32;Graduate;661;B;data latih;Tidak dipanggil
MHS2587;1;18;2;9147;1;1;115.0;1;1;37;5;5;108.7;1;0;0;1;0;0;21;0;0;5;8;3;12.0;1;0;5;9;3;12.666666666666666;0;9.4;-0.8;-3.12;Enrolled;608;C;mahasiswa aktif;Tidak dipanggil
MHS2588;1;1;4;9147;1;1;133.1;1;1;19;4;6;106.0;1;0;0;1;0;0;24;0;0;5;11;2;10.5;0;0;5;14;1;11.0;0;12.7;3.7;-1.7;Enrolled;581;D;mahasiswa aktif;Berjuang secara akademik
MHS2589;1;17;1;9853;1;1;120.0;1;37;37;9;10;122.6;0;0;0;1;0;0;20;0;0;6;8;3;12.333333333333334;0;0;6;11;2;10.5;0;12.7;3.7;-1.7;Dropout;586;D;data latih;Berjuang secara akademik
MHS2590;1;1;4;9853;1;1;134.0;1;19;1;5;9;127.4;1;0;0;1;0;0;18;0;0;6;7;5;12.2;0;0;6;7;5;12.2;0;10.8;1.4;1.74;Enrolled;624;C;mahasiswa aktif;Tidak dipanggil
MHS2591;1;39;1;9003;1;1;133.1;1;19;19;9;9;100.0;0;0;0;1;0;0;30;0;0;6;6;0;0.0;0;0;6;6;0;0.0;0;11.1;0.6;2.02;Dropout;523;E;data uji;Menghilang dari kelas
MHS2592;1;1;1;9853;1;1;133.1;1;19;37;9;9;95.0;1;0;1;0;0;0;22;0;0;7;10;6;11.5;0;0;7;8;6;13.166666666666666;0;11.1;0.6;2.02;Enrolled;559;D;mahasiswa aktif;Terhalang biaya
MHS2593;1;7;1;9147;1;3;130.0;1;37;19;9;8;130.0;0;0;0;1;0;0;21;0;4;9;9;9;10.88888888888889;0;3;10;18;10;11.615384615384617;0;10.8;1.4;1.74;Graduate;618;C;data latih;Tidak dipanggil
MHS2594;1;39;1;9556;1;1;120.0;1;19;19;4;5;122.8;0;0;0;1;0;0;26;0;0;7;12;6;12.166666666666666;0;0;8;8;8;11.675;0;13.9;-0.3;0.79;Dropout;616;C;data latih;Tidak dipanggil
MHS2595;1;17;1;9147;1;1;115.0;1;19;19;7;7;115.0;1;0;0;1;0;0;23;0;0;5;7;2;10.0;1;0;5;9;1;12.0;0;9.4;-0.8;-3.12;Enrolled;586;D;mahasiswa aktif;Berjuang secara akademik
MHS2596;1;17;1;9070;1;1;135.0;1;19;37;5;9;145.9;0;0;0;1;0;1;18;0;0;6;6;6;12.666666666666666;0;0;6;6;6;12.166666666666666;0;16.2;0.3;-0.92;Graduate;710;A;data latih;Tidak dipanggil
MHS2597;1;1;1;9070;1;1;133.1;1;1;37;5;9;143.0;1;0;1;1;0;0;21;0;0;6;9;5;11.4;0;0;6;8;5;12.2;0;12.7;3.7;-1.7;Dropout;598;D;data latih;Berjuang secara akademik
MHS2598;1;43;1;171;1;1;145.0;1;19;38;9;9;100.0;0;0;0;1;0;1;18;0;0;0;0;0;0.0;0;0;0;0;0;0.0;0;13.9;-0.3;0.79;Dropout;578;D;data latih;Menghilang dari kelas
MHS2599;1;17;3;9085;1;1;130.0;1;19;37;5;5;121.3;1;0;0;1;0;0;21;0;0;5;14;2;13.0;2;0;5;8;4;12.0;1;9.4;-0.8;-3.12;Enrolled;625;C;mahasiswa aktif;Tidak dipanggil
MHS2600;1;17;3;9853;1;1;118.0;1;38;38;7;7;121.2;1;0;0;1;0;0;18;0;0;6;8;5;13.4;0;0;6;7;5;12.0;0;7.6;2.6;0.32;Enrolled;620;C;mahasiswa aktif;Tidak dipanggil
MHS2601;1;17;3;9853;1;1;138.0;1;37;37;5;9;125.1;1;1;0;1;0;1;19;0;0;6;6;6;13.5;0;0;6;8;5;12.8;0;12.7;3.7;-1.7;Dropout;663;B;data latih;Tidak dipanggil
MHS2602;1;17;1;9254;1;1;122.0;1;1;1;4;9;112.9;1;0;0;1;0;0;22;0;0;6;14;4;12.25;0;0;6;11;3;11.333333333333334;0;7.6;2.6;0.32;Enrolled;583;D;mahasiswa aktif;Berjuang secara akademik
MHS2603;1;1;3;9238;1;1;126.0;1;38;19;5;8;120.8;1;0;0;1;0;0;19;0;0;6;7;6;12.285714285714286;0;0;6;7;6;12.833333333333334;0;12.4;0.5;1.79;Graduate;695;A;data uji;Tidak dipanggil
MHS2604;1;1;5;9085;1;1;121.0;1;38;37;9;8;114.0;1;0;0;0;0;0;19;0;0;5;12;0;0.0;4;0;5;8;0;0.0;1;9.4;-0.8;-3.12;Dropout;487;E;data latih;Terhalang biaya
MHS2605;1;17;1;9238;1;1;152.0;1;37;37;7;5;132.1;1;0;0;1;0;0;19;0;0;6;10;2;10.5;0;0;6;11;1;13.0;0;9.4;-0.8;-3.12;Dropout;628;C;data latih;Tidak dipanggil
MHS2606;2;44;1;9085;1;39;160.0;1;37;37;192;192;160.0;0;0;0;1;0;0;27;0;0;5;12;3;14.0;2;0;5;8;5;12.0;1;9.4;-0.8;-3.12;Graduate;617;C;data latih;Tidak dipanggil
MHS2607;1;10;1;9085;1;1;134.0;1;37;37;5;5;134.0;1;0;0;1;0;0;22;0;2;5;7;5;14.2;0;0;5;10;5;12.2;0;12.7;3.7;-1.7;Graduate;616;C;data uji;Tidak dipanggil
MHS2608;1;1;1;9773;1;1;128.0;1;37;1;9;7;124.2;1;0;0;1;0;0;18;0;0;6;8;5;13.0;0;0;6;7;6;13.142857142857142;0;15.5;2.8;-4.06;Dropout;678;B;data latih;Tidak dipanggil
MHS2609;1;17;4;9254;1;1;125.0;1;38;38;5;5;115.6;1;0;0;1;0;0;20;0;0;6;6;6;11.0;0;0;6;8;4;12.75;0;9.4;-0.8;-3.12;Graduate;628;C;data latih;Tidak dipanggil
MHS2610;2;43;1;9991;0;1;130.0;1;37;37;9;9;128.2;0;0;0;1;0;0;34;0;3;8;9;3;11.0;0;2;7;7;2;10.0;0;9.4;-0.8;-3.12;Dropout;562;D;data latih;Berjuang secara akademik
MHS2611;1;17;2;9500;1;1;138.0;1;1;38;5;8;132.8;1;0;0;1;0;0;18;0;0;7;9;6;12.385714285714286;0;0;8;9;8;13.755555555555556;0;13.9;-0.3;0.79;Graduate;689;B;data latih;Tidak dipanggil
MHS2612;1;17;2;9773;1;1;121.0;1;1;1;5;5;123.1;1;0;0;1;1;0;20;0;0;6;12;4;14.75;0;0;6;7;4;12.25;0;9.4;-0.8;-3.12;Graduate;627;C;data latih;Tidak dipanggil
MHS2613;1;1;1;9130;1;1;134.0;41;1;19;5;5;125.6;1;0;0;1;0;0;20;1;0;5;6;5;16.166666666666668;0;0;5;6;5;15.833333333333334;0;12.7;3.7;-1.7;Graduate;633;C;data uji;Tidak dipanggil
MHS2614;1;39;1;9991;0;1;130.0;1;1;38;4;9;115.0;0;0;0;1;1;0;25;0;0;5;7;0;0.0;0;0;5;8;0;0.0;0;16.2;0.3;-0.92;Dropout;522;E;data latih;Berjuang secara akademik
MHS2615;1;1;4;9119;1;1;126.0;1;3;19;2;9;123.6;1;0;0;1;1;0;18;0;0;5;6;5;12.4;0;0;5;9;3;13.0;0;8.9;1.4;3.51;Dropout;617;C;data latih;Tidak dipanggil
MHS2616;1;1;1;9130;1;1;148.0;1;1;1;9;9;141.7;0;0;0;0;1;0;18;0;0;6;8;5;11.6;0;0;6;11;4;13.0;0;8.9;1.4;3.51;Dropout;543;E;data uji;Terhalang biaya
MHS2617;1;17;1;9853;1;1;160.0;1;19;38;5;7;139.0;1;0;0;1;0;1;18;0;0;6;8;5;12.2;0;0;6;13;0;0.0;0;9.4;-0.8;-3.12;Dropout;619;C;data latih;Tidak dipanggil
MHS2618;1;17;1;9254;1;1;118.0;1;1;19;5;4;118.0;0;0;0;1;0;1;19;0;0;6;7;5;11.0;0;0;6;7;5;12.8;0;12.4;0.5;1.79;Graduate;643;C;data latih;Tidak dipanggil
MHS2619;1;17;2;9853;1;1;150.0;1;38;19;5;5;142.0;1;0;0;1;0;1;19;0;0;6;8;6;12.333333333333334;0;0;6;7;5;12.4;0;10.8;1.4;1.74;Dropout;660;B;data uji;Tidak dipanggil
MHS2620;1;44;1;9238;1;1;140.0;1;1;1;5;5;143.4;0;0;0;1;0;1;21;0;3;6;6;6;14.833333333333334;0;2;6;7;6;12.571428571428571;0;13.9;-0.3;0.79;Graduate;714;A;data latih;Tidak dipanggil
MHS2621;1;42;1;9070;1;1;100.0;1;3;2;2;2;115.9;0;0;0;1;0;0;29;0;9;10;15;9;11.555555555555555;0;7;11;17;10;11.9;0;9.4;-0.8;-3.12;Enrolled;655;C;mahasiswa aktif;Tidak dipanggil
MHS2622;1;1;1;9070;1;1;110.0;1;1;37;9;9;105.1;1;0;0;1;0;1;20;0;0;6;6;6;12.0;0;0;6;6;6;11.833333333333334;0;12.4;0.5;1.79;Graduate;706;A;data latih;Tidak dipanggil
MHS2623;1;51;1;8014;0;42;140.0;1;19;37;134;193;138.0;1;0;1;1;0;1;21;0;13;13;13;11;12.727272727272728;0;9;11;11;10;12.6;0;8.9;1.4;3.51;Graduate;674;B;data latih;Tidak dipanggil
MHS2624;1;43;1;9991;0;1;133.1;41;37;37;9;8;114.7;0;0;0;1;0;0;34;1;2;2;2;2;10.5;0;1;1;1;1;11.0;0;10.8;1.4;1.74;Dropout;562;D;data latih;Berjuang secara akademik
MHS2625;1;1;4;9773;1;1;140.0;22;1;37;3;9;130.5;1;0;0;1;0;0;20;1;0;6;6;6;12.333333333333334;0;0;6;6;6;12.0;0;12.7;3.7;-1.7;Graduate;682;B;data latih;Tidak dipanggil
MHS2626;1;39;1;9991;0;1;110.0;1;37;37;9;9;134.3;0;0;0;1;1;0;24;0;0;5;10;0;0.0;0;0;5;7;1;12.0;0;10.8;1.4;1.74;Dropout;549;E;data uji;Berjuang secara akademik
MHS2627;1;1;1;9500;1;1;148.0;1;1;1;4;3;137.5;0;0;0;1;1;0;18;0;0;7;7;7;14.842857142857143;0;0;8;9;8;14.38888888888889;0;16.2;0.3;-0.92;Graduate;706;A;data latih;Tidak dipanggil
MHS2628;1;1;1;9500;1;1;137.0;1;1;19;4;4;125.3;0;0;0;1;1;0;19;0;0;7;7;7;12.2;0;0;7;7;7;12.2;0;7.6;2.6;0.32;Enrolled;689;B;mahasiswa aktif;Tidak dipanggil
MHS2629;1;1;1;9147;1;1;120.0;1;1;19;7;7;111.3;0;0;0;1;1;1;18;0;0;5;10;4;10.8;0;0;5;10;4;11.75;0;15.5;2.8;-4.06;Enrolled;623;C;mahasiswa aktif;Tidak dipanggil
MHS2630;1;39;9;9991;0;1;120.0;1;38;38;9;5;144.8;0;0;0;1;1;0;28;0;0;5;7;4;12.75;0;0;5;7;5;14.333333333333334;0;10.8;1.4;1.74;Enrolled;599;C;mahasiswa aktif;Tidak dipanggil
MHS2631;1;39;1;9991;0;1;130.0;1;1;1;9;7;152.1;0;0;0;1;1;0;28;0;0;5;13;2;11.0;0;0;5;12;1;12.0;0;11.1;0.6;2.02;Dropout;582;D;data latih;Berjuang secara akademik
MHS2632;1;17;1;9254;1;1;132.0;1;38;38;0;5;126.1;0;0;0;1;1;0;20;0;0;6;9;4;10.75;0;0;6;12;0;0.0;0;7.6;2.6;0.32;Dropout;585;D;data latih;Berjuang secara akademik
MHS2633;1;43;1;9500;1;1;130.0;1;1;1;7;4;136.0;1;0;0;1;1;0;22;0;0;8;9;8;12.55375;1;0;8;9;8;12.55375;1;9.4;-0.8;-3.12;Graduate;665;B;data latih;Tidak dipanggil
MHS2634;1;1;4;9500;1;1;128.0;1;19;1;4;4;124.3;1;0;0;1;1;0;19;0;0;8;8;7;12.665714285714284;0;0;8;8;7;12.665714285714284;0;10.8;1.4;1.74;Graduate;689;B;data uji;Tidak dipanggil
MHS2635;1;1;1;9670;1;1;132.0;1;1;19;7;5;129.9;1;0;0;1;1;0;20;0;0;6;10;6;12.714285714285714;0;0;6;8;4;13.0;0;12.4;0.5;1.79;Enrolled;647;C;mahasiswa aktif;Tidak dipanggil
MHS2636;1;39;2;9556;1;1;133.1;1;3;1;2;4;136.1;0;0;0;1;1;0;26;0;0;7;7;2;11.75;0;0;5;10;0;0.0;0;12.4;0.5;1.79;Dropout;558;D;data latih;Berjuang secara akademik
MHS2637;1;1;2;9254;1;1;120.0;1;37;37;9;9;115.1;1;0;0;0;1;0;21;0;0;6;11;3;11.0;0;0;6;14;0;0.0;0;9.4;-0.8;-3.12;Dropout;515;E;data uji;Terhalang biaya
MHS2638;1;16;2;171;1;1;145.0;1;3;3;2;2;143.6;1;0;0;1;1;0;18;0;0;0;0;0;0.0;0;0;0;0;0;0.0;0;12.4;0.5;1.79;Graduate;553;D;data latih;Menghilang dari kelas
MHS2639;1;17;1;9147;1;1;127.0;1;37;38;9;7;115.8;1;0;0;1;1;0;18;0;0;5;5;5;13.4;0;0;5;6;5;12.2;0;11.1;0.6;2.02;Graduate;624;C;data latih;Tidak dipanggil
MHS2640;1;1;2;171;1;1;135.0;1;19;19;4;7;149.0;1;0;0;1;1;0;22;0;14;17;21;17;12.578947368421051;0;15;17;20;17;12.117647058823527;0;11.1;0.6;2.02;Graduate;667;B;data latih;Tidak dipanggil
MHS2641;2;39;1;9119;1;19;133.1;1;37;37;9;9;100.0;0;0;0;1;1;0;36;0;0;5;0;0;0.0;0;0;5;0;0;0.0;0;16.2;0.3;-0.92;Dropout;508;E;data latih;Menghilang dari kelas
MHS2642;1;1;1;9773;1;1;125.0;1;38;38;9;9;133.4;1;0;0;1;1;1;20;0;0;6;8;6;12.0;0;0;6;8;6;11.5;0;13.9;-0.3;0.79;Graduate;677;B;data latih;Tidak dipanggil
MHS2643;1;17;5;9670;1;1;127.0;1;3;4;2;2;122.8;0;0;0;1;1;0;20;0;0;6;6;3;12.333333333333334;0;0;6;9;0;0.0;0;10.8;1.4;1.74;Dropout;592;D;data latih;Berjuang secara akademik
MHS2644;1;39;1;9991;0;1;133.1;1;37;1;5;4;151.2;0;0;0;1;1;0;25;0;0;5;11;4;11.5;0;0;5;11;3;13.5;0;12.4;0.5;1.79;Dropout;587;D;data latih;Berjuang secara akademik
MHS2645;1;39;1;9003;1;1;150.0;1;37;19;6;4;137.0;0;0;0;1;1;0;35;0;1;6;7;5;12.8;0;1;6;11;5;13.833333333333334;0;15.5;2.8;-4.06;Graduate;600;C;data latih;Tidak dipanggil
MHS2646;1;1;1;171;1;1;133.1;1;1;37;7;7;118.0;0;0;0;1;1;0;22;0;0;0;0;0;0.0;0;0;0;0;0;0.0;0;11.1;0.6;2.02;Dropout;549;E;data uji;Menghilang dari kelas
MHS2647;1;43;1;9070;1;1;150.0;1;3;39;3;7;126.4;0;0;0;1;1;0;26;0;5;7;8;7;13.285714285714286;0;3;8;11;7;12.142857142857142;0;12.4;0.5;1.79;Enrolled;663;B;mahasiswa aktif;Tidak dipanggil
MHS2648;1;44;1;9003;1;39;130.0;1;38;38;9;5;130.0;0;0;1;0;1;0;20;0;0;6;16;4;11.8;0;0;6;15;2;12.0;0;16.2;0.3;-0.92;Dropout;505;E;data latih;Terhalang biaya
MHS2649;1;43;1;8014;0;12;133.1;1;37;1;9;10;112.5;0;0;0;1;1;0;50;0;6;13;13;6;11.333333333333334;0;2;11;11;2;13.5;0;16.2;0.3;-0.92;Dropout;619;C;data latih;Tidak dipanggil
MHS2650;1;1;1;9500;1;1;125.0;1;19;38;9;8;118.3;0;0;0;1;1;0;20;0;0;8;12;5;12.002;1;0;8;12;5;12.002;1;10.8;1.4;1.74;Dropout;636;C;data latih;Tidak dipanggil
MHS2651;1;1;1;9500;1;1;127.0;1;3;1;2;8;121.4;0;0;0;1;1;0;20;0;0;7;10;5;13.976666666666668;0;0;8;9;8;13.22222222222222;0;12.4;0.5;1.79;Enrolled;681;B;mahasiswa aktif;Tidak dipanggil
MHS2652;1;7;1;9003;1;3;140.0;1;3;19;2;10;140.0;0;0;0;0;1;0;35;0;0;6;10;5;15.2;0;1;6;9;1;11.0;0;15.5;2.8;-4.06;Dropout;490;E;data latih;Terhalang biaya
MHS2653;1;1;1;9670;1;1;110.0;1;3;19;4;5;109.0;0;0;0;1;1;1;19;0;0;6;7;6;13.142857142857142;0;0;6;8;6;14.166666666666666;0;15.5;2.8;-4.06;Graduate;723;A;data latih;Tidak dipanggil
MHS2654;2;39;2;9147;1;1;133.1;1;37;37;5;7;110.0;0;0;0;1;1;0;43;0;0;5;14;0;0.0;1;0;5;5;0;0.0;0;9.4;-0.8;-3.12;Dropout;524;E;data latih;Berjuang secara akademik
MHS2655;1;17;5;9500;1;1;124.0;1;3;38;2;1;119.8;0;0;0;1;1;0;19;0;0;8;11;7;13.867142857142856;0;0;8;11;7;13.867142857142856;0;10.8;1.4;1.74;Graduate;697;A;data uji;Tidak dipanggil
MHS2656;1;39;1;9500;1;1;114.0;1;37;37;9;9;130.0;0;0;0;1;1;0;25;0;0;8;11;6;12.675;0;0;8;11;6;12.675;0;12.7;3.7;-1.7;Graduate;658;B;data latih;Tidak dipanggil
MHS2657;1;16;1;171;1;1;155.0;1;1;3;5;10;167.3;1;0;0;1;1;0;19;0;0;0;0;0;0.0;0;0;0;0;0;0.0;0;13.9;-0.3;0.79;Graduate;551;D;data latih;Menghilang dari kelas
MHS2658;1;17;2;9853;1;1;114.0;1;1;19;9;9;111.9;1;0;0;1;1;1;20;0;0;6;6;6;12.0;0;0;6;7;6;12.5;0;7.6;2.6;0.32;Enrolled;688;B;mahasiswa aktif;Tidak dipanggil
MHS2659;1;1;1;171;1;1;133.1;1;38;37;5;5;136.0;1;0;0;1;1;0;22;0;0;0;0;0;0.0;0;0;0;0;0;0.0;0;12.7;3.7;-1.7;Dropout;549;E;data latih;Menghilang dari kelas
MHS2660;1;1;1;9254;1;1;125.0;1;37;37;3;3;124.0;0;0;0;1;1;1;19;0;0;6;7;6;11.0;0;0;6;6;5;12.2;0;11.1;0.6;2.02;Dropout;666;B;data uji;Tidak dipanggil
MHS2661;2;39;1;9991;0;1;120.0;1;19;37;3;9;132.9;0;0;0;1;1;0;32;0;0;5;11;4;10.75;0;0;5;11;4;11.333333333333334;0;13.9;-0.3;0.79;Dropout;553;D;data latih;Berjuang secara akademik
MHS2662;2;39;1;9773;1;38;100.0;1;37;37;9;7;154.0;1;0;0;1;1;0;57;0;0;6;7;5;14.2;0;0;6;6;6;14.166666666666666;0;9.4;-0.8;-3.12;Graduate;648;C;data uji;Tidak dipanggil
MHS2663;1;1;1;9500;1;1;133.1;1;1;19;3;5;115.0;0;0;0;0;1;0;20;0;0;7;11;4;12.6;0;0;7;7;4;11.575;0;16.2;0.3;-0.92;Dropout;532;E;data latih;Terhalang biaya
MHS2664;1;39;1;9991;0;1;120.0;1;1;1;5;5;96.0;1;0;0;0;1;0;38;0;0;5;5;0;0.0;0;0;5;5;0;0.0;0;8.9;1.4;3.51;Dropout;443;E;data latih;Terhalang biaya
MHS2665;2;39;1;9991;0;1;120.0;1;37;3;9;3;168.2;0;0;0;1;1;0;45;0;0;5;6;5;14.0;0;0;5;6;5;14.166666666666666;0;12.4;0.5;1.79;Graduate;602;C;data latih;Tidak dipanggil
MHS2666;2;39;1;9773;1;1;110.0;1;37;37;9;10;140.0;0;0;1;0;1;0;43;0;0;6;16;2;10.0;0;0;6;12;4;12.25;0;10.8;1.4;1.74;Dropout;471;E;data latih;Terhalang biaya
MHS2667;1;17;4;9070;1;1;144.0;1;38;1;9;9;137.4;1;0;0;1;1;0;19;0;0;6;6;6;13.833333333333334;0;0;6;8;6;13.125;0;10.8;1.4;1.74;Graduate;689;B;data latih;Tidak dipanggil
MHS2668;2;39;1;9991;0;19;133.1;1;19;19;4;4;150.0;0;0;0;0;1;0;49;0;0;5;8;2;11.0;0;0;5;5;1;11.0;0;15.5;2.8;-4.06;Dropout;476;E;data latih;Terhalang biaya
MHS2669;2;39;1;9500;1;19;133.1;1;37;38;9;7;100.5;1;0;0;1;1;0;43;0;0;8;8;7;11.635714285714286;0;0;8;8;7;11.635714285714286;0;10.8;1.4;1.74;Enrolled;620;C;mahasiswa aktif;Tidak dipanggil
MHS2670;1;39;1;8014;0;1;133.1;1;37;38;9;9;148.5;0;0;0;1;1;0;34;0;0;6;6;4;12.25;0;0;5;5;0;0.0;0;11.1;0.6;2.02;Dropout;569;D;data latih;Berjuang secara akademik
MHS2671;1;17;5;9119;1;1;138.0;1;19;19;5;5;123.3;1;0;1;1;1;0;18;0;0;5;9;4;12.5;0;0;5;11;5;11.285714285714286;0;12.4;0.5;1.79;Enrolled;552;D;mahasiswa aktif;Berjuang secara akademik
MHS2672;2;39;1;9991;0;1;120.0;1;38;38;1;4;138.7;0;0;0;1;1;0;43;0;0;5;5;5;13.8;0;0;5;6;5;13.666666666666666;0;10.8;1.4;1.74;Graduate;597;D;data latih;Berjuang secara akademik
MHS2673;1;1;2;9254;1;1;120.0;1;19;1;9;8;117.2;0;0;0;1;1;0;21;0;0;6;8;3;12.0;0;0;6;9;1;11.0;0;15.5;2.8;-4.06;Dropout;592;D;data latih;Berjuang secara akademik
MHS2674;2;39;1;9991;0;1;160.0;1;34;34;99;99;114.3;0;0;0;1;1;0;40;0;0;5;9;3;11.0;0;0;5;8;4;12.5;1;7.6;2.6;0.32;Enrolled;580;D;mahasiswa aktif;Berjuang secara akademik
MHS2675;1;17;1;9670;1;1;134.0;1;19;37;5;5;125.3;1;0;0;1;1;1;19;0;0;6;7;4;13.75;0;0;6;10;6;11.555555555555555;0;10.8;1.4;1.74;Graduate;665;B;data latih;Tidak dipanggil
MHS2676;1;1;1;9254;1;1;133.1;1;37;37;1;1;97.0;0;0;0;1;1;0;27;0;0;6;6;6;10.666666666666666;0;0;6;8;4;11.25;0;10.8;1.4;1.74;Enrolled;599;C;mahasiswa aktif;Tidak dipanggil
MHS2677;2;42;1;9556;1;1;110.0;1;37;37;9;6;140.0;0;0;0;1;1;0;43;0;0;7;7;0;0.0;0;0;8;13;2;13.15;0;16.2;0.3;-0.92;Dropout;568;D;data latih;Berjuang secara akademik
MHS2678;1;43;1;9991;0;1;130.0;1;37;37;9;9;124.0;0;0;0;1;1;0;31;0;1;5;6;5;13.833333333333334;0;0;5;7;5;15.4;0;9.4;-0.8;-3.12;Graduate;611;C;data latih;Tidak dipanggil
MHS2679;1;44;1;9003;1;39;140.0;1;38;1;134;134;140.0;1;0;1;1;1;0;26;0;0;6;6;0;0.0;0;0;6;7;0;0.0;0;8.9;1.4;3.51;Enrolled;513;E;mahasiswa aktif;Menghilang dari kelas
MHS2680;1;39;1;9991;0;1;150.0;1;37;38;175;103;127.0;0;0;0;1;1;0;34;0;0;5;5;5;15.8;0;0;5;5;5;16.8;0;8.9;1.4;3.51;Graduate;602;C;data latih;Tidak dipanggil
MHS2681;4;43;1;9500;1;19;100.0;1;34;34;0;0;110.0;0;0;0;1;1;0;30;0;11;14;26;12;12.52608695652174;1;11;14;26;12;12.52608695652174;1;7.6;2.6;0.32;Graduate;663;B;data latih;Tidak dipanggil
MHS2682;2;39;1;9500;1;19;133.1;1;38;38;7;8;170.0;0;0;0;1;1;0;36;0;0;7;9;6;12.783333333333331;0;0;8;11;0;0.0;0;16.2;0.3;-0.92;Dropout;592;D;data latih;Berjuang secara akademik
MHS2683;1;7;1;9991;0;3;120.0;1;37;37;6;7;120.0;0;0;1;0;1;0;46;0;0;5;5;0;0.0;0;0;5;5;1;10.0;0;11.1;0.6;2.02;Dropout;416;E;data latih;Terhalang biaya
MHS2684;1;17;1;9085;1;1;133.1;1;1;19;5;9;130.0;0;0;0;1;1;0;22;0;0;5;8;3;13.0;0;0;5;8;3;10.666666666666666;0;7.6;2.6;0.32;Graduate;589;D;data latih;Berjuang secara akademik
MHS2685;1;7;1;9003;1;3;130.0;1;1;19;5;9;130.0;0;0;0;1;1;0;27;0;0;6;8;0;0.0;0;0;6;10;0;0.0;0;16.2;0.3;-0.92;Dropout;524;E;data latih;Berjuang secara akademik
MHS2686;1;1;2;9119;1;1;126.0;1;1;38;141;192;122.5;1;0;0;1;1;0;20;0;0;5;7;5;10.8;0;0;5;9;3;12.0;0;8.9;1.4;3.51;Enrolled;601;C;mahasiswa aktif;Tidak dipanggil
MHS2687;1;51;1;9147;1;1;130.0;1;19;38;9;8;115.7;0;0;0;1;1;0;20;0;0;5;7;5;11.0;0;0;5;7;3;10.0;0;8.9;1.4;3.51;Enrolled;581;D;mahasiswa aktif;Berjuang secara akademik
MHS2688;1;42;1;9119;1;1;140.0;1;19;19;90;90;120.0;0;0;1;0;1;0;31;0;0;4;4;0;0.0;0;0;5;5;0;0.0;0;12.7;3.7;-1.7;Dropout;418;E;data uji;Terhalang biaya
MHS2689;1;1;1;9119;1;1;140.0;1;37;19;9;9;166.0;1;0;1;1;1;0;20;0;0;5;7;0;0.0;0;0;5;5;0;0.0;0;9.4;-0.8;-3.12;Enrolled;515;E;mahasiswa aktif;Menghilang dari kelas
MHS2690;1;17;1;9773;1;1;145.0;1;1;38;90;8;132.8;1;0;0;0;1;0;21;0;0;6;10;2;12.0;0;0;6;0;0;0.0;0;10.8;1.4;1.74;Dropout;511;E;data latih;Terhalang biaya
MHS2691;1;17;1;9147;1;1;133.1;1;19;19;9;7;100.0;0;0;0;1;1;0;21;0;0;5;7;4;10.75;0;0;5;10;2;11.0;3;16.2;0.3;-0.92;Dropout;583;D;data latih;Berjuang secara akademik
MHS2692;1;1;1;9147;1;1;127.0;1;1;4;9;10;121.8;0;0;0;1;1;0;19;0;0;5;8;5;11.6;0;0;5;10;4;13.5;3;16.2;0.3;-0.92;Graduate;624;C;data latih;Tidak dipanggil
MHS2693;1;17;4;9147;1;1;114.0;1;19;19;4;4;109.5;1;0;0;1;1;1;20;0;0;5;6;5;11.8;0;0;5;8;4;11.6;0;8.9;1.4;3.51;Graduate;612;C;data latih;Tidak dipanggil
MHS2694;1;1;1;9003;1;1;140.0;1;38;1;9;4;138.3;0;0;0;1;1;0;18;0;0;6;7;6;16.0;0;0;6;6;6;15.166666666666666;0;12.4;0.5;1.79;Graduate;695;A;data latih;Tidak dipanggil
MHS2695;1;1;2;9773;1;1;140.0;1;1;1;4;3;131.6;0;0;0;1;1;1;18;0;0;6;6;6;12.666666666666666;0;0;6;6;6;11.5;0;16.2;0.3;-0.92;Graduate;688;B;data latih;Tidak dipanggil
MHS2696;1;39;1;9500;1;1;120.0;1;1;2;144;123;125.3;0;0;1;1;1;0;30;0;0;7;12;4;14.4;0;0;7;9;6;13.5;0;12.4;0.5;1.79;Enrolled;624;C;mahasiswa aktif;Tidak dipanggil
MHS2697;1;39;1;9254;1;19;133.1;1;19;19;3;1;101.5;0;0;1;0;1;0;34;0;0;6;6;0;0.0;0;0;6;6;0;0.0;0;15.5;2.8;-4.06;Dropout;423;E;data uji;Terhalang biaya
MHS2698;1;17;1;9670;1;1;115.0;1;19;19;191;171;109.1;0;0;1;0;1;0;21;0;0;6;11;4;12.25;0;0;6;9;4;13.4;0;11.1;0.6;2.02;Enrolled;521;E;mahasiswa aktif;Terhalang biaya
MHS2699;1;44;1;9070;1;39;123.9;1;37;1;9;7;123.9;0;0;0;1;1;0;20;0;2;7;9;5;12.6;0;5;9;10;8;12.75;1;16.2;0.3;-0.92;Dropout;658;B;data latih;Tidak dipanggil
MHS2700;1;1;1;9500;1;1;157.0;1;37;37;9;9;143.0;0;0;0;1;1;0;18;0;0;8;8;7;13.4;0;0;8;8;7;13.4;0;12.7;3.7;-1.7;Graduate;699;A;data uji;Tidak dipanggil
MHS2701;1;1;1;171;1;1;127.0;1;1;1;4;3;126.3;1;0;1;1;1;0;21;0;0;0;0;0;0.0;0;0;0;0;0;0.0;0;16.2;0.3;-0.92;Dropout;532;E;data latih;Menghilang dari kelas
MHS2702;2;42;1;9003;1;1;120.0;1;3;1;2;2;113.3;0;0;0;1;1;0;26;0;0;6;9;1;10.0;0;0;6;6;0;0.0;0;12.4;0.5;1.79;Dropout;538;E;data latih;Berjuang secara akademik
MHS2703;1;17;1;9119;1;1;130.0;1;38;19;7;3;119.9;1;0;1;1;1;0;20;0;0;5;5;0;0.0;0;0;5;5;0;0.0;5;9.4;-0.8;-3.12;Dropout;508;E;data latih;Menghilang dari kelas
MHS2704;1;44;1;9003;1;39;140.0;1;1;38;1;9;140.0;0;0;0;1;1;0;25;0;0;6;16;3;11.25;0;0;6;14;4;11.2;0;15.5;2.8;-4.06;Dropout;572;D;data latih;Berjuang secara akademik
MHS2705;1;17;1;9670;1;1;109.0;1;1;1;4;4;108.0;0;0;0;1;1;0;19;0;0;5;10;0;0.0;0;0;5;5;0;0.0;0;7.6;2.6;0.32;Enrolled;554;D;mahasiswa aktif;Berjuang secara akademik
MHS2706;1;39;2;9147;1;1;143.0;1;19;5;4;1;100.0;1;0;0;1;1;0;24;0;0;5;8;3;10.666666666666666;1;0;5;5;1;14.0;0;9.4;-0.8;-3.12;Dropout;596;D;data uji;Berjuang secara akademik
MHS2707;1;1;1;9130;1;1;125.0;1;3;3;2;2;132.4;0;0;0;1;1;0;20;0;0;5;7;4;11.75;0;0;5;5;5;13.4;0;7.6;2.6;0.32;Graduate;616;C;data uji;Tidak dipanggil
MHS2708;1;1;1;9147;1;1;136.0;1;1;3;9;5;137.1;0;0;0;1;1;0;20;0;0;5;5;0;0.0;0;0;5;5;0;0.0;0;12.7;3.7;-1.7;Dropout;557;D;data latih;Menghilang dari kelas
MHS2709;1;5;3;9070;1;1;157.0;1;3;1;9;6;138.1;1;0;0;1;0;0;18;0;0;6;6;6;12.666666666666666;0;0;6;8;6;14.125;0;10.8;1.4;1.74;Graduate;689;B;data latih;Tidak dipanggil
MHS2710;4;39;1;9556;1;1;160.0;1;19;3;9;2;130.0;0;0;0;1;0;0;25;0;0;7;14;7;11.95;0;0;8;15;7;12.042857142857144;0;12.7;3.7;-1.7;Enrolled;636;C;mahasiswa aktif;Tidak dipanggil
MHS2711;1;17;1;9254;1;1;116.0;1;38;37;9;6;109.7;1;0;0;1;0;0;22;0;0;6;7;5;14.0;0;0;6;6;6;15.666666666666666;0;11.1;0.6;2.02;Graduate;662;B;data latih;Tidak dipanggil
MHS2712;1;43;1;8014;0;1;113.0;1;37;37;0;6;128.2;0;0;0;0;0;0;41;0;0;6;6;0;0.0;6;0;6;12;0;0.0;0;9.4;-0.8;-3.12;Dropout;461;E;data latih;Terhalang biaya
MHS2713;1;1;2;9147;1;1;130.0;1;37;38;7;9;117.8;0;0;1;1;0;1;19;0;0;5;11;2;11.5;0;0;5;10;0;0.0;0;12.7;3.7;-1.7;Dropout;595;D;data latih;Berjuang secara akademik
MHS2714;1;43;1;9130;1;1;150.0;1;3;3;3;4;150.0;1;0;0;1;0;0;21;0;0;6;10;6;12.0;0;0;6;12;5;12.8;0;13.9;-0.3;0.79;Graduate;614;C;data latih;Tidak dipanggil
MHS2715;1;39;1;9085;1;1;110.0;1;1;1;5;5;160.0;1;0;1;1;0;0;30;0;0;6;7;6;16.428571428571427;0;0;6;7;6;16.666666666666668;0;13.9;-0.3;0.79;Dropout;638;C;data latih;Tidak dipanggil
MHS2716;1;1;5;9500;1;1;101.0;1;38;38;9;9;104.5;1;0;0;1;0;1;21;0;0;7;9;5;13.336000000000002;0;0;8;9;7;13.207142857142856;0;11.1;0.6;2.02;Graduate;708;A;data latih;Tidak dipanggil
MHS2717;2;39;2;9556;1;1;110.0;1;19;38;9;9;112.8;0;0;0;1;0;1;26;0;0;7;7;0;0.0;0;0;8;8;0;0.0;6;10.8;1.4;1.74;Enrolled;554;D;mahasiswa aktif;Menghilang dari kelas
MHS2718;1;15;1;9670;1;1;133.1;41;1;1;9;4;100.0;0;0;0;1;0;0;21;1;2;7;9;7;14.666666666666666;0;1;6;8;6;14.0;0;11.1;0.6;2.02;Graduate;685;B;data uji;Tidak dipanggil
MHS2719;1;1;1;9500;1;1;138.0;1;1;1;3;4;132.5;1;0;0;1;0;0;18;0;0;8;8;7;14.115714285714288;0;0;8;8;7;14.115714285714288;0;10.8;1.4;1.74;Graduate;706;A;data latih;Tidak dipanggil
MHS2720;1;1;4;9085;1;1;138.0;1;3;1;1;4;123.3;1;0;0;1;0;1;19;0;0;6;7;6;14.857142857142858;0;0;6;10;6;13.11111111111111;0;12.4;0.5;1.79;Graduate;723;A;data latih;Tidak dipanggil
MHS2721;1;1;2;9085;1;1;141.0;1;1;38;9;8;128.9;1;0;0;1;0;1;18;0;0;6;7;6;13.833333333333334;0;0;6;10;6;13.714285714285714;0;8.9;1.4;3.51;Graduate;725;A;data latih;Tidak dipanggil
MHS2722;1;17;2;9147;1;1;129.0;1;2;3;2;2;128.3;1;0;0;1;0;0;19;0;0;5;10;3;11.0;0;0;5;9;4;11.75;0;12.7;3.7;-1.7;Enrolled;585;D;mahasiswa aktif;Berjuang secara akademik
MHS2723;1;43;1;9085;1;1;127.0;1;3;3;2;5;100.0;0;0;0;1;0;0;21;0;0;6;11;4;11.75;0;0;6;12;3;13.666666666666666;0;13.9;-0.3;0.79;Enrolled;614;C;mahasiswa aktif;Tidak dipanggil
MHS2724;1;17;2;9147;1;1;133.0;1;19;1;9;3;120.1;1;0;0;1;0;1;18;0;0;5;15;2;10.0;0;0;5;14;2;12.0;0;13.9;-0.3;0.79;Dropout;628;C;data latih;Tidak dipanggil
MHS2725;1;39;1;9500;1;1;100.0;1;37;37;7;7;160.0;1;0;0;1;0;1;24;0;0;8;15;6;12.415;0;0;8;15;6;12.415;0;10.8;1.4;1.74;Graduate;687;B;data latih;Tidak dipanggil
MHS2726;1;1;1;9130;1;1;138.0;1;4;5;2;2;123.0;1;0;0;1;0;0;21;0;0;5;12;1;11.0;0;0;5;9;2;10.5;0;12.7;3.7;-1.7;Enrolled;566;D;mahasiswa aktif;Berjuang secara akademik
MHS2727;1;44;1;9085;1;39;150.0;1;19;19;9;9;150.0;1;0;0;1;0;0;23;0;1;6;14;5;14.428571428571429;0;1;6;7;6;13.428571428571429;0;16.2;0.3;-0.92;Graduate;659;B;data latih;Tidak dipanggil
MHS2728;1;17;2;9500;1;1;129.0;1;38;19;5;7;124.0;1;0;0;1;0;1;18;0;0;8;8;7;14.312857142857142;0;0;8;8;7;14.312857142857142;0;10.8;1.4;1.74;Graduate;728;A;data latih;Tidak dipanggil
MHS2729;1;39;1;9085;1;1;130.0;1;4;1;2;9;120.0;0;0;0;0;0;0;26;0;0;6;8;6;15.428571428571429;0;0;6;7;5;14.5;0;11.1;0.6;2.02;Enrolled;552;D;mahasiswa aktif;Terhalang biaya
MHS2730;1;1;1;9130;1;1;133.0;1;38;38;5;8;120.4;1;0;0;1;0;0;20;0;0;5;9;4;12.0;1;0;5;6;5;13.4;0;9.4;-0.8;-3.12;Graduate;616;C;data latih;Tidak dipanggil
MHS2731;1;1;1;9238;1;1;133.0;1;4;1;5;5;131.6;0;0;0;1;0;0;18;0;0;6;7;6;13.833333333333334;0;0;6;7;6;13.714285714285714;0;11.1;0.6;2.02;Graduate;702;A;data latih;Tidak dipanggil
MHS2732;1;1;1;9238;1;1;107.0;1;2;12;3;10;104.2;1;0;0;1;0;0;20;0;0;6;6;6;12.166666666666666;0;0;6;7;6;12.142857142857142;0;11.1;0.6;2.02;Graduate;688;B;data uji;Tidak dipanggil
MHS2733;1;1;1;9500;1;1;131.0;1;19;19;4;4;122.0;1;0;0;1;0;0;20;0;0;8;8;7;14.014285714285714;0;0;8;8;7;14.014285714285714;0;12.7;3.7;-1.7;Enrolled;702;A;mahasiswa aktif;Tidak dipanggil
MHS2734;1;17;2;9238;1;1;118.0;1;1;19;4;10;110.7;1;1;0;1;0;0;18;0;0;6;15;2;10.333333333333334;3;0;6;13;3;13.333333333333334;0;12.7;3.7;-1.7;Enrolled;615;C;mahasiswa aktif;Tidak dipanggil
MHS2735;1;1;4;9773;1;1;136.0;1;1;12;9;10;121.7;1;0;0;1;0;1;22;0;0;6;7;5;13.2;0;0;6;7;5;13.6;0;12.4;0.5;1.79;Graduate;657;B;data latih;Tidak dipanggil
MHS2736;1;1;1;9500;1;1;125.0;1;37;37;9;9;126.0;1;0;1;1;0;0;20;0;0;7;7;6;15.4;0;0;7;7;6;15.4;0;7.6;2.6;0.32;Graduate;678;B;data latih;Tidak dipanggil
MHS2737;1;17;4;9500;1;1;137.0;1;1;37;9;9;128.4;1;0;0;1;0;1;19;0;0;7;7;7;13.385714285714286;0;0;8;8;8;15.925;0;13.9;-0.3;0.79;Graduate;724;A;data latih;Tidak dipanggil
MHS2738;1;1;1;9130;1;1;144.0;1;3;1;2;4;134.9;1;0;1;1;0;0;18;0;0;6;13;6;10.857142857142858;0;0;6;10;4;11.0;0;15.5;2.8;-4.06;Dropout;578;D;data latih;Berjuang secara akademik
MHS2739;1;17;2;9147;1;1;146.0;1;38;37;6;6;143.9;0;0;0;1;0;0;18;0;0;5;11;5;11.333333333333334;0;0;5;8;5;12.0;0;13.9;-0.3;0.79;Graduate;614;C;data latih;Tidak dipanggil
MHS2740;1;1;4;9085;1;1;145.0;1;37;1;9;9;145.0;1;0;0;1;0;1;19;0;0;5;7;4;14.5;0;0;5;5;5;13.6;0;10.8;1.4;1.74;Graduate;670;B;data uji;Tidak dipanggil
MHS2741;1;1;2;9070;1;1;126.0;1;19;38;9;9;132.0;1;0;0;1;0;1;19;0;0;6;6;6;14.166666666666666;0;0;6;8;6;12.375;0;10.8;1.4;1.74;Graduate;720;A;data uji;Tidak dipanggil
MHS2742;1;17;1;8014;0;1;141.0;1;34;34;0;0;136.1;0;0;0;1;0;0;24;0;0;6;7;6;12.833333333333334;0;0;6;8;6;12.0;0;7.6;2.6;0.32;Graduate;669;B;data uji;Tidak dipanggil
MHS2743;1;1;1;9238;1;1;141.0;1;37;37;4;4;138.9;0;0;0;1;0;0;21;0;0;6;7;6;13.333333333333334;0;0;6;6;6;14.5;0;10.8;1.4;1.74;Graduate;701;A;data latih;Tidak dipanggil
MHS2744;1;1;1;9238;1;1;133.1;1;1;1;3;3;102.0;1;0;0;1;0;1;20;0;0;6;7;6;13.666666666666666;0;0;6;7;6;14.571428571428571;0;11.1;0.6;2.02;Graduate;730;A;data latih;Tidak dipanggil
MHS2745;1;39;1;9254;1;1;133.1;1;19;19;4;7;123.0;0;0;1;0;0;1;28;0;0;6;6;6;10.833333333333334;0;0;6;7;5;11.0;0;13.9;-0.3;0.79;Dropout;503;E;data latih;Terhalang biaya
MHS2746;1;1;2;9853;1;1;127.0;1;37;19;9;8;137.5;1;0;0;1;0;0;21;0;0;6;7;6;13.428571428571429;0;0;6;8;6;13.142857142857142;0;7.6;2.6;0.32;Graduate;681;B;data latih;Tidak dipanggil
MHS2747;1;1;1;9500;1;1;106.0;1;37;38;191;163;102.2;1;0;1;1;1;0;20;0;0;7;7;7;12.401428571428571;0;0;8;10;6;11.808333333333332;0;11.1;0.6;2.02;Enrolled;663;B;mahasiswa aktif;Tidak dipanggil
MHS2748;1;42;1;9003;1;1;130.0;1;3;2;2;6;105.3;0;0;0;0;1;0;36;0;0;6;8;0;0.0;0;0;6;10;0;0.0;0;16.2;0.3;-0.92;Dropout;459;E;data latih;Terhalang biaya
MHS2749;2;39;1;9991;0;1;110.0;1;37;37;9;9;130.0;0;0;0;0;1;0;42;0;0;4;4;0;0.0;0;0;5;0;0;0.0;0;12.7;3.7;-1.7;Dropout;443;E;data uji;Terhalang biaya
MHS2750;2;39;1;9991;0;1;150.0;1;37;37;9;7;122.5;0;0;0;1;1;0;47;0;0;5;9;4;11.5;0;0;5;6;5;11.6;1;7.6;2.6;0.32;Dropout;553;D;data latih;Berjuang secara akademik
MHS2751;1;39;1;9119;1;1;160.0;1;1;38;4;7;112.0;0;0;0;0;1;0;25;0;0;5;8;0;0.0;0;0;5;5;0;0.0;0;9.4;-0.8;-3.12;Dropout;433;E;data latih;Terhalang biaya
MHS2752;1;39;1;9670;1;12;170.0;1;1;37;3;5;110.0;0;0;0;1;1;1;25;0;0;6;8;6;14.142857142857142;0;0;6;6;6;13.5;0;15.5;2.8;-4.06;Graduate;687;B;data latih;Tidak dipanggil
MHS2753;2;39;1;8014;0;19;133.1;1;19;37;6;8;149.5;0;0;0;1;1;0;48;0;0;6;6;0;0.0;0;0;5;6;0;0.0;0;12.4;0.5;1.79;Dropout;529;E;data latih;Berjuang secara akademik
MHS2754;1;43;1;9991;0;1;120.0;1;38;38;9;7;141.0;0;0;0;1;1;1;32;0;5;10;12;10;13.8;0;5;10;10;10;12.8;0;10.8;1.4;1.74;Graduate;681;B;data latih;Tidak dipanggil
MHS2755;1;7;1;9991;0;40;130.0;1;38;38;9;7;130.0;0;0;0;1;1;0;38;0;10;10;10;10;13.6;0;5;10;10;5;13.6;0;8.9;1.4;3.51;Dropout;610;C;data uji;Tidak dipanggil
MHS2756;1;7;1;9238;1;40;130.0;1;37;37;5;5;130.0;0;0;0;1;1;0;37;0;11;16;23;15;11.733333333333333;0;6;11;17;9;11.88888888888889;0;15.5;2.8;-4.06;Graduate;645;C;data latih;Tidak dipanggil
MHS2757;1;39;2;9147;1;1;120.0;1;37;37;9;9;104.0;0;0;0;0;1;0;26;0;0;5;8;1;10.0;0;0;5;9;1;10.0;0;10.8;1.4;1.74;Dropout;449;E;data latih;Terhalang biaya
MHS2758;1;44;1;9085;1;39;110.0;1;3;5;2;2;110.0;0;0;0;1;1;0;23;0;0;6;19;0;0.0;0;0;6;6;0;0.0;0;13.9;-0.3;0.79;Dropout;545;E;data latih;Berjuang secara akademik
MHS2759;1;44;1;9003;1;39;120.0;1;38;19;3;5;120.0;0;0;0;1;1;0;23;0;0;6;6;0;0.0;0;0;6;8;0;0.0;0;15.5;2.8;-4.06;Enrolled;539;E;mahasiswa aktif;Menghilang dari kelas
MHS2760;1;44;1;9003;1;39;130.0;1;2;3;9;6;130.0;0;0;0;1;1;0;20;0;0;6;12;4;10.8;0;0;6;13;4;12.0;0;12.4;0.5;1.79;Enrolled;608;C;mahasiswa aktif;Tidak dipanggil
MHS2761;1;39;1;9500;1;4;150.0;1;3;38;3;7;127.0;1;0;0;1;1;0;26;0;2;7;8;6;13.046666666666669;0;2;8;10;7;13.30625;0;11.1;0.6;2.02;Dropout;664;B;data latih;Tidak dipanggil
MHS2762;1;43;1;8014;0;1;120.0;1;37;37;9;5;100.0;0;0;0;1;0;0;45;0;5;9;13;8;11.0;0;3;7;10;6;10.833333333333334;0;12.7;3.7;-1.7;Enrolled;624;C;mahasiswa aktif;Tidak dipanggil
MHS2763;1;39;1;8014;0;19;100.0;1;37;37;5;5;111.0;1;0;0;1;0;1;26;0;0;6;10;3;12.333333333333334;0;0;6;14;3;11.666666666666666;0;7.6;2.6;0.32;Enrolled;600;C;mahasiswa aktif;Tidak dipanggil
MHS2764;1;43;1;8014;0;3;133.1;1;9;9;90;90;130.0;0;0;0;1;0;0;26;0;8;11;16;10;11.8;0;3;7;7;7;13.285714285714286;0;7.6;2.6;0.32;Graduate;656;C;data latih;Tidak dipanggil
MHS2765;1;39;1;9991;0;1;130.0;1;37;37;9;9;130.1;0;0;0;1;0;0;25;0;0;5;8;3;11.0;0;0;5;8;3;11.25;0;10.8;1.4;1.74;Enrolled;555;D;mahasiswa aktif;Berjuang secara akademik
MHS2766;1;16;4;9500;1;1;145.0;1;1;1;4;4;127.5;1;0;0;1;0;0;18;0;0;8;8;8;13.11;0;0;8;8;8;13.11;0;9.4;-0.8;-3.12;Graduate;690;B;data latih;Tidak dipanggil
MHS2767;1;7;1;9500;1;3;130.0;1;37;37;7;7;130.0;1;0;0;1;0;0;27;0;0;8;8;7;14.414285714285716;0;0;8;8;7;14.414285714285716;0;12.7;3.7;-1.7;Graduate;670;B;data latih;Tidak dipanggil
MHS2768;6;17;3;8014;0;1;115.0;1;19;1;5;90;115.0;0;0;0;0;0;0;24;0;0;5;5;0;0.0;0;0;5;10;0;0.0;0;10.8;1.4;1.74;Dropout;469;E;data latih;Terhalang biaya
MHS2769;1;17;1;9147;1;1;124.0;1;38;19;6;10;126.8;1;0;0;1;0;0;20;0;0;5;8;5;12.333333333333334;0;0;5;7;5;12.2;0;15.5;2.8;-4.06;Graduate;617;C;data uji;Tidak dipanggil
MHS2770;1;1;1;9500;1;1;124.0;1;1;19;9;8;116.7;1;0;0;1;0;1;18;0;0;7;9;0;0.0;0;0;7;8;1;10.0;0;15.5;2.8;-4.06;Dropout;602;C;data latih;Tidak dipanggil
MHS2771;1;17;6;9556;1;1;134.0;1;19;38;7;7;128.5;1;0;0;1;0;1;18;0;0;7;9;7;14.1;0;0;8;8;8;13.3125;0;12.7;3.7;-1.7;Graduate;710;A;data latih;Tidak dipanggil
MHS2772;1;1;4;9500;1;1;137.0;1;37;37;9;9;127.5;1;0;0;1;0;0;18;0;0;8;8;8;13.045;0;0;8;8;8;13.045;0;9.4;-0.8;-3.12;Graduate;699;A;data latih;Tidak dipanggil
MHS2773;1;1;1;9500;1;1;124.0;1;19;37;3;8;117.5;1;0;0;1;1;0;19;0;0;8;10;5;12.858;3;0;8;10;5;12.858;3;9.4;-0.8;-3.12;Enrolled;646;C;mahasiswa aktif;Tidak dipanggil
MHS2774;1;42;3;9500;1;1;136.0;1;1;1;4;4;148.8;1;0;0;1;0;1;19;0;0;8;8;8;14.2525;0;0;8;8;8;14.2525;0;9.4;-0.8;-3.12;Graduate;724;A;data uji;Tidak dipanggil
MHS2775;1;1;4;9500;1;1;126.0;1;12;1;5;10;120.2;0;0;0;1;0;1;19;0;0;7;9;5;14.06;0;0;7;9;7;11.242857142857142;0;12.4;0.5;1.79;Enrolled;680;B;mahasiswa aktif;Tidak dipanggil
MHS2776;1;1;4;9500;1;1;142.0;1;38;37;9;5;127.3;1;0;0;1;0;0;18;0;0;8;8;7;15.075714285714286;0;0;8;8;7;15.075714285714286;0;10.8;1.4;1.74;Graduate;706;A;data latih;Tidak dipanggil
MHS2777;1;17;2;171;1;1;141.0;1;19;37;9;9;136.1;1;0;0;1;0;1;18;0;0;0;0;0;0.0;0;0;0;0;0;0.0;0;12.7;3.7;-1.7;Enrolled;584;D;mahasiswa aktif;Menghilang dari kelas
MHS2778;1;43;2;9670;1;1;129.0;1;3;3;5;5;122.4;1;0;0;1;0;0;19;0;0;5;5;4;13.75;0;0;6;9;5;12.6;0;12.7;3.7;-1.7;Enrolled;620;C;mahasiswa aktif;Tidak dipanggil
MHS2779;1;7;0;9003;1;3;130.0;1;1;37;4;9;130.0;1;0;0;1;0;0;23;0;10;17;28;17;13.15;2;8;12;22;12;13.214285714285714;0;15.5;2.8;-4.06;Graduate;650;C;data latih;Tidak dipanggil
MHS2780;1;1;2;9238;1;1;136.0;1;19;19;4;7;121.7;1;0;0;1;0;1;21;0;0;6;9;5;12.333333333333334;0;0;6;7;5;11.8;0;13.9;-0.3;0.79;Graduate;637;C;data uji;Tidak dipanggil
MHS2781;1;1;3;9500;1;1;137.0;1;38;38;5;7;122.7;1;0;0;1;0;1;18;0;0;7;8;7;13.778571428571428;0;0;8;10;8;13.122222222222222;0;16.2;0.3;-0.92;Graduate;730;A;data latih;Tidak dipanggil
MHS2782;1;1;1;9853;1;1;125.0;1;34;37;9;9;129.2;1;0;1;0;0;0;20;0;0;6;12;3;10.333333333333334;0;0;6;14;1;11.0;0;10.8;1.4;1.74;Dropout;468;E;data latih;Terhalang biaya
MHS2783;1;43;1;9773;1;1;119.0;1;19;37;5;5;105.0;1;0;0;1;0;0;23;0;0;6;11;3;11.333333333333334;0;0;6;7;2;11.0;0;16.2;0.3;-0.92;Enrolled;573;D;mahasiswa aktif;Berjuang secara akademik
MHS2784;1;1;1;9238;1;1;132.0;1;37;37;9;7;129.9;1;0;0;1;0;0;20;0;0;6;7;5;13.2;0;0;6;6;6;12.666666666666666;0;10.8;1.4;1.74;Enrolled;675;B;mahasiswa aktif;Tidak dipanggil
MHS2785;1;1;1;9070;1;1;152.0;1;37;37;5;7;136.3;0;0;0;1;0;1;18;0;1;6;8;6;13.571428571428571;1;0;6;11;6;12.375;0;13.9;-0.3;0.79;Graduate;720;A;data latih;Tidak dipanggil
MHS2786;1;1;1;8014;0;1;125.0;1;37;37;9;7;114.9;0;0;0;1;0;0;29;0;8;11;14;11;12.75;0;3;7;7;7;13.428571428571429;0;9.4;-0.8;-3.12;Graduate;674;B;data latih;Tidak dipanggil
MHS2787;1;39;1;9773;1;9;133.1;1;38;1;5;4;102.0;1;0;0;1;1;0;28;0;0;6;11;3;13.0;0;0;6;15;1;12.0;0;7.6;2.6;0.32;Dropout;601;C;data uji;Tidak dipanggil
MHS2788;1;1;3;9670;1;1;120.0;1;37;37;7;7;111.3;1;0;0;1;1;0;19;0;0;5;7;3;11.333333333333334;0;0;5;7;4;11.0;0;9.4;-0.8;-3.12;Enrolled;594;D;mahasiswa aktif;Berjuang secara akademik
MHS2789;1;39;1;9670;1;1;148.0;1;19;19;7;7;130.9;0;0;1;0;1;0;24;0;0;6;12;0;0.0;0;0;6;9;0;0.0;0;10.8;1.4;1.74;Dropout;425;E;data latih;Terhalang biaya
MHS2790;1;39;1;171;1;1;133.1;1;37;37;9;7;100.0;0;0;1;1;1;1;33;0;0;0;0;0;0.0;0;0;0;0;0;0.0;0;15.5;2.8;-4.06;Dropout;528;E;data latih;Menghilang dari kelas
MHS2791;1;17;1;9147;1;1;115.0;1;19;37;5;7;112.9;1;0;0;0;1;0;19;0;0;5;7;2;12.5;0;0;5;13;1;11.0;0;9.4;-0.8;-3.12;Dropout;515;E;data latih;Terhalang biaya
MHS2792;1;1;1;9085;1;1;120.0;1;38;19;9;3;112.7;0;0;0;1;1;0;19;0;0;6;7;6;14.857142857142858;0;0;6;8;6;14.142857142857142;0;11.1;0.6;2.02;Graduate;699;A;data latih;Tidak dipanggil
MHS2793;4;39;1;8014;0;1;133.1;1;37;37;7;7;143.0;0;0;0;1;1;0;37;0;3;9;13;8;12.0;0;2;7;8;7;11.571428571428571;0;12.7;3.7;-1.7;Graduate;613;C;data uji;Tidak dipanggil
MHS2794;1;1;1;171;1;1;168.0;1;38;37;9;8;155.1;1;0;1;0;1;1;18;0;0;0;0;0;0.0;0;0;0;0;0;0.0;0;12.7;3.7;-1.7;Graduate;488;E;data latih;Menghilang dari kelas
MHS2795;4;39;1;9991;0;1;130.0;1;37;37;9;9;127.6;0;0;0;1;1;0;29;0;0;5;5;0;0.0;0;0;5;5;0;0.0;0;7.6;2.6;0.32;Enrolled;520;E;mahasiswa aktif;Menghilang dari kelas
MHS2796;2;39;1;9500;1;38;133.1;1;37;37;9;3;146.6;0;0;0;1;1;0;37;0;0;7;8;7;12.828571428571427;0;0;8;8;8;12.6875;0;13.9;-0.3;0.79;Graduate;654;C;data latih;Tidak dipanggil
MHS2797;1;39;1;9500;1;1;137.0;1;37;37;9;9;141.0;0;0;0;1;1;0;36;0;0;7;0;0;0.0;0;0;8;0;0;0.0;0;12.4;0.5;1.79;Dropout;536;E;data latih;Menghilang dari kelas
MHS2798;1;1;2;9670;1;1;123.0;1;1;38;7;7;120.6;1;0;0;1;1;0;19;0;0;6;6;6;13.333333333333334;0;0;6;8;5;14.0;0;8.9;1.4;3.51;Graduate;657;B;data latih;Tidak dipanggil
MHS2799;1;42;1;9500;1;1;150.0;1;19;1;9;3;110.0;1;0;0;1;1;1;33;0;6;14;20;14;13.072857142857144;6;6;14;20;14;13.072857142857144;6;9.4;-0.8;-3.12;Graduate;704;A;data latih;Tidak dipanggil
MHS2800;1;42;1;9119;1;1;120.0;1;1;1;5;7;108.6;0;0;0;0;1;0;34;0;2;7;13;5;12.0;0;2;7;7;3;11.0;0;15.5;2.8;-4.06;Dropout;477;E;data latih;Terhalang biaya
MHS2801;1;1;1;9254;1;1;145.0;1;3;19;3;8;134.9;1;0;0;1;0;0;18;0;0;6;6;6;15.5;0;0;6;6;6;16.0;0;12.4;0.5;1.79;Graduate;698;A;data latih;Tidak dipanggil
MHS2802;1;44;1;9130;1;39;120.0;1;3;1;2;4;120.0;1;0;0;1;0;0;20;0;0;6;6;0;0.0;0;0;6;6;0;0.0;0;12.4;0.5;1.79;Dropout;543;E;data uji;Menghilang dari kelas
MHS2803;1;1;1;9773;1;1;142.0;1;19;37;4;7;141.3;0;0;0;1;0;1;19;0;0;6;7;6;14.714285714285714;0;0;6;6;6;15.166666666666666;0;13.9;-0.3;0.79;Graduate;728;A;data latih;Tidak dipanggil
MHS2804;1;1;3;9085;1;1;147.0;1;19;19;9;1;135.6;1;0;0;1;0;0;20;0;0;6;7;6;16.714285714285715;0;0;6;6;6;15.333333333333334;0;13.9;-0.3;0.79;Graduate;697;A;data latih;Tidak dipanggil
MHS2805;1;1;1;9238;1;1;125.0;1;19;19;9;9;121.5;1;0;0;1;0;1;19;0;0;6;9;6;10.857142857142858;0;0;6;7;6;11.666666666666666;0;12.4;0.5;1.79;Graduate;685;B;data latih;Tidak dipanggil
MHS2806;1;1;4;9500;1;1;126.0;1;19;19;9;9;125.0;1;0;0;1;0;0;19;0;0;7;8;6;11.658333333333331;0;0;8;11;6;12.416666666666666;0;12.4;0.5;1.79;Graduate;684;B;data uji;Tidak dipanggil
MHS2807;1;18;2;9773;1;1;132.0;24;37;19;9;7;119.1;1;0;0;1;0;1;22;1;0;6;8;5;11.6;0;0;6;7;6;12.0;0;9.4;-0.8;-3.12;Graduate;670;B;data latih;Tidak dipanggil
MHS2808;1;1;1;9670;1;1;122.0;1;12;12;5;7;126.6;1;0;0;1;0;0;18;0;0;6;8;6;14.625;0;0;6;9;6;14.142857142857142;0;11.1;0.6;2.02;Enrolled;698;A;mahasiswa aktif;Tidak dipanggil
MHS2809;1;1;1;9773;1;1;123.0;1;1;38;9;9;116.7;0;0;0;1;0;1;18;0;0;6;6;6;12.166666666666666;0;0;6;8;6;12.666666666666666;0;12.4;0.5;1.79;Graduate;715;A;data latih;Tidak dipanggil
MHS2810;1;1;3;9500;1;1;126.0;1;1;19;131;181;120.1;1;0;0;1;0;0;19;0;0;7;12;4;13.375;0;0;7;8;6;12.116666666666667;0;12.4;0.5;1.79;Enrolled;678;B;mahasiswa aktif;Tidak dipanggil
MHS2811;1;1;1;9853;1;1;128.0;1;38;37;9;9;124.9;0;0;0;1;0;1;19;0;0;6;6;6;12.5;0;0;6;6;6;12.833333333333334;0;12.7;3.7;-1.7;Graduate;709;A;data latih;Tidak dipanggil
MHS2812;1;39;1;9500;1;1;100.0;1;19;1;1;90;114.0;1;0;1;0;0;0;31;0;0;7;8;5;12.56;0;0;7;8;5;12.56;0;7.6;2.6;0.32;Dropout;500;E;data latih;Terhalang biaya
MHS2813;1;17;5;9500;1;1;140.0;1;1;1;4;3;131.1;1;0;0;1;0;0;18;0;0;7;7;7;13.19;0;0;8;8;8;14.23125;0;11.1;0.6;2.02;Graduate;697;A;data uji;Tidak dipanggil
MHS2814;1;1;1;9238;1;1;145.0;1;1;19;9;9;129.3;0;0;1;1;0;1;19;0;0;6;11;3;11.0;0;0;6;9;4;11.25;0;10.8;1.4;1.74;Graduate;606;C;data latih;Tidak dipanggil
MHS2815;1;1;1;171;1;1;143.0;1;3;38;2;10;129.7;1;0;0;1;0;0;18;0;0;0;0;0;0.0;0;0;0;0;0;0.0;0;13.9;-0.3;0.79;Graduate;562;D;data uji;Menghilang dari kelas
MHS2816;1;17;1;9238;1;1;132.0;1;37;38;9;5;120.8;0;0;0;1;0;1;19;0;0;6;11;5;11.6;0;0;6;10;6;11.714285714285714;0;15.5;2.8;-4.06;Graduate;662;B;data latih;Tidak dipanggil
MHS2817;1;1;1;9500;1;1;130.0;1;19;19;9;6;135.0;0;0;0;1;0;0;19;0;0;7;7;6;14.266666666666666;0;0;7;7;6;14.266666666666666;0;7.6;2.6;0.32;Graduate;706;A;data latih;Tidak dipanggil
MHS2818;1;1;1;9147;1;1;129.0;1;37;37;9;7;117.8;0;0;0;1;0;1;19;0;0;5;6;4;11.0;0;0;5;9;4;13.857142857142858;0;10.8;1.4;1.74;Enrolled;658;B;mahasiswa aktif;Tidak dipanggil
MHS2819;2;7;1;8014;0;3;124.4;1;37;34;0;0;130.0;0;0;0;1;0;0;30;0;8;10;11;9;12.666666666666666;0;3;7;7;7;12.428571428571429;1;7.6;2.6;0.32;Graduate;646;C;data latih;Tidak dipanggil
MHS2820;1;43;1;9773;1;1;127.0;1;19;1;5;5;117.6;1;0;0;1;0;0;18;0;0;6;6;0;0.0;0;0;6;10;3;11.0;0;16.2;0.3;-0.92;Enrolled;553;D;mahasiswa aktif;Berjuang secara akademik
MHS2821;1;18;6;9500;1;1;144.0;1;1;1;3;6;130.8;1;0;0;1;0;0;18;0;0;8;11;7;12.771428571428572;0;0;8;11;7;12.771428571428572;0;12.7;3.7;-1.7;Graduate;682;B;data uji;Tidak dipanggil
MHS2822;1;18;5;9085;1;1;121.0;1;5;3;2;3;111.9;1;0;0;1;0;0;21;0;0;5;12;0;0.0;3;0;5;5;0;0.0;0;12.7;3.7;-1.7;Dropout;553;D;data latih;Berjuang secara akademik
MHS2823;1;44;1;9238;1;1;150.0;1;1;38;4;9;145.9;0;0;0;1;0;1;19;0;3;6;6;6;15.5;0;2;6;7;6;13.571428571428571;0;13.9;-0.3;0.79;Graduate;721;A;data latih;Tidak dipanggil
MHS2824;1;17;1;9670;1;1;115.0;1;1;1;4;4;109.1;1;0;0;1;0;1;19;0;0;6;7;6;13.285714285714286;0;0;6;9;5;14.6;0;12.4;0.5;1.79;Enrolled;679;B;mahasiswa aktif;Tidak dipanggil
MHS2825;1;1;5;9500;1;1;125.0;1;3;19;4;8;120.3;1;0;0;1;0;0;19;0;0;7;11;5;11.716666666666669;0;0;7;8;5;13.7;0;13.9;-0.3;0.79;Enrolled;636;C;mahasiswa aktif;Tidak dipanggil
MHS2826;1;17;1;9130;1;1;117.0;1;19;19;4;4;113.5;1;0;0;1;0;0;19;0;0;6;8;6;11.333333333333334;0;0;6;12;4;13.75;0;8.9;1.4;3.51;Dropout;627;C;data latih;Tidak dipanggil
MHS2827;1;1;2;9670;1;1;121.0;1;1;19;4;7;135.4;1;0;0;1;0;1;19;0;0;6;6;6;13.333333333333334;0;0;6;10;5;13.4;0;8.9;1.4;3.51;Graduate;681;B;data latih;Tidak dipanggil
MHS2828;2;39;1;9991;0;1;140.0;1;37;37;9;6;130.2;0;0;0;1;0;1;39;0;0;5;13;4;12.333333333333334;0;0;5;14;2;10.0;4;16.2;0.3;-0.92;Graduate;589;D;data latih;Berjuang secara akademik
MHS2829;1;1;2;9070;1;1;129.0;1;3;4;2;2;136.4;1;0;0;1;0;0;18;0;0;6;6;6;12.333333333333334;0;0;6;6;6;12.833333333333334;0;7.6;2.6;0.32;Enrolled;693;B;mahasiswa aktif;Tidak dipanggil
MHS2830;1;17;1;171;1;1;130.0;1;3;1;9;9;126.9;1;0;0;1;0;0;20;0;0;0;0;0;0.0;0;0;0;0;0;0.0;0;12.7;3.7;-1.7;Dropout;551;D;data uji;Menghilang dari kelas
MHS2831;1;17;5;9147;1;1;131.0;1;19;38;3;10;119.8;1;0;0;1;0;0;19;0;0;5;8;5;12.6;0;0;5;9;4;11.6;0;8.9;1.4;3.51;Graduate;592;D;data latih;Berjuang secara akademik
MHS2832;1;17;3;9147;1;1;137.0;1;1;1;4;7;124.4;1;0;0;1;0;0;18;0;0;5;5;5;12.6;0;0;5;5;4;11.0;0;11.1;0.6;2.02;Enrolled;594;D;mahasiswa aktif;Berjuang secara akademik
MHS2833;2;39;1;9003;1;1;150.0;1;3;3;2;2;120.0;0;0;1;0;0;0;34;0;1;6;10;6;14.333333333333334;0;0;6;9;6;12.833333333333334;0;11.1;0.6;2.02;Enrolled;550;D;mahasiswa aktif;Terhalang biaya
MHS2834;1;1;2;9670;1;1;117.0;1;37;37;9;9;111.8;0;0;0;1;0;0;22;0;0;5;8;3;12.0;0;0;5;9;2;11.0;1;7.6;2.6;0.32;Enrolled;583;D;mahasiswa aktif;Berjuang secara akademik
MHS2835;1;39;1;9085;1;1;133.1;1;19;19;7;7;130.0;1;0;0;1;0;0;24;0;0;6;7;6;14.857142857142858;0;0;6;10;5;13.6;0;13.9;-0.3;0.79;Graduate;624;C;data uji;Tidak dipanggil
MHS2836;2;43;1;9147;1;1;130.0;1;19;37;7;10;138.0;0;0;0;1;0;0;34;0;12;15;17;12;11.916666666666666;0;11;13;13;11;13.181818181818182;0;7.6;2.6;0.32;Graduate;649;C;data uji;Tidak dipanggil
MHS2837;2;39;1;9991;0;1;110.0;1;34;34;0;0;114.6;1;0;0;1;0;0;46;0;0;5;5;0;0.0;0;0;5;5;0;0.0;0;7.6;2.6;0.32;Dropout;520;E;data uji;Menghilang dari kelas
MHS2838;2;39;2;9147;1;1;140.0;1;37;37;9;8;108.0;0;0;0;1;0;0;50;0;0;5;12;3;13.333333333333334;1;0;5;8;5;12.2;0;9.4;-0.8;-3.12;Enrolled;594;D;mahasiswa aktif;Berjuang secara akademik
MHS2839;1;39;1;9991;0;1;140.0;1;37;37;9;5;140.0;0;0;0;0;0;0;37;0;0;5;5;0;0.0;0;0;5;5;0;0.0;0;15.5;2.8;-4.06;Dropout;443;E;data latih;Terhalang biaya
MHS2840;1;1;2;9085;1;1;148.0;1;38;19;4;9;134.7;1;0;0;1;0;0;18;0;0;6;6;6;17.0;0;0;6;6;6;15.5;0;8.9;1.4;3.51;Graduate;701;A;data latih;Tidak dipanggil
MHS2841;1;39;1;9085;1;1;130.0;1;37;37;6;6;110.0;0;0;0;1;0;1;25;0;0;6;13;3;11.666666666666666;0;0;6;14;2;11.333333333333334;0;11.1;0.6;2.02;Enrolled;593;D;mahasiswa aktif;Berjuang secara akademik
MHS2842;2;39;1;9003;1;1;140.0;1;37;37;9;6;104.8;0;0;0;1;0;0;46;0;14;19;24;19;12.210526315789474;0;11;13;13;13;11.384615384615383;0;15.5;2.8;-4.06;Graduate;614;C;data latih;Tidak dipanggil
MHS2843;2;39;1;9070;1;1;160.0;1;3;1;2;5;126.5;0;0;0;1;0;1;30;0;1;6;8;6;13.0;1;0;6;9;5;12.857142857142858;0;13.9;-0.3;0.79;Graduate;651;C;data latih;Tidak dipanggil
MHS2844;4;1;1;9991;0;1;130.0;1;37;37;9;9;118.1;0;0;1;0;0;0;37;0;0;5;0;0;0.0;0;0;5;0;0;0.0;0;12.7;3.7;-1.7;Dropout;439;E;data uji;Terhalang biaya
MHS2845;2;39;1;9991;0;1;120.0;1;37;37;9;9;119.9;0;0;0;1;0;0;50;0;0;5;9;2;10.5;0;0;5;7;3;11.0;0;12.7;3.7;-1.7;Enrolled;553;D;mahasiswa aktif;Berjuang secara akademik
MHS2846;1;44;1;9003;1;39;160.0;1;38;38;9;6;160.0;1;0;0;1;0;0;20;0;0;6;7;6;13.571428571428571;0;0;6;9;6;12.714285714285714;0;12.4;0.5;1.79;Graduate;671;B;data latih;Tidak dipanggil
MHS2847;2;39;2;9556;1;12;133.1;1;34;34;99;99;100.5;0;0;0;1;0;0;39;0;0;3;7;1;14.0;0;0;2;4;0;0.0;0;11.1;0.6;2.02;Dropout;550;D;data latih;Berjuang secara akademik
MHS2848;2;39;1;9773;1;19;133.1;1;37;37;9;6;110.0;0;0;0;0;0;0;53;0;0;5;5;0;0.0;0;0;4;5;0;0.0;0;15.5;2.8;-4.06;Dropout;452;E;data latih;Terhalang biaya
MHS2849;2;42;1;9147;1;1;100.0;1;37;37;9;9;100.0;1;0;0;1;0;0;54;0;13;15;20;13;12.461538461538462;1;10;13;13;10;11.1;1;15.5;2.8;-4.06;Dropout;628;C;data latih;Tidak dipanggil
MHS2850;1;44;1;9085;1;39;140.0;1;3;3;4;2;140.0;1;0;0;1;0;0;19;0;0;6;8;4;14.4;0;0;6;6;5;13.0;0;13.9;-0.3;0.79;Graduate;633;C;data latih;Tidak dipanggil
MHS2851;1;18;2;9773;1;1;109.0;1;1;1;4;4;109.0;1;0;0;0;0;0;20;0;0;6;6;0;0.0;0;0;6;0;0;0.0;0;8.9;1.4;3.51;Dropout;476;E;data uji;Menghilang dari kelas
MHS2852;1;1;3;9773;1;1;130.0;1;1;37;4;5;120.9;1;0;1;1;0;0;18;0;0;6;6;6;14.333333333333334;0;0;6;6;6;14.166666666666666;0;8.9;1.4;3.51;Graduate;675;B;data latih;Tidak dipanggil
MHS2853;1;53;1;9003;1;42;130.0;1;1;1;144;144;125.8;0;0;1;1;0;0;21;0;7;13;21;11;11.909090909090908;0;5;11;14;11;10.727272727272728;0;8.9;1.4;3.51;Graduate;605;C;data latih;Tidak dipanggil
MHS2854;1;18;3;9070;1;1;164.0;1;1;1;5;3;161.2;1;0;0;1;0;0;18;0;1;6;8;6;13.714285714285714;1;0;6;8;6;14.375;0;13.9;-0.3;0.79;Graduate;692;B;data latih;Tidak dipanggil
MHS2855;1;1;1;9500;1;1;125.0;1;19;19;9;10;122.0;1;0;1;1;0;0;19;0;0;7;0;0;0.0;0;0;8;0;0;0.0;0;11.1;0.6;2.02;Dropout;545;E;data latih;Menghilang dari kelas
MHS2856;1;17;1;9500;1;1;137.0;1;1;1;9;9;127.9;1;0;0;1;0;1;18;0;0;7;10;5;13.46;0;0;7;8;7;12.2375;0;11.1;0.6;2.02;Dropout;700;A;data latih;Tidak dipanggil
MHS2857;1;1;1;9773;1;1;133.0;1;1;3;3;3;135.8;1;0;0;1;0;0;19;0;0;6;6;6;15.0;0;0;6;6;6;13.333333333333334;0;11.1;0.6;2.02;Graduate;694;B;data latih;Tidak dipanggil
MHS2858;1;1;1;171;1;1;163.0;1;1;1;4;3;149.7;1;0;0;1;0;1;18;0;0;0;0;0;0.0;0;0;0;0;0;0.0;0;13.9;-0.3;0.79;Dropout;591;D;data latih;Menghilang dari kelas
MHS2859;1;1;2;9670;1;1;160.0;1;2;1;4;4;137.3;1;0;0;1;0;0;19;0;0;6;7;5;13.4;0;0;6;6;5;12.8;0;12.7;3.7;-1.7;Graduate;631;C;data latih;Tidak dipanggil
MHS2860;4;43;1;8014;0;12;133.1;1;34;34;0;0;106.0;1;0;0;1;0;0;48;0;0;6;9;5;13.0;0;0;6;10;4;12.5;0;7.6;2.6;0.32;Enrolled;608;C;mahasiswa aktif;Tidak dipanggil
MHS2861;4;43;1;9238;1;1;120.0;1;37;37;9;9;110.0;0;0;1;1;0;0;34;0;0;6;13;4;11.25;0;0;6;8;4;13.75;0;13.9;-0.3;0.79;Graduate;583;D;data uji;Berjuang secara akademik
MHS2862;1;1;1;9085;1;1;140.0;1;3;3;2;2;146.4;0;0;0;1;0;0;18;0;0;5;5;5;12.6;0;0;5;7;5;11.6;0;7.6;2.6;0.32;Graduate;606;C;data uji;Tidak dipanggil
MHS2863;2;39;1;8014;0;1;140.0;1;37;37;9;9;121.0;0;0;0;1;0;0;50;0;0;6;8;6;12.666666666666666;0;0;6;6;6;11.833333333333334;0;10.8;1.4;1.74;Graduate;649;C;data latih;Tidak dipanggil
MHS2864;1;43;1;9853;1;1;140.0;1;37;37;6;6;125.2;0;0;1;1;0;0;41;0;20;21;23;21;12.333333333333334;0;19;19;19;19;12.105263157894736;0;12.4;0.5;1.79;Graduate;621;C;data latih;Tidak dipanggil
MHS2865;1;17;2;9773;1;1;115.0;1;1;1;5;5;119.6;1;0;0;1;0;1;22;0;0;6;11;5;12.0;0;0;6;11;5;11.0;0;7.6;2.6;0.32;Dropout;608;C;data latih;Tidak dipanggil
MHS2866;4;39;1;9147;1;1;140.0;1;37;37;9;9;142.8;0;0;0;1;0;0;43;0;0;5;5;5;16.4;0;0;5;5;5;16.6;0;7.6;2.6;0.32;Graduate;606;C;data latih;Tidak dipanggil
MHS2867;2;39;1;8014;0;19;133.1;1;3;19;90;90;123.5;0;0;0;1;0;0;50;0;0;1;1;0;0.0;1;0;6;0;0;0.0;0;10.8;1.4;1.74;Dropout;529;E;data latih;Menghilang dari kelas
MHS2868;1;39;1;9003;1;19;133.1;1;37;37;9;9;100.0;0;0;0;1;0;0;60;0;0;6;10;6;12.75;0;0;6;6;4;14.75;0;13.9;-0.3;0.79;Graduate;616;C;data uji;Tidak dipanggil
MHS2869;2;39;1;9147;1;1;110.0;1;37;37;9;10;140.0;0;0;0;1;0;0;41;0;0;5;14;4;14.5;1;0;5;12;5;13.0;0;9.4;-0.8;-3.12;Enrolled;601;C;mahasiswa aktif;Tidak dipanggil
MHS2870;2;39;1;9991;0;19;133.1;1;37;37;9;9;150.3;0;0;0;1;0;0;47;0;0;5;5;5;14.8;0;0;5;5;5;14.4;0;7.6;2.6;0.32;Graduate;602;C;data latih;Tidak dipanggil
MHS2871;1;1;1;171;1;3;116.0;1;3;3;2;2;128.2;0;0;0;1;0;0;22;0;12;17;22;17;10.36842105263158;0;14;17;18;17;11.5;0;11.1;0.6;2.02;Graduate;633;C;data latih;Tidak dipanggil
MHS2872;2;39;1;9500;1;1;110.0;1;37;37;9;6;114.3;0;0;0;1;0;0;41;0;0;7;0;0;0.0;0;0;8;0;0;0.0;0;10.8;1.4;1.74;Dropout;536;E;data latih;Menghilang dari kelas
MHS2873;2;43;1;9991;0;1;140.0;1;38;37;5;6;117.3;0;0;0;1;0;0;28;0;6;10;15;6;10.666666666666666;0;5;10;17;9;11.333333333333334;1;7.6;2.6;0.32;Enrolled;615;C;mahasiswa aktif;Tidak dipanggil
MHS2874;5;42;1;9254;1;2;120.0;1;37;37;4;9;120.0;0;0;0;1;0;0;32;0;9;15;21;13;12.692307692307692;0;12;15;22;13;12.384615384615383;0;10.8;1.4;1.74;Graduate;657;B;data latih;Tidak dipanggil
MHS2875;2;39;1;9991;0;12;133.1;1;37;34;90;90;110.7;1;0;0;1;0;0;50;0;0;5;0;0;0.0;0;0;5;0;0;0.0;0;7.6;2.6;0.32;Dropout;520;E;data latih;Menghilang dari kelas
MHS2876;1;51;1;9147;1;1;160.0;1;1;37;9;10;118.0;0;0;0;1;0;0;53;0;14;15;15;15;11.8;0;12;13;13;12;11.666666666666666;1;8.9;1.4;3.51;Enrolled;621;C;mahasiswa aktif;Tidak dipanggil
MHS2877;1;39;1;9556;1;1;133.1;6;3;3;4;4;169.2;0;0;1;0;0;0;54;1;0;7;7;0;0.0;0;0;5;10;0;0.0;0;12.4;0.5;1.79;Dropout;420;E;data latih;Terhalang biaya
MHS2878;1;39;1;8014;0;1;120.0;1;37;37;9;7;106.8;0;0;0;1;0;0;49;0;0;6;9;5;12.333333333333334;0;0;6;12;4;11.5;0;13.9;-0.3;0.79;Enrolled;569;D;mahasiswa aktif;Berjuang secara akademik
MHS2879;2;42;1;9853;1;1;133.1;1;37;37;4;7;100.0;0;0;0;1;0;0;34;0;6;12;18;11;13.0;0;4;13;22;8;11.875;0;12.7;3.7;-1.7;Dropout;654;C;data latih;Tidak dipanggil
MHS2880;4;39;1;8014;0;1;133.1;1;38;37;5;7;144.5;0;0;0;1;0;0;45;0;0;6;13;4;12.5;0;0;6;8;3;11.666666666666666;0;16.2;0.3;-0.92;Dropout;569;D;data uji;Berjuang secara akademik
MHS2881;4;39;1;8014;0;19;133.1;1;37;37;9;7;134.5;0;0;0;1;0;1;47;0;0;6;8;5;12.2;0;0;6;10;4;11.25;0;12.4;0.5;1.79;Graduate;598;D;data uji;Berjuang secara akademik
MHS2882;1;43;1;9238;1;1;122.0;1;19;19;5;5;114.3;1;0;0;1;0;0;22;0;5;10;15;8;11.0;0;2;7;16;5;11.2;0;9.4;-0.8;-3.12;Enrolled;595;D;mahasiswa aktif;Berjuang secara akademik
MHS2883;2;39;1;9991;0;1;133.1;1;37;37;9;9;113.4;0;0;0;1;0;0;33;0;0;5;14;1;10.0;0;0;5;13;2;12.0;0;12.4;0.5;1.79;Dropout;547;E;data latih;Berjuang secara akademik
MHS2884;2;39;1;8014;0;1;140.0;1;37;37;9;9;128.0;0;0;0;1;0;1;43;0;0;6;7;6;12.333333333333334;0;0;6;8;6;11.5;0;8.9;1.4;3.51;Graduate;651;C;data latih;Tidak dipanggil
MHS2885;1;7;1;9003;1;3;120.0;1;37;37;6;6;120.0;0;0;0;1;0;0;54;0;9;13;13;13;14.307692307692308;0;5;12;15;12;15.23076923076923;0;15.5;2.8;-4.06;Graduate;655;C;data uji;Tidak dipanggil
MHS2886;1;39;1;8014;0;2;130.0;1;37;37;5;7;147.5;0;0;0;1;0;0;39;0;7;11;13;11;14.454545454545457;0;6;8;8;8;13.5;0;12.7;3.7;-1.7;Graduate;657;B;data latih;Tidak dipanggil
MHS2887;2;39;1;9991;0;1;120.0;1;37;37;9;9;120.7;0;0;0;1;0;0;39;0;0;5;6;5;11.0;0;0;5;5;5;13.2;0;7.6;2.6;0.32;Graduate;585;D;data latih;Berjuang secara akademik
MHS2888;1;1;1;9853;1;1;153.0;1;19;37;9;9;153.7;0;0;0;1;0;1;18;0;0;6;8;6;13.142857142857142;0;0;6;6;6;12.833333333333334;0;15.5;2.8;-4.06;Graduate;714;A;data latih;Tidak dipanggil
MHS2889;1;17;1;9238;1;1;131.0;1;37;37;9;7;121.9;0;0;0;1;0;1;19;0;0;6;8;6;13.75;0;0;6;7;6;11.857142857142858;0;16.2;0.3;-0.92;Graduate;717;A;data latih;Tidak dipanggil
MHS2890;1;17;4;9670;1;1;126.0;1;38;19;9;6;119.4;1;0;0;1;0;1;18;0;0;6;6;6;14.0;0;0;6;9;5;13.8;0;8.9;1.4;3.51;Graduate;683;B;data latih;Tidak dipanggil
MHS2891;2;39;1;8014;0;12;110.0;1;34;34;0;0;157.8;0;0;0;1;0;0;44;0;5;8;13;8;13.75;0;2;6;9;6;12.5;0;7.6;2.6;0.32;Graduate;654;C;data latih;Tidak dipanggil
MHS2892;1;39;1;9991;0;1;150.0;1;3;1;3;9;154.0;0;0;0;1;0;0;27;0;0;5;5;0;0.0;0;0;5;6;0;0.0;0;12.4;0.5;1.79;Dropout;522;E;data latih;Menghilang dari kelas
MHS2893;1;1;2;9670;1;1;131.0;1;1;19;4;7;135.9;1;0;0;1;0;1;18;0;0;6;6;6;13.166666666666666;0;0;6;8;6;12.428571428571429;0;8.9;1.4;3.51;Graduate;715;A;data latih;Tidak dipanggil
MHS2894;2;43;1;8014;0;1;130.0;1;34;34;0;0;130.0;0;0;0;1;0;0;45;0;10;12;12;9;12.444444444444445;3;4;7;8;6;12.0;0;9.4;-0.8;-3.12;Dropout;658;B;data latih;Tidak dipanggil
MHS2895;1;17;4;9853;1;1;122.0;1;38;37;9;9;118.9;1;0;0;1;0;0;20;0;0;6;7;6;12.666666666666666;0;0;6;7;5;13.0;0;7.6;2.6;0.32;Graduate;634;C;data latih;Tidak dipanggil
MHS2896;2;1;1;8014;0;1;151.0;1;37;37;9;9;152.4;0;0;0;1;0;0;40;0;0;6;7;6;11.333333333333334;0;0;6;7;6;10.5;0;10.8;1.4;1.74;Graduate;637;C;data latih;Tidak dipanggil
MHS2897;1;39;1;9991;0;1;120.0;1;37;37;6;6;147.8;0;0;0;1;0;0;40;0;0;5;9;4;11.25;0;0;5;6;5;12.0;0;13.9;-0.3;0.79;Enrolled;580;D;mahasiswa aktif;Berjuang secara akademik
MHS2898;1;43;1;9500;1;1;136.0;1;3;3;2;2;100.0;0;0;0;1;0;0;18;0;0;7;8;7;13.6125;0;0;8;8;8;14.575;0;13.9;-0.3;0.79;Graduate;691;B;data uji;Tidak dipanggil
MHS2899;1;18;6;9500;1;1;140.0;1;3;19;3;8;129.0;1;0;0;1;0;0;21;0;0;8;8;7;12.414285714285716;0;0;8;8;7;12.414285714285716;0;12.7;3.7;-1.7;Graduate;678;B;data latih;Tidak dipanggil
MHS2900;1;17;2;171;1;1;131.0;1;2;1;3;3;148.9;1;0;0;1;0;0;20;0;0;0;0;0;0.0;0;0;0;0;0;0.0;0;9.4;-0.8;-3.12;Graduate;551;D;data uji;Menghilang dari kelas
MHS2901;2;43;1;9991;0;2;120.0;1;37;37;9;8;120.0;0;0;0;1;0;0;36;0;8;12;21;11;11.5;0;7;12;22;12;11.4375;0;9.4;-0.8;-3.12;Enrolled;613;C;mahasiswa aktif;Tidak dipanggil
MHS2902;2;7;1;8014;0;3;170.0;1;19;19;4;4;170.0;0;0;0;1;0;0;27;0;0;5;5;0;0.0;0;0;6;0;0;0.0;0;9.4;-0.8;-3.12;Dropout;530;E;data latih;Menghilang dari kelas
MHS2903;2;39;1;9556;1;1;100.0;6;38;38;9;9;130.0;0;0;0;1;0;0;32;1;0;7;10;7;11.0;0;0;8;8;8;13.125;0;12.7;3.7;-1.7;Graduate;639;C;data latih;Tidak dipanggil
MHS2904;1;17;1;9238;1;1;116.0;1;1;1;3;3;119.2;1;0;0;1;0;1;18;0;0;6;6;6;14.0;0;0;6;6;6;13.5;0;8.9;1.4;3.51;Graduate;724;A;data latih;Tidak dipanggil
MHS2905;1;39;1;8014;0;1;133.1;1;37;37;9;7;129.0;0;0;0;1;0;0;37;0;0;6;13;4;12.0;0;0;6;10;3;12.0;0;16.2;0.3;-0.92;Dropout;589;D;data uji;Berjuang secara akademik
MHS2906;1;17;1;9773;1;1;136.0;1;3;1;2;3;132.5;1;0;0;1;0;0;19;0;0;6;7;6;12.5;0;0;6;7;6;12.5;0;10.8;1.4;1.74;Graduate;677;B;data latih;Tidak dipanggil
MHS2907;4;39;2;8014;0;1;160.0;1;37;38;7;5;115.0;0;0;0;1;0;1;41;0;0;6;8;6;11.333333333333334;0;0;6;9;6;11.333333333333334;0;10.8;1.4;1.74;Graduate;644;C;data latih;Tidak dipanggil
MHS2908;2;1;4;9500;1;1;140.0;1;1;37;4;9;128.0;0;0;0;1;0;1;18;0;0;7;7;6;14.066666666666668;0;0;7;7;6;14.066666666666668;0;7.6;2.6;0.32;Graduate;737;A;data latih;Tidak dipanggil
MHS2909;1;43;1;9085;1;1;130.0;1;37;37;90;90;125.1;0;0;0;1;0;0;21;0;2;9;14;8;13.555555555555555;0;2;7;10;7;13.571428571428571;0;7.6;2.6;0.32;Graduate;675;B;data latih;Tidak dipanggil
MHS2910;1;44;1;9003;1;1;140.0;1;1;19;3;9;140.0;1;0;1;0;0;0;23;0;0;6;13;5;11.6;0;0;6;11;4;12.25;0;12.4;0.5;1.79;Dropout;496;E;data latih;Terhalang biaya
MHS2911;1;17;2;9773;1;1;123.0;1;1;1;3;3;120.9;1;0;0;1;0;0;18;0;0;6;0;0;0.0;0;0;6;0;0;0.0;0;13.9;-0.3;0.79;Dropout;559;D;data latih;Menghilang dari kelas
MHS2912;1;1;6;9500;1;1;143.0;1;19;19;4;4;135.3;1;0;0;1;0;0;18;0;0;8;8;8;13.27625;0;0;8;8;8;13.27625;0;9.4;-0.8;-3.12;Graduate;699;A;data latih;Tidak dipanggil
MHS2913;1;43;4;9085;1;1;133.1;1;34;34;99;99;125.2;0;0;0;1;0;0;21;0;0;6;0;0;0.0;0;0;6;0;0;0.0;0;7.6;2.6;0.32;Dropout;549;E;data uji;Menghilang dari kelas
MHS2914;1;1;2;9238;1;1;136.0;1;22;30;0;8;135.7;1;0;0;1;0;0;19;0;0;6;8;6;14.375;0;0;6;8;6;14.75;0;7.6;2.6;0.32;Graduate;705;A;data uji;Tidak dipanggil
MHS2915;6;39;2;9147;1;1;133.1;1;37;37;9;9;110.0;0;0;0;1;0;0;47;0;0;5;0;0;0.0;0;0;5;0;0;0.0;0;9.4;-0.8;-3.12;Dropout;524;E;data latih;Menghilang dari kelas
MHS2916;6;39;1;8014;0;1;133.1;1;37;37;9;9;119.0;0;0;0;1;0;1;48;0;0;6;7;6;10.666666666666666;0;0;6;9;5;11.8;0;10.8;1.4;1.74;Enrolled;607;C;mahasiswa aktif;Tidak dipanggil
MHS2917;2;7;1;8014;0;3;110.0;1;37;37;9;9;110.0;0;0;0;1;0;0;39;0;9;13;19;12;13.416666666666666;0;4;10;10;10;14.5;0;16.2;0.3;-0.92;Graduate;659;B;data latih;Tidak dipanggil
MHS2918;1;1;1;9500;1;1;118.0;1;38;38;7;7;115.2;1;0;0;1;0;0;19;0;0;7;9;6;12.97166666666667;0;0;8;9;7;12.321428571428571;0;11.1;0.6;2.02;Graduate;692;B;data latih;Tidak dipanggil
MHS2919;1;43;1;9991;0;2;110.0;1;37;37;9;9;112.9;0;0;0;1;0;0;38;0;14;15;16;14;10.928571428571429;0;12;14;16;12;11.833333333333334;0;9.4;-0.8;-3.12;Dropout;640;C;data uji;Tidak dipanggil
MHS2920;5;39;1;9003;1;19;133.1;1;19;1;9;9;119.4;0;0;1;0;0;0;27;0;0;6;6;0;0.0;0;0;6;7;0;0.0;0;8.9;1.4;3.51;Dropout;422;E;data latih;Terhalang biaya
MHS2921;1;1;1;171;1;1;162.0;1;19;19;4;7;152.9;1;0;0;1;0;1;18;0;0;0;0;0;0.0;0;0;0;0;0;0.0;0;12.4;0.5;1.79;Graduate;591;D;data latih;Menghilang dari kelas
MHS2922;1;39;1;8014;0;1;155.0;1;19;37;4;5;117.5;0;0;0;1;0;0;34;0;0;6;6;4;13.25;0;0;6;6;0;0.0;0;12.7;3.7;-1.7;Enrolled;572;D;mahasiswa aktif;Berjuang secara akademik
MHS2923;2;39;1;9238;1;19;133.1;1;37;37;4;4;98.5;0;0;0;1;0;0;48;0;0;6;14;6;11.333333333333334;0;0;6;11;5;12.4;0;15.5;2.8;-4.06;Dropout;611;C;data latih;Tidak dipanggil
MHS2924;1;39;1;9670;1;1;150.0;1;34;34;0;0;108.0;0;0;0;1;0;0;25;0;0;5;6;1;11.0;0;0;5;5;0;0.0;0;7.6;2.6;0.32;Dropout;543;E;data latih;Menghilang dari kelas
MHS2925;2;39;1;9500;1;1;133.1;1;19;37;6;6;120.0;0;0;0;1;0;1;32;0;0;8;9;7;12.757142857142856;0;0;8;9;7;12.757142857142856;0;12.7;3.7;-1.7;Graduate;683;B;data uji;Tidak dipanggil
MHS2926;1;1;1;9773;1;1;154.0;1;37;37;9;7;150.2;0;0;0;1;0;1;18;0;0;6;6;6;14.5;0;0;6;6;6;14.666666666666666;0;16.2;0.3;-0.92;Graduate;730;A;data latih;Tidak dipanggil
MHS2927;1;44;1;8014;0;39;140.0;1;1;3;4;6;139.2;0;0;1;1;0;0;20;0;3;6;6;6;13.833333333333334;0;2;6;7;6;14.571428571428571;0;12.4;0.5;1.79;Graduate;663;B;data latih;Tidak dipanggil
MHS2928;1;1;1;9147;1;1;158.0;1;19;37;9;7;130.0;1;0;0;1;0;0;20;0;0;5;8;4;11.25;0;0;5;7;5;10.4;0;7.6;2.6;0.32;Graduate;590;D;data latih;Berjuang secara akademik
MHS2929;1;1;1;171;1;1;122.0;1;37;37;9;3;115.7;1;0;0;1;0;0;20;0;0;0;0;0;0.0;0;0;0;0;0;0.0;0;9.4;-0.8;-3.12;Dropout;558;D;data uji;Menghilang dari kelas
MHS2930;1;1;3;9500;1;1;136.0;1;1;1;4;4;127.0;1;0;0;1;0;0;19;0;0;8;10;1;13.67;7;0;8;10;1;13.67;7;9.4;-0.8;-3.12;Enrolled;628;C;mahasiswa aktif;Tidak dipanggil
MHS2931;1;39;1;9991;0;9;133.1;1;37;34;90;90;118.1;1;0;0;1;0;0;39;0;0;5;9;0;0.0;0;0;5;5;2;12.5;0;7.6;2.6;0.32;Dropout;547;E;data uji;Berjuang secara akademik
MHS2932;1;1;1;9130;1;1;132.0;1;6;6;0;4;119.1;1;0;1;1;0;0;29;0;0;5;10;1;13.0;4;0;5;14;0;0.0;8;10.8;1.4;1.74;Dropout;539;E;data latih;Berjuang secara akademik
MHS2933;1;39;1;9991;0;1;130.0;1;37;37;6;6;111.9;0;0;1;1;0;0;36;0;0;5;5;0;0.0;0;0;5;5;0;0.0;0;12.7;3.7;-1.7;Dropout;494;E;data latih;Menghilang dari kelas
MHS2934;1;1;6;9500;1;1;144.0;1;19;19;9;9;130.5;1;0;0;1;0;0;18;0;0;8;12;7;11.971428571428572;0;0;8;12;7;11.971428571428572;0;12.7;3.7;-1.7;Graduate;684;B;data latih;Tidak dipanggil
MHS2935;2;39;1;8014;0;12;133.1;1;34;34;0;0;135.0;0;0;0;1;0;0;51;0;0;6;12;0;0.0;0;1;6;11;0;0.0;1;7.6;2.6;0.32;Dropout;529;E;data latih;Berjuang secara akademik
MHS2936;1;43;1;9773;1;1;133.1;22;34;34;90;90;130.0;0;0;1;1;0;0;23;1;0;6;11;1;16.0;0;0;6;8;4;12.25;0;7.6;2.6;0.32;Dropout;568;D;data uji;Berjuang secara akademik
MHS2937;1;44;1;9085;1;1;150.0;1;29;10;6;6;150.0;1;0;0;1;0;0;21;0;0;6;0;0;0.0;0;0;6;0;0;0.0;0;10.8;1.4;1.74;Dropout;554;D;data latih;Menghilang dari kelas
MHS2938;1;43;5;9853;1;1;150.0;1;34;34;0;0;150.2;1;0;0;0;0;0;28;0;0;6;9;4;12.75;1;0;5;5;0;0.0;5;9.4;-0.8;-3.12;Dropout;494;E;data latih;Terhalang biaya
MHS2939;2;39;1;9991;0;1;110.0;1;37;37;9;3;127.1;0;0;0;1;0;0;34;0;0;5;9;4;11.0;0;0;5;10;4;10.75;1;7.6;2.6;0.32;Enrolled;553;D;mahasiswa aktif;Berjuang secara akademik
MHS2940;1;39;1;8014;0;1;100.0;1;37;37;6;5;107.5;0;0;0;1;0;0;41;0;0;2;2;0;0.0;0;0;6;0;0;0.0;0;12.7;3.7;-1.7;Dropout;529;E;data latih;Menghilang dari kelas
MHS2941;4;39;1;8014;0;3;100.0;1;37;37;9;9;130.0;0;0;0;1;0;1;43;0;0;6;7;5;12.2;0;0;6;6;6;12.333333333333334;0;9.4;-0.8;-3.12;Graduate;662;B;data latih;Tidak dipanggil
MHS2942;2;39;2;9556;1;1;133.1;105;1;3;9;2;152.8;1;0;0;1;0;0;28;1;0;7;9;7;12.428571428571429;0;0;8;8;8;12.3;0;12.4;0.5;1.79;Enrolled;643;C;mahasiswa aktif;Tidak dipanggil
MHS2943;1;1;1;171;1;1;145.0;1;40;1;2;4;160.1;0;0;0;1;0;1;19;0;6;12;12;12;14.5;0;4;11;15;11;13.583333333333334;0;8.9;1.4;3.51;Graduate;717;A;data uji;Tidak dipanggil
MHS2944;1;39;1;9003;1;1;130.0;1;19;19;9;1;140.0;0;0;0;1;0;0;26;0;6;12;13;6;13.0;0;4;12;14;11;13.833333333333334;0;15.5;2.8;-4.06;Graduate;656;C;data latih;Tidak dipanggil
MHS2945;1;1;4;9500;1;1;118.0;1;4;3;2;3;110.7;1;0;0;1;0;0;18;0;0;7;7;7;11.714285714285714;0;0;8;8;8;12.75;0;12.4;0.5;1.79;Graduate;684;B;data latih;Tidak dipanggil
MHS2946;2;39;1;9853;1;1;133.1;1;37;19;9;5;138.3;0;0;0;1;0;0;45;0;0;7;12;4;10.25;0;0;7;10;3;13.0;0;11.1;0.6;2.02;Dropout;570;D;data uji;Berjuang secara akademik
MHS2947;1;44;1;9853;1;39;150.0;1;3;37;2;7;150.0;0;0;0;1;0;0;19;0;0;6;0;0;0.0;0;0;6;0;0;0.0;0;12.4;0.5;1.79;Dropout;547;E;data latih;Menghilang dari kelas
MHS2948;1;17;6;9670;1;1;113.0;1;4;1;3;10;112.3;0;0;0;1;0;0;20;0;0;6;9;6;12.375;0;0;6;7;6;13.142857142857142;0;11.1;0.6;2.02;Graduate;677;B;data latih;Tidak dipanggil
MHS2949;1;1;6;9853;1;1;136.0;1;1;19;5;5;122.0;0;0;0;1;0;0;18;0;0;6;6;6;12.666666666666666;0;0;6;6;6;12.0;0;7.6;2.6;0.32;Graduate;677;B;data latih;Tidak dipanggil
MHS2950;1;39;1;9085;1;1;140.0;1;3;3;4;2;141.7;1;0;0;1;0;0;27;0;0;6;13;3;10.5;0;0;6;19;1;12.0;0;12.4;0.5;1.79;Dropout;591;D;data latih;Berjuang secara akademik
MHS2951;2;1;1;9003;1;1;131.0;1;19;38;5;5;118.4;0;0;0;1;0;0;20;0;0;6;11;6;14.125;0;0;6;10;5;12.6;0;13.9;-0.3;0.79;Graduate;644;C;data latih;Tidak dipanggil
MHS2952;1;1;3;9085;1;1;138.0;1;1;1;4;8;128.7;1;0;0;1;0;0;18;0;0;6;7;6;14.666666666666666;0;0;6;12;6;13.833333333333334;0;8.9;1.4;3.51;Graduate;701;A;data uji;Tidak dipanggil
MHS2953;2;39;2;9670;1;1;100.0;1;37;37;9;9;100.0;0;0;0;1;0;0;35;0;0;5;8;5;11.4;0;0;5;7;3;12.333333333333334;0;9.4;-0.8;-3.12;Enrolled;586;D;mahasiswa aktif;Berjuang secara akademik
MHS2954;1;39;1;171;1;1;140.0;1;37;37;9;9;100.8;0;1;0;1;0;0;26;0;0;0;0;0;0.0;0;0;0;0;0;0.0;0;16.2;0.3;-0.92;Dropout;527;E;data latih;Menghilang dari kelas
MHS2955;4;39;1;9238;1;1;120.0;1;37;37;9;9;125.5;1;0;0;1;0;1;39;0;0;6;7;6;14.0;0;0;6;7;5;14.8;0;12.7;3.7;-1.7;Graduate;662;B;data latih;Tidak dipanggil
MHS2956;1;1;1;171;1;1;139.0;1;37;37;9;9;124.0;1;0;0;1;0;0;18;0;0;0;0;0;0.0;0;0;0;0;0;0.0;0;7.6;2.6;0.32;Graduate;562;D;data latih;Menghilang dari kelas
MHS2957;1;7;1;9500;1;3;130.0;1;37;37;9;5;130.0;0;0;0;1;0;0;36;0;0;7;7;0;0.0;7;0;7;7;0;0.0;7;16.2;0.3;-0.92;Dropout;535;E;data latih;Menghilang dari kelas
MHS2958;2;39;1;8014;0;3;110.0;1;37;37;9;9;160.5;0;0;0;1;0;0;38;0;8;11;11;11;12.636363636363637;0;5;8;8;8;11.0;0;13.9;-0.3;0.79;Graduate;620;C;data uji;Tidak dipanggil
MHS2959;2;39;1;9853;1;19;133.1;1;37;19;3;7;100.0;0;0;0;1;0;0;45;0;0;6;11;3;12.333333333333334;0;0;6;13;2;11.0;0;7.6;2.6;0.32;Dropout;560;D;data latih;Berjuang secara akademik
MHS2960;5;39;1;9254;1;1;133.1;1;2;2;2;2;103.0;0;0;0;1;0;0;62;0;0;6;7;6;15.0;0;0;6;10;6;12.833333333333334;0;10.8;1.4;1.74;Graduate;656;C;data latih;Tidak dipanggil
MHS2961;1;1;1;9670;1;1;133.1;1;1;1;9;1;103.0;1;0;0;1;0;1;20;0;0;6;8;4;11.75;0;0;6;10;6;12.666666666666666;0;10.8;1.4;1.74;Graduate;685;B;data uji;Tidak dipanggil
MHS2962;1;1;1;9500;1;1;139.0;1;19;37;9;9;131.5;1;0;0;1;0;0;18;0;0;8;8;7;14.13714285714286;0;0;8;8;7;14.13714285714286;0;10.8;1.4;1.74;Graduate;706;A;data latih;Tidak dipanggil
MHS2963;1;18;3;9070;1;1;134.0;1;1;1;3;4;121.4;0;0;0;1;0;0;18;0;0;6;6;2;12.0;0;0;6;6;1;11.0;0;9.4;-0.8;-3.12;Dropout;592;D;data latih;Menghilang dari kelas
MHS2964;2;1;1;9991;0;3;160.0;1;1;3;4;9;137.3;0;0;0;1;0;0;23;0;0;5;5;5;10.8;0;0;5;9;4;11.5;0;9.4;-0.8;-3.12;Graduate;577;D;data latih;Berjuang secara akademik
MHS2965;1;1;1;9070;1;1;124.0;1;19;19;9;9;138.4;1;0;1;1;0;1;19;0;1;6;8;6;13.285714285714286;1;0;6;8;6;12.5;0;13.9;-0.3;0.79;Dropout;692;B;data latih;Tidak dipanggil
MHS2966;1;17;1;9147;1;1;137.0;1;1;3;7;3;131.1;1;0;1;1;0;1;19;0;0;5;7;5;13.6;0;0;5;5;5;12.6;0;8.9;1.4;3.51;Graduate;625;C;data latih;Tidak dipanggil
MHS2967;1;42;1;9500;1;1;157.0;1;3;3;3;3;100.0;0;0;0;1;0;0;18;0;0;7;8;7;13.55;0;0;8;8;8;14.1875;0;13.9;-0.3;0.79;Graduate;695;A;data latih;Tidak dipanggil
MHS2968;1;17;4;9500;1;1;138.0;1;4;1;2;1;133.0;1;0;0;1;0;0;18;0;0;8;8;0;0.0;5;0;8;8;0;0.0;5;9.4;-0.8;-3.12;Enrolled;566;D;mahasiswa aktif;Menghilang dari kelas
MHS2969;1;39;2;8014;0;1;100.0;1;35;37;90;90;100.0;0;0;0;1;0;0;41;0;0;6;10;4;13.5;0;1;6;7;6;11.166666666666666;0;7.6;2.6;0.32;Graduate;609;C;data latih;Tidak dipanggil
MHS2970;1;39;1;9670;1;1;130.0;1;19;3;4;2;159.0;0;0;0;1;0;1;51;0;0;6;8;5;11.6;0;0;6;9;5;14.2;0;12.4;0.5;1.79;Graduate;625;C;data latih;Tidak dipanggil
MHS2971;1;43;2;9238;1;1;133.1;1;19;19;4;5;120.6;1;0;0;1;0;0;24;0;6;10;16;10;12.5;0;2;7;9;4;12.6;0;16.2;0.3;-0.92;Graduate;629;C;data latih;Tidak dipanggil
MHS2972;1;39;1;9991;0;3;120.0;1;19;1;9;5;134.0;0;0;0;1;0;0;25;0;0;5;14;1;11.0;0;0;5;11;2;12.666666666666666;4;16.2;0.3;-0.92;Dropout;564;D;data latih;Berjuang secara akademik
MHS2973;1;5;1;9085;1;1;150.0;1;1;1;4;4;139.4;0;0;0;1;0;0;18;0;0;5;9;3;12.0;1;0;5;6;4;13.0;0;7.6;2.6;0.32;Enrolled;622;C;mahasiswa aktif;Tidak dipanggil
MHS2974;1;16;6;9147;1;1;128.0;1;37;37;9;9;116.5;1;0;0;1;0;0;20;0;0;5;8;4;11.6;0;0;5;10;3;12.333333333333334;0;7.6;2.6;0.32;Graduate;608;C;data latih;Tidak dipanggil
MHS2975;1;1;1;171;1;1;124.0;1;1;19;123;103;113.9;1;1;0;1;0;0;19;0;0;0;0;0;0.0;0;0;0;0;0;0.0;0;13.9;-0.3;0.79;Dropout;560;D;data latih;Menghilang dari kelas
MHS2976;5;43;1;9991;0;3;130.0;1;3;3;1;1;130.0;0;0;0;1;0;0;41;0;5;10;14;10;14.636363636363637;0;5;10;13;10;14.6;0;16.2;0.3;-0.92;Graduate;662;B;data latih;Tidak dipanggil
MHS2977;1;1;2;9254;1;1;132.0;1;1;19;9;9;129.9;1;0;0;1;0;1;19;0;0;6;8;6;13.0;0;0;6;6;6;12.166666666666666;0;8.9;1.4;3.51;Graduate;713;A;data latih;Tidak dipanggil
MHS2978;1;42;1;9853;1;12;133.1;1;1;3;3;2;133.7;0;0;0;1;0;0;28;0;14;18;23;14;12.785714285714286;2;16;17;18;16;13.875;0;16.2;0.3;-0.92;Dropout;663;B;data latih;Tidak dipanggil
MHS2979;1;1;3;9070;1;1;129.0;1;5;3;5;7;124.8;1;0;0;1;0;0;21;0;0;6;6;6;14.5;0;0;6;7;5;12.0;0;12.4;0.5;1.79;Graduate;652;C;data uji;Tidak dipanggil
MHS2980;1;1;1;9085;1;1;135.0;1;3;2;1;1;133.6;1;0;0;0;0;0;22;0;0;5;12;4;14.6;3;0;5;5;4;12.75;1;9.4;-0.8;-3.12;Dropout;548;E;data latih;Terhalang biaya
MHS2981;1;17;4;9773;1;1;138.0;1;37;19;5;7;133.5;1;0;0;0;0;0;18;0;0;6;7;6;12.5;0;0;6;6;6;12.166666666666666;0;10.8;1.4;1.74;Graduate;602;C;data latih;Tidak dipanggil
MHS2982;1;1;1;9070;1;1;135.0;1;19;37;9;9;128.0;1;0;0;1;0;1;19;0;0;6;6;6;14.0;0;0;6;8;6;13.125;0;10.8;1.4;1.74;Graduate;725;A;data latih;Tidak dipanggil
MHS2983;1;17;6;9500;1;1;131.0;1;3;19;5;5;127.2;1;0;0;1;0;1;19;0;0;7;7;7;13.801428571428572;0;0;8;8;8;14.575;0;11.1;0.6;2.02;Graduate;726;A;data latih;Tidak dipanggil
MHS2984;1;7;1;9853;1;3;150.0;1;19;19;4;5;150.0;0;0;1;0;0;0;25;0;1;6;7;6;14.428571428571429;0;0;6;7;6;13.666666666666666;0;10.8;1.4;1.74;Graduate;548;E;data latih;Terhalang biaya
MHS2985;1;42;4;9500;1;6;133.0;1;1;19;2;9;127.8;1;0;0;1;0;1;18;0;0;7;7;6;14.35;0;0;7;7;6;14.35;0;7.6;2.6;0.32;Graduate;728;A;data uji;Tidak dipanggil
MHS2986;1;17;1;9070;1;1;135.0;1;37;19;9;9;125.2;1;0;0;1;0;0;19;0;0;6;6;6;14.333333333333334;0;0;6;6;6;13.5;0;12.7;3.7;-1.7;Graduate;689;B;data latih;Tidak dipanggil
MHS2987;1;43;2;9853;1;1;118.0;1;19;1;5;4;110.0;1;0;0;1;0;0;20;0;0;6;10;4;12.25;0;0;6;8;4;11.5;0;10.8;1.4;1.74;Enrolled;580;D;mahasiswa aktif;Berjuang secara akademik
MHS2988;2;39;1;8014;0;19;100.0;1;34;34;0;0;100.0;0;0;0;1;0;0;46;0;0;6;9;6;13.333333333333334;0;0;6;6;6;11.833333333333334;0;7.6;2.6;0.32;Graduate;652;C;data latih;Tidak dipanggil
MHS2989;1;17;1;171;1;1;158.0;1;3;3;3;3;151.4;1;0;0;0;0;0;19;0;6;12;12;12;13.0;0;4;11;14;11;13.25;0;8.9;1.4;3.51;Graduate;602;C;data latih;Tidak dipanggil
MHS2990;1;1;2;9254;1;1;137.0;1;38;19;9;7;125.1;1;0;0;1;0;0;18;0;0;6;10;4;11.75;0;0;6;9;5;11.2;0;7.6;2.6;0.32;Enrolled;596;D;mahasiswa aktif;Berjuang secara akademik
MHS2991;1;1;1;9130;1;1;172.0;1;19;19;9;9;163.3;1;0;0;1;0;1;18;0;0;6;8;6;14.5;0;0;6;11;4;13.0;0;13.9;-0.3;0.79;Graduate;677;B;data latih;Tidak dipanggil
MHS2992;1;18;1;9500;1;1;123.0;1;37;37;3;3;118.0;1;0;0;1;0;1;19;0;0;8;8;7;11.82;0;0;8;8;7;11.82;0;10.8;1.4;1.74;Graduate;702;A;data latih;Tidak dipanggil
MHS2993;1;1;2;9773;1;1;144.0;1;3;3;3;2;140.2;1;0;0;1;0;0;20;0;0;6;0;0;0.0;0;0;6;0;0;0.0;0;16.2;0.3;-0.92;Dropout;562;D;data uji;Menghilang dari kelas
MHS2994;2;39;1;8014;0;1;140.0;1;37;37;5;6;128.5;0;0;0;1;0;1;38;0;0;6;6;5;12.4;0;0;6;7;6;12.666666666666666;0;9.4;-0.8;-3.12;Graduate;662;B;data uji;Tidak dipanggil
MHS2995;1;17;1;9773;1;1;136.0;1;1;38;9;8;131.5;1;0;0;1;0;0;18;0;0;6;7;6;12.571428571428571;0;0;6;8;6;11.857142857142858;0;13.9;-0.3;0.79;Graduate;679;B;data latih;Tidak dipanggil
MHS2996;1;17;5;9500;1;1;137.0;1;1;1;5;5;132.6;1;0;0;1;0;1;18;0;0;7;7;7;13.857142857142858;0;0;8;8;8;14.9;0;13.9;-0.3;0.79;Graduate;728;A;data latih;Tidak dipanggil
MHS2997;1;17;1;9238;1;1;128.0;1;19;1;0;5;122.1;1;0;0;1;0;0;18;0;0;6;9;5;11.833333333333334;0;0;6;7;5;13.8;0;13.9;-0.3;0.79;Graduate;635;C;data latih;Tidak dipanggil
MHS2998;1;17;1;9147;1;1;120.0;1;3;3;2;2;112.0;0;0;0;1;0;0;20;0;0;5;10;4;11.0;0;0;5;7;4;11.5;0;15.5;2.8;-4.06;Enrolled;583;D;mahasiswa aktif;Berjuang secara akademik
MHS2999;1;1;1;9130;1;1;130.0;1;3;19;4;8;133.0;1;0;0;1;0;0;19;0;0;6;6;6;14.666666666666666;0;0;6;8;6;13.666666666666666;0;12.4;0.5;1.79;Graduate;683;B;data latih;Tidak dipanggil
MHS3000;4;39;1;8014;0;1;138.0;1;19;19;90;90;127.0;0;0;0;0;0;0;37;0;0;4;4;0;0.0;0;0;5;10;0;0.0;0;10.8;1.4;1.74;Dropout;452;E;data latih;Terhalang biaya
MHS3001;1;39;1;9500;1;1;148.0;1;3;19;2;5;130.0;0;0;0;1;0;0;24;0;0;8;12;7;12.714285714285714;0;0;8;12;7;12.714285714285714;0;12.7;3.7;-1.7;Enrolled;656;C;mahasiswa aktif;Tidak dipanggil
MHS3002;1;1;2;9500;1;1;139.0;1;4;1;2;10;136.4;1;0;0;1;0;0;19;0;0;7;9;7;13.422222222222224;0;0;8;11;7;12.18888888888889;0;15.5;2.8;-4.06;Graduate;692;B;data latih;Tidak dipanggil
MHS3003;1;1;3;9773;1;1;136.0;1;3;1;5;3;129.0;1;0;0;1;0;1;19;0;0;6;7;6;14.0;0;0;6;8;5;12.2;0;13.9;-0.3;0.79;Dropout;681;B;data latih;Tidak dipanggil
MHS3004;1;17;3;9556;1;1;126.0;1;19;19;9;4;119.0;1;0;0;1;0;1;19;0;0;7;8;7;12.142857142857142;0;0;8;8;8;13.375;0;16.2;0.3;-0.92;Dropout;703;A;data latih;Tidak dipanggil
MHS3005;1;17;1;9147;1;1;135.0;1;37;38;9;9;128.0;1;0;1;1;0;1;18;0;0;5;5;5;12.8;0;0;5;5;5;13.0;0;11.1;0.6;2.02;Graduate;629;C;data latih;Tidak dipanggil
MHS3006;1;1;4;9500;1;1;122.0;1;19;38;7;7;117.1;1;0;0;1;0;1;18;0;0;7;7;7;14.572857142857142;0;0;8;9;8;14.955555555555556;0;12.4;0.5;1.79;Graduate;735;A;data latih;Tidak dipanggil
MHS3007;1;1;4;9147;1;1;137.0;1;1;19;4;5;136.3;0;0;0;1;0;0;18;0;0;5;9;4;11.25;0;0;5;6;4;11.0;0;8.9;1.4;3.51;Graduate;594;D;data latih;Berjuang secara akademik
MHS3008;1;17;5;9147;1;1;127.0;1;1;38;4;5;124.6;1;0;0;1;0;1;19;0;0;5;12;2;10.0;0;0;5;11;4;11.75;0;11.1;0.6;2.02;Enrolled;599;C;mahasiswa aktif;Tidak dipanggil
MHS3009;1;1;1;9130;1;1;137.0;1;40;19;2;9;130.7;1;0;0;1;0;0;18;0;0;6;8;5;14.4;0;0;6;11;4;14.6;0;8.9;1.4;3.51;Dropout;637;C;data latih;Tidak dipanggil
MHS3010;1;1;4;9500;1;1;125.0;1;1;12;3;6;115.2;1;0;0;1;0;0;20;0;0;7;7;7;12.982857142857142;0;0;8;8;8;14.4625;0;12.4;0.5;1.79;Graduate;700;A;data latih;Tidak dipanggil
MHS3011;1;17;1;9085;1;1;141.0;1;3;2;2;3;130.2;1;0;0;1;0;0;20;0;0;6;14;6;15.75;0;0;6;8;6;13.0;0;15.5;2.8;-4.06;Graduate;685;B;data latih;Tidak dipanggil
MHS3012;1;1;1;9085;1;1;132.0;1;2;2;6;6;128.5;0;0;0;1;0;0;18;0;0;6;11;5;12.285714285714286;0;0;6;19;3;14.0;1;12.4;0.5;1.79;Dropout;643;C;data latih;Tidak dipanggil
MHS3013;1;16;1;9500;1;1;133.1;1;37;37;9;9;95.0;1;0;0;1;0;0;20;0;0;7;7;6;13.755;0;0;8;9;7;13.571428571428571;0;12.4;0.5;1.79;Graduate;688;B;data uji;Tidak dipanggil
MHS3014;1;17;1;9670;1;1;132.0;1;1;1;3;3;119.4;1;0;0;1;0;1;18;0;0;6;7;6;13.833333333333334;0;0;6;11;6;13.5;0;8.9;1.4;3.51;Graduate;715;A;data latih;Tidak dipanggil
MHS3015;1;1;6;9500;1;1;142.0;1;1;37;7;7;123.5;1;0;0;1;0;0;19;0;0;7;0;0;0.0;0;0;8;0;0;0.0;0;12.7;3.7;-1.7;Dropout;571;D;data latih;Menghilang dari kelas
MHS3016;1;1;4;9500;1;1;136.0;1;38;1;5;6;133.9;1;0;0;1;0;0;18;0;0;7;9;7;14.711111111111112;0;0;8;9;8;14.627777777777778;0;15.5;2.8;-4.06;Graduate;706;A;data latih;Tidak dipanggil
MHS3017;1;53;1;9085;1;42;150.0;1;1;19;4;8;145.2;1;0;0;1;0;0;20;0;7;11;13;11;14.615384615384617;0;4;9;11;9;13.7;0;8.9;1.4;3.51;Graduate;681;B;data latih;Tidak dipanggil
MHS3018;1;1;1;9500;1;1;130.0;1;3;3;1;5;118.8;0;0;0;1;0;0;18;0;0;7;7;7;13.677142857142858;0;0;8;9;8;14.533333333333331;0;11.1;0.6;2.02;Graduate;704;A;data uji;Tidak dipanggil
MHS3019;1;16;2;9085;1;1;136.0;1;37;37;9;9;123.4;1;0;0;1;0;1;19;0;0;5;8;5;13.166666666666666;2;0;5;5;5;12.8;0;9.4;-0.8;-3.12;Graduate;654;C;data uji;Tidak dipanggil
MHS3020;1;17;6;9238;1;1;138.0;1;3;3;1;2;123.0;1;0;0;1;0;0;19;0;0;6;11;5;10.8;0;0;6;12;5;11.333333333333334;0;15.5;2.8;-4.06;Graduate;596;D;data latih;Berjuang secara akademik
MHS3021;1;17;1;9130;1;1;131.0;1;19;9;5;3;118.4;0;0;0;1;0;0;19;0;0;5;8;3;12.0;0;0;5;7;5;12.833333333333334;0;7.6;2.6;0.32;Graduate;611;C;data latih;Tidak dipanggil
MHS3022;1;1;1;9500;1;1;147.0;1;3;1;2;3;131.6;0;0;0;1;0;0;18;0;0;7;8;6;13.958333333333334;0;0;8;8;8;14.71875;0;11.1;0.6;2.02;Graduate;706;A;data latih;Tidak dipanggil
MHS3023;1;17;1;9853;1;1;140.0;1;38;19;4;10;122.3;1;0;0;1;0;0;19;0;0;6;9;4;13.0;0;0;6;9;4;12.25;0;12.7;3.7;-1.7;Dropout;618;C;data latih;Tidak dipanggil
MHS3024;1;1;2;171;1;1;152.0;1;38;19;9;9;151.7;1;0;0;1;0;1;24;0;0;0;0;0;0.0;0;0;0;0;0;0.0;0;11.1;0.6;2.02;Graduate;578;D;data latih;Menghilang dari kelas
MHS3025;1;1;1;171;1;1;169.0;1;19;37;9;7;176.0;1;0;0;1;0;1;18;0;0;0;0;0;0.0;0;0;0;0;0;0.0;0;12.4;0.5;1.79;Graduate;591;D;data latih;Menghilang dari kelas
MHS3026;1;1;6;9500;1;1;149.0;1;1;1;4;9;133.0;1;0;0;1;0;1;18;0;0;8;8;7;14.0;0;0;8;8;7;14.0;0;12.7;3.7;-1.7;Graduate;735;A;data latih;Tidak dipanggil
MHS3027;1;1;4;9773;1;1;137.0;1;3;19;2;3;139.8;1;1;0;1;0;0;18;0;0;6;10;6;12.571428571428571;0;0;6;11;6;12.571428571428571;0;10.8;1.4;1.74;Enrolled;686;B;mahasiswa aktif;Tidak dipanggil
MHS3028;1;1;4;9773;1;1;122.0;1;41;1;4;3;119.6;1;0;0;1;0;0;19;0;0;6;6;4;12.0;0;0;6;11;3;11.333333333333334;0;11.1;0.6;2.02;Dropout;597;D;data latih;Berjuang secara akademik
MHS3029;1;39;1;8014;0;1;130.0;1;37;37;9;6;134.0;0;0;0;1;0;1;35;0;2;8;8;8;13.625;0;1;7;7;7;14.0;0;8.9;1.4;3.51;Graduate;689;B;data latih;Tidak dipanggil
MHS3030;1;17;6;9147;1;1;145.0;1;37;37;9;9;132.0;1;0;0;1;0;0;19;0;0;5;7;4;12.5;0;0;5;8;4;10.0;1;7.6;2.6;0.32;Graduate;592;D;data latih;Berjuang secara akademik
MHS3031;1;7;1;9853;1;3;130.0;1;37;37;9;9;130.0;0;0;0;1;0;0;28;0;14;15;25;14;12.428571428571429;1;8;14;22;11;11.909090909090908;0;7.6;2.6;0.32;Dropout;639;C;data latih;Tidak dipanggil
MHS3032;1;43;1;9500;1;1;157.0;1;38;3;5;2;141.4;0;0;0;1;0;0;21;0;3;7;8;7;13.3875;0;2;8;8;8;15.9;0;13.9;-0.3;0.79;Graduate;687;B;data latih;Tidak dipanggil
MHS3033;1;18;2;9500;1;1;135.0;1;19;1;5;5;128.9;1;0;0;1;0;1;19;0;0;7;8;6;12.648333333333332;0;0;8;9;8;12.205555555555556;0;11.1;0.6;2.02;Graduate;709;A;data uji;Tidak dipanggil
MHS3034;1;5;2;9238;1;1;123.0;1;40;38;2;9;118.1;1;0;0;1;0;0;19;0;0;6;6;6;14.0;0;0;6;6;6;13.333333333333334;0;8.9;1.4;3.51;Graduate;691;B;data latih;Tidak dipanggil
MHS3035;1;1;1;9085;1;1;139.0;1;3;4;2;2;130.6;0;0;0;1;0;0;18;0;0;5;12;5;12.8;2;0;5;10;5;11.857142857142858;1;9.4;-0.8;-3.12;Graduate;633;C;data latih;Tidak dipanggil
MHS3036;1;1;1;9254;1;1;136.0;1;12;1;4;4;122.0;1;0;0;1;0;0;18;0;0;6;8;6;11.333333333333334;0;0;6;11;6;10.833333333333334;0;7.6;2.6;0.32;Graduate;649;C;data latih;Tidak dipanggil
MHS3037;1;1;2;9500;1;1;135.0;1;3;3;2;2;123.0;1;0;0;0;0;0;19;0;0;7;0;0;0.0;0;0;8;0;0;0.0;0;12.7;3.7;-1.7;Dropout;494;E;data latih;Menghilang dari kelas
MHS3038;1;1;1;9670;1;1;126.0;1;1;1;9;10;126.7;1;0;0;1;0;1;20;0;0;6;6;6;14.166666666666666;0;0;6;9;6;13.0;0;8.9;1.4;3.51;Graduate;718;A;data latih;Tidak dipanggil
MHS3039;1;1;1;9773;1;1;122.0;1;38;19;9;9;126.6;1;0;0;1;0;0;18;0;0;6;6;6;12.833333333333334;0;0;6;6;6;13.833333333333334;0;8.9;1.4;3.51;Graduate;699;A;data uji;Tidak dipanggil
MHS3040;1;1;1;9853;1;1;125.0;1;38;38;9;9;125.4;0;0;1;0;0;0;19;0;0;7;11;4;12.0;0;0;7;9;6;11.833333333333334;0;16.2;0.3;-0.92;Dropout;549;E;data latih;Terhalang biaya
MHS3041;1;1;3;9773;1;1;134.0;1;1;19;9;9;136.1;1;0;0;1;0;1;20;0;0;6;6;6;13.0;0;0;6;7;6;13.142857142857142;0;12.4;0.5;1.79;Dropout;719;A;data latih;Tidak dipanggil
MHS3042;1;17;5;9500;1;1;130.0;1;19;1;9;4;128.8;1;0;0;1;0;0;18;0;0;7;8;6;13.39;0;0;8;10;7;12.757142857142856;0;11.1;0.6;2.02;Enrolled;687;B;mahasiswa aktif;Tidak dipanggil
MHS3043;1;17;4;9670;1;1;110.0;1;1;37;7;7;111.1;1;0;0;0;0;0;18;0;0;6;6;6;12.333333333333334;0;0;6;8;5;13.6;0;8.9;1.4;3.51;Graduate;567;D;data uji;Terhalang biaya
MHS3044;1;1;1;9070;1;1;131.0;1;3;3;3;3;135.9;0;0;0;1;0;1;21;0;1;6;8;6;12.571428571428571;1;0;6;8;6;11.625;0;13.9;-0.3;0.79;Graduate;686;B;data latih;Tidak dipanggil
MHS3045;1;5;5;9254;1;1;122.0;1;1;37;9;7;119.6;1;0;0;1;0;1;19;0;0;6;6;6;12.333333333333334;0;0;6;6;6;12.833333333333334;0;12.4;0.5;1.79;Graduate;706;A;data latih;Tidak dipanggil
MHS3046;1;17;2;9853;1;1;123.0;1;1;1;3;9;116.7;1;0;0;1;0;0;19;0;0;6;8;5;13.0;0;0;6;8;4;10.75;0;9.4;-0.8;-3.12;Graduate;591;D;data uji;Berjuang secara akademik
MHS3047;1;1;1;9085;1;1;146.0;1;1;1;9;7;126.0;0;0;0;1;0;0;19;0;0;5;7;3;12.333333333333334;0;0;5;7;4;10.25;0;7.6;2.6;0.32;Enrolled;604;C;mahasiswa aktif;Tidak dipanggil
MHS3048;1;1;4;9773;1;1;137.0;1;37;37;0;90;134.2;1;0;0;1;0;0;18;0;0;6;6;6;13.166666666666666;0;0;6;8;5;14.2;0;10.8;1.4;1.74;Dropout;662;B;data latih;Tidak dipanggil
MHS3049;1;1;1;9147;1;1;130.0;1;1;19;3;3;123.0;0;0;0;1;0;1;18;0;0;5;7;5;13.333333333333334;0;0;5;6;5;13.6;0;12.7;3.7;-1.7;Graduate;665;B;data latih;Tidak dipanggil
MHS3050;1;1;2;9085;1;1;127.0;1;38;37;5;7;123.9;1;0;0;1;0;0;18;0;0;5;9;4;13.0;0;0;5;8;5;13.142857142857142;0;10.8;1.4;1.74;Graduate;641;C;data uji;Tidak dipanggil
MHS3051;2;39;1;9556;1;1;160.0;1;37;37;9;6;120.0;0;0;0;1;0;0;31;0;0;7;21;5;10.9;3;0;8;21;3;11.7;1;12.7;3.7;-1.7;Dropout;556;D;data latih;Berjuang secara akademik
MHS3052;1;42;1;9147;1;1;139.0;1;3;38;2;5;112.3;1;0;0;1;0;0;19;0;0;5;8;2;11.5;0;0;5;10;3;10.857142857142858;0;10.8;1.4;1.74;Enrolled;583;D;mahasiswa aktif;Berjuang secara akademik
MHS3053;1;16;1;9085;1;1;138.0;1;37;37;9;9;123.0;1;0;0;1;0;1;20;0;0;6;7;6;15.857142857142858;0;0;6;6;6;16.0;0;13.9;-0.3;0.79;Graduate;717;A;data latih;Tidak dipanggil
MHS3054;1;17;1;9085;1;1;137.0;1;38;19;0;90;122.3;0;0;0;1;0;1;19;0;0;5;5;5;12.6;0;0;5;9;3;13.0;0;7.6;2.6;0.32;Dropout;658;B;data uji;Tidak dipanggil
MHS3055;1;17;1;9238;1;1;127.0;1;38;38;9;6;122.8;0;0;0;1;0;1;19;0;0;6;8;6;14.0;0;0;6;7;6;14.571428571428571;0;16.2;0.3;-0.92;Graduate;727;A;data latih;Tidak dipanggil
MHS3056;5;7;1;9130;1;3;160.0;1;19;38;9;6;160.0;0;0;0;0;0;0;27;0;1;5;8;3;14.666666666666666;2;0;5;7;2;13.0;2;10.8;1.4;1.74;Dropout;519;E;data latih;Terhalang biaya
MHS3057;1;17;2;9773;1;1;132.0;1;19;19;9;6;120.1;1;0;0;1;0;1;18;0;0;6;6;6;13.666666666666666;0;0;6;6;6;14.0;0;8.9;1.4;3.51;Graduate;721;A;data latih;Tidak dipanggil
MHS3058;1;1;1;8014;0;1;126.0;1;34;34;0;0;142.4;0;0;0;1;0;0;32;0;0;6;0;0;0.0;0;0;6;0;0;0.0;0;7.6;2.6;0.32;Dropout;551;D;data latih;Menghilang dari kelas
MHS3059;1;1;4;9500;1;1;133.0;1;38;19;8;7;127.3;1;0;0;1;0;0;18;0;0;8;8;7;12.628571428571428;0;0;8;8;7;12.628571428571428;0;12.7;3.7;-1.7;Graduate;691;B;data latih;Tidak dipanggil
MHS3060;1;1;3;9500;1;1;140.0;1;19;37;9;9;125.5;1;0;0;1;0;1;19;0;0;8;8;7;14.232857142857142;0;0;8;8;7;14.232857142857142;0;10.8;1.4;1.74;Graduate;733;A;data uji;Tidak dipanggil
MHS3061;1;1;2;9773;1;1;130.0;1;19;19;5;6;137.4;0;0;0;1;0;0;19;0;0;6;6;6;15.0;0;0;6;7;6;14.0;0;15.5;2.8;-4.06;Enrolled;699;A;mahasiswa aktif;Tidak dipanggil
MHS3062;1;17;2;9254;1;1;129.0;1;12;37;9;9;122.0;1;0;0;1;0;0;18;0;0;6;15;2;10.0;0;0;6;12;0;0.0;0;10.8;1.4;1.74;Dropout;574;D;data latih;Berjuang secara akademik
MHS3063;1;17;3;9670;1;1;110.0;1;19;1;4;4;107.5;1;0;0;1;0;1;18;0;0;6;11;4;12.25;0;0;6;10;4;11.0;0;12.7;3.7;-1.7;Dropout;625;C;data uji;Tidak dipanggil
MHS3064;1;39;1;9773;1;19;133.1;1;19;19;171;163;104.0;0;0;1;0;0;1;24;0;0;6;6;6;13.5;0;0;6;6;6;13.0;0;11.1;0.6;2.02;Graduate;585;D;data latih;Terhalang biaya
MHS3065;1;17;2;9238;1;1;132.0;1;38;1;7;7;133.1;1;0;0;1;0;1;19;0;0;6;8;5;12.2;0;0;6;7;6;11.5;0;9.4;-0.8;-3.12;Graduate;669;B;data uji;Tidak dipanggil
MHS3066;1;17;2;9254;1;1;115.0;1;19;19;9;7;113.3;1;0;1;1;0;0;21;0;0;6;0;0;0.0;0;0;6;0;0;0.0;0;11.1;0.6;2.02;Dropout;526;E;data uji;Menghilang dari kelas
MHS3067;1;44;1;9070;1;39;130.0;1;1;1;4;10;130.0;1;0;0;1;0;0;19;0;2;7;11;6;12.0;0;5;9;9;8;12.75;0;16.2;0.3;-0.92;Graduate;669;B;data uji;Tidak dipanggil
MHS3068;1;1;3;9500;1;1;140.0;6;2;3;5;2;124.3;1;0;0;1;0;0;19;1;0;7;9;5;12.32;0;0;7;9;5;11.9;0;12.4;0.5;1.79;Enrolled;638;C;mahasiswa aktif;Tidak dipanggil
MHS3069;1;39;1;9556;1;1;140.0;1;37;37;9;8;105.0;1;0;0;1;0;1;36;0;0;7;11;6;12.35;0;0;7;12;5;12.5;0;8.9;1.4;3.51;Graduate;635;C;data latih;Tidak dipanggil
MHS3070;1;39;1;9085;1;12;133.1;1;37;37;10;9;144.0;0;0;0;1;1;0;51;0;0;6;0;0;0.0;0;0;6;0;0;0.0;0;12.4;0.5;1.79;Dropout;529;E;data uji;Menghilang dari kelas
MHS3071;1;1;3;9670;1;1;121.0;1;1;19;5;5;111.9;1;0;0;1;1;1;20;0;0;6;7;6;11.333333333333334;0;0;6;10;4;10.571428571428571;0;10.8;1.4;1.74;Enrolled;637;C;mahasiswa aktif;Tidak dipanggil
MHS3072;1;39;1;8014;0;38;133.1;1;1;1;4;4;107.5;0;0;1;0;1;0;29;0;0;6;6;0;0.0;0;0;5;5;0;0.0;0;8.9;1.4;3.51;Dropout;426;E;data latih;Terhalang biaya
MHS3073;1;44;1;9238;1;39;130.0;1;1;19;4;5;127.4;0;0;1;0;1;0;27;0;3;6;8;5;11.6;0;2;6;9;5;12.0;0;13.9;-0.3;0.79;Dropout;508;E;data latih;Terhalang biaya
MHS3074;1;39;1;9119;1;1;130.0;1;19;37;9;4;149.0;1;0;0;1;1;0;33;0;0;5;10;4;12.0;0;0;5;8;3;13.666666666666666;1;7.6;2.6;0.32;Enrolled;573;D;mahasiswa aktif;Berjuang secara akademik
MHS3075;2;2;1;9147;1;2;120.0;1;37;37;9;9;120.0;0;0;0;0;1;0;57;0;12;15;17;12;11.75;0;9;14;16;9;12.22222222222222;0;9.4;-0.8;-3.12;Dropout;571;D;data latih;Terhalang biaya
MHS3076;1;1;1;9670;1;1;132.0;1;4;2;123;112;143.6;1;0;0;1;1;0;20;0;0;6;8;5;12.8;0;0;6;10;5;11.6;0;13.9;-0.3;0.79;Enrolled;599;C;mahasiswa aktif;Tidak dipanggil
MHS3077;1;39;1;9670;1;1;100.0;1;1;1;4;4;120.0;0;0;0;1;1;0;26;0;0;5;7;3;11.333333333333334;0;0;5;7;3;13.666666666666666;0;9.4;-0.8;-3.12;Dropout;593;D;data latih;Berjuang secara akademik
MHS3078;1;43;1;9119;1;1;130.0;1;1;1;9;2;128.0;0;0;1;0;1;0;27;0;0;5;5;0;0.0;0;0;5;7;0;0.0;0;13.9;-0.3;0.79;Enrolled;416;E;mahasiswa aktif;Terhalang biaya
MHS3079;1;1;1;9670;1;1;129.0;1;1;37;4;9;118.2;0;0;0;1;1;0;19;0;0;5;5;5;10.8;0;0;5;5;4;12.25;0;9.4;-0.8;-3.12;Graduate;621;C;data uji;Tidak dipanggil
MHS3080;1;44;1;9085;1;39;160.0;1;12;38;4;8;160.0;1;0;0;1;1;0;23;0;1;6;10;5;12.5;0;1;6;8;2;13.5;0;12.4;0.5;1.79;Dropout;617;C;data uji;Tidak dipanggil
MHS3081;1;39;1;9991;0;1;120.0;1;19;38;5;5;152.4;0;0;0;1;1;0;27;0;0;5;5;5;15.2;0;0;5;6;5;14.166666666666666;0;10.8;1.4;1.74;Graduate;604;C;data latih;Tidak dipanggil
MHS3082;1;1;6;9500;1;1;122.0;1;19;37;3;5;116.6;1;0;1;1;1;1;20;0;0;7;7;7;13.314285714285717;0;0;8;8;8;12.575;0;12.4;0.5;1.79;Graduate;693;B;data latih;Tidak dipanggil
MHS3083;1;18;1;9070;1;1;143.0;1;38;38;7;5;141.6;0;0;0;1;0;1;19;0;6;12;12;11;13.090909090909092;0;5;11;12;11;12.083333333333334;0;10.8;1.4;1.74;Graduate;707;A;data latih;Tidak dipanggil
MHS3084;1;1;1;9130;1;1;110.0;1;3;19;2;9;105.5;1;0;1;0;0;0;19;0;0;6;0;0;0.0;0;0;6;0;0;0.0;0;11.1;0.6;2.02;Dropout;450;E;data latih;Menghilang dari kelas
MHS3085;1;1;1;9070;1;1;124.0;1;37;19;9;3;116.3;1;0;0;1;0;0;20;0;0;6;8;5;12.2;0;0;6;6;6;11.5;0;16.2;0.3;-0.92;Graduate;641;C;data latih;Tidak dipanggil
MHS3086;2;7;1;9147;1;3;110.0;1;19;1;9;9;110.0;0;0;0;1;0;0;33;0;5;8;10;6;12.833333333333334;0;2;5;8;4;12.0;0;11.1;0.6;2.02;Enrolled;609;C;mahasiswa aktif;Tidak dipanggil
MHS3087;1;43;1;9991;0;1;130.0;1;37;37;9;9;119.5;1;0;0;1;0;0;22;0;9;15;17;15;11.2;0;9;14;15;14;12.428571428571429;0;7.6;2.6;0.32;Graduate;642;C;data latih;Tidak dipanggil
MHS3088;1;1;6;9147;1;1;139.0;1;19;12;4;4;125.0;1;0;0;1;0;0;18;0;0;5;8;3;12.333333333333334;0;0;5;7;4;12.0;0;7.6;2.6;0.32;Graduate;628;C;data latih;Tidak dipanggil
MHS3089;5;39;1;9500;1;3;140.0;1;37;38;9;9;160.0;0;0;0;1;0;0;27;0;0;8;8;7;15.94285714285714;0;0;8;8;7;15.94285714285714;0;12.7;3.7;-1.7;Graduate;671;B;data uji;Tidak dipanggil
MHS3090;1;39;1;9991;0;1;150.0;1;37;37;9;7;150.0;0;0;0;1;0;0;27;0;0;5;0;0;0.0;0;0;5;0;0;0.0;0;15.5;2.8;-4.06;Dropout;522;E;data uji;Menghilang dari kelas
MHS3091;1;1;1;9238;1;1;123.0;1;37;37;9;9;115.0;1;0;0;1;0;0;19;0;0;6;10;4;10.25;0;0;6;8;6;10.714285714285714;0;11.1;0.6;2.02;Graduate;625;C;data latih;Tidak dipanggil
MHS3092;1;17;1;9853;1;1;128.0;1;38;38;9;7;128.4;1;0;0;1;0;1;20;0;0;6;10;5;13.2;0;0;6;12;5;12.833333333333334;0;9.4;-0.8;-3.12;Enrolled;650;C;mahasiswa aktif;Tidak dipanggil
MHS3093;1;1;1;8014;0;1;100.0;1;38;19;6;10;112.8;0;0;0;1;0;1;23;0;0;6;6;6;14.166666666666666;0;0;6;6;6;12.5;0;12.7;3.7;-1.7;Graduate;707;A;data latih;Tidak dipanggil
MHS3094;1;43;1;9500;1;1;148.0;1;29;38;90;3;131.0;1;0;0;1;0;1;22;0;18;23;23;20;14.575;3;18;23;23;20;14.575;3;7.6;2.6;0.32;Graduate;709;A;data latih;Tidak dipanggil
MHS3095;1;17;2;9254;1;1;130.0;1;19;19;7;7;121.6;1;0;0;1;0;1;18;0;0;6;9;1;10.0;1;0;6;6;0;0.0;0;12.7;3.7;-1.7;Dropout;585;D;data latih;Menghilang dari kelas
MHS3096;1;1;4;9238;1;1;118.0;1;19;38;9;9;110.0;0;0;0;1;0;1;18;0;0;6;7;6;12.285714285714286;0;0;6;8;6;11.428571428571429;0;12.4;0.5;1.79;Graduate;694;B;data latih;Tidak dipanggil
MHS3097;1;39;1;8014;0;1;120.0;1;38;38;9;9;148.5;0;0;0;1;0;1;31;0;0;6;6;6;14.0;0;0;6;6;6;12.333333333333334;0;10.8;1.4;1.74;Graduate;683;B;data latih;Tidak dipanggil
MHS3098;1;17;4;9773;1;1;119.0;1;38;19;9;9;118.3;0;0;0;1;0;0;19;0;0;6;8;4;11.25;0;0;6;0;0;0.0;0;15.5;2.8;-4.06;Dropout;590;D;data latih;Menghilang dari kelas
MHS3099;1;1;1;9238;1;1;138.0;1;37;37;9;9;135.9;1;0;0;1;0;0;19;0;0;6;11;5;11.6;0;0;6;11;6;11.666666666666666;0;7.6;2.6;0.32;Enrolled;640;C;mahasiswa aktif;Tidak dipanggil
MHS3100;1;17;1;8014;0;1;127.0;1;19;37;4;7;115.8;0;0;0;1;0;0;24;0;0;6;12;1;12.0;0;0;6;12;0;0.0;0;10.8;1.4;1.74;Dropout;561;D;data latih;Berjuang secara akademik
MHS3101;1;1;1;9500;1;1;134.0;1;38;19;3;10;121.2;0;0;0;1;0;0;19;0;0;7;10;7;13.47;0;0;8;8;8;13.32625;0;15.5;2.8;-4.06;Graduate;697;A;data uji;Tidak dipanggil
MHS3102;1;17;4;9147;1;1;133.0;1;1;1;4;5;136.2;1;0;0;1;0;0;19;0;0;5;6;5;12.4;0;0;5;5;5;12.8;0;7.6;2.6;0.32;Graduate;619;C;data latih;Tidak dipanggil
MHS3103;1;39;1;9670;1;1;133.1;1;37;37;9;9;100.2;1;0;0;0;0;0;26;0;0;6;9;3;11.75;0;0;6;11;4;11.5;3;16.2;0.3;-0.92;Dropout;484;E;data latih;Terhalang biaya
MHS3104;1;1;1;171;1;1;180.0;41;37;37;9;9;152.7;1;0;1;0;1;0;27;1;0;0;0;0;0.0;0;0;0;0;0;0.0;0;7.6;2.6;0.32;Dropout;446;E;data latih;Terhalang biaya
MHS3105;1;17;4;9238;1;1;129.0;1;19;19;4;7;123.1;1;0;0;1;0;0;19;0;0;6;7;6;12.0;0;0;6;7;6;12.428571428571429;0;11.1;0.6;2.02;Graduate;676;B;data latih;Tidak dipanggil
MHS3106;2;39;1;9085;1;1;120.0;1;19;19;1;4;130.0;0;0;0;1;0;0;29;0;0;5;8;5;15.333333333333334;2;0;5;6;5;15.4;0;9.4;-0.8;-3.12;Dropout;611;C;data latih;Tidak dipanggil
MHS3107;1;1;6;9500;1;1;141.0;1;1;38;4;5;125.0;1;0;0;1;0;1;18;0;0;8;8;8;12.32;0;0;8;8;8;12.32;0;9.4;-0.8;-3.12;Graduate;720;A;data latih;Tidak dipanggil
MHS3108;1;1;1;9500;1;1;118.0;1;1;19;9;10;113.1;1;0;0;1;0;0;19;0;0;7;7;7;13.79857142857143;0;0;8;8;8;14.75625;0;11.1;0.6;2.02;Graduate;704;A;data latih;Tidak dipanggil
MHS3109;1;1;5;9773;1;1;127.0;1;38;1;4;5;121.1;1;0;0;1;0;0;18;0;0;6;6;6;13.166666666666666;0;0;6;6;6;12.5;0;15.5;2.8;-4.06;Enrolled;689;B;mahasiswa aktif;Tidak dipanggil
MHS3110;1;1;1;9147;1;1;177.0;1;1;38;3;9;162.3;0;0;0;1;0;1;18;0;0;5;6;5;16.333333333333332;0;0;5;5;5;15.4;0;15.5;2.8;-4.06;Graduate;672;B;data latih;Tidak dipanggil
MHS3111;1;42;1;171;1;1;132.0;1;1;1;1;4;132.0;1;0;0;1;0;0;19;0;0;0;0;0;0.0;0;0;0;0;0;0.0;0;12.7;3.7;-1.7;Dropout;551;D;data latih;Menghilang dari kelas
MHS3112;1;17;4;9500;1;1;133.0;1;4;4;4;4;130.7;1;0;0;1;0;0;19;0;0;7;7;7;14.757142857142856;0;0;8;9;8;15.366666666666667;0;12.4;0.5;1.79;Graduate;697;A;data latih;Tidak dipanggil
MHS3113;1;17;4;9254;1;1;124.0;1;1;1;4;4;122.3;1;0;0;1;0;0;19;0;0;6;7;6;11.666666666666666;0;0;6;6;6;12.333333333333334;0;13.9;-0.3;0.79;Dropout;667;B;data latih;Tidak dipanggil
MHS3114;1;1;1;9670;1;1;143.0;1;3;38;2;9;144.1;1;0;0;1;0;0;19;0;0;6;7;5;12.6;0;0;6;10;5;12.375;0;10.8;1.4;1.74;Enrolled;628;C;mahasiswa aktif;Tidak dipanggil
MHS3115;1;1;1;9773;1;1;128.0;1;1;19;9;7;118.2;0;0;0;1;0;0;19;0;0;6;6;6;11.666666666666666;0;0;6;6;6;11.5;0;12.7;3.7;-1.7;Graduate;650;C;data latih;Tidak dipanggil
MHS3116;1;1;1;9238;1;1;138.0;1;19;38;5;8;133.5;0;0;0;1;0;1;19;0;0;6;6;6;15.0;0;0;6;6;6;13.333333333333334;0;8.9;1.4;3.51;Graduate;729;A;data latih;Tidak dipanggil
MHS3117;1;1;5;9500;1;1;144.0;1;37;37;7;9;126.8;1;0;1;0;0;0;18;0;0;7;0;0;0.0;0;0;8;0;0;0.0;0;9.4;-0.8;-3.12;Dropout;470;E;data uji;Menghilang dari kelas
MHS3118;1;1;4;9773;1;1;122.0;1;19;19;9;7;121.0;1;0;0;1;0;0;20;0;0;6;7;6;13.571428571428571;0;0;6;6;6;13.333333333333334;0;13.9;-0.3;0.79;Graduate;690;B;data latih;Tidak dipanggil
MHS3119;1;17;1;9254;1;1;111.0;1;19;19;3;10;117.7;0;0;0;1;0;0;20;0;0;6;8;5;10.8;0;0;6;9;4;11.5;0;9.4;-0.8;-3.12;Graduate;585;D;data latih;Berjuang secara akademik
MHS3120;1;1;1;9085;1;1;133.1;1;38;37;1;1;115.0;1;0;0;1;0;0;21;0;0;5;8;3;11.333333333333334;1;0;5;8;3;13.333333333333334;0;12.7;3.7;-1.7;Enrolled;627;C;mahasiswa aktif;Tidak dipanggil
MHS3121;2;1;1;9991;0;2;120.0;1;37;37;6;3;129.2;0;0;0;1;0;0;31;0;4;10;16;5;11.4;0;4;10;10;6;12.833333333333334;0;9.4;-0.8;-3.12;Dropout;644;C;data latih;Tidak dipanggil
MHS3122;1;1;1;9556;1;1;135.0;1;37;38;7;9;125.8;0;0;0;1;0;1;20;0;0;7;14;7;10.642857142857142;0;0;8;8;8;11.55;0;12.7;3.7;-1.7;Graduate;669;B;data latih;Tidak dipanggil
MHS3123;1;17;5;9670;1;1;125.0;1;19;30;7;7;118.4;1;0;0;1;0;1;19;0;0;5;8;3;10.5;0;0;5;6;4;11.75;1;7.6;2.6;0.32;Enrolled;616;C;mahasiswa aktif;Tidak dipanggil
MHS3124;1;1;1;9500;1;1;147.0;1;38;38;9;9;142.0;1;0;0;1;0;0;18;0;0;7;7;6;14.65;0;0;7;7;6;14.65;0;7.6;2.6;0.32;Graduate;708;A;data uji;Tidak dipanggil
MHS3125;1;17;3;9500;1;1;137.0;1;19;37;7;7;126.7;1;0;0;1;0;1;19;0;0;7;7;7;13.714285714285714;0;0;8;11;8;14.863636363636363;0;16.2;0.3;-0.92;Graduate;724;A;data uji;Tidak dipanggil
MHS3126;1;43;1;9238;1;1;117.0;1;34;34;0;0;109.3;0;0;0;1;0;0;30;0;9;16;19;15;12.266666666666667;0;11;13;14;13;12.071428571428571;0;9.4;-0.8;-3.12;Graduate;662;B;data latih;Tidak dipanggil
MHS3127;1;17;1;9238;1;1;126.0;1;37;19;9;8;116.9;1;0;0;1;0;0;21;0;0;6;11;6;10.375;0;0;6;12;3;11.666666666666666;0;12.7;3.7;-1.7;Enrolled;610;C;mahasiswa aktif;Tidak dipanggil
MHS3128;1;18;1;9147;1;1;128.0;1;19;19;9;5;121.7;1;0;0;1;0;0;19;0;0;5;8;5;11.0;0;0;5;6;5;15.4;0;12.4;0.5;1.79;Graduate;620;C;data latih;Tidak dipanggil
MHS3129;1;1;6;9147;1;1;115.0;1;1;37;4;9;117.1;1;0;1;1;0;0;22;0;0;5;5;5;13.8;0;0;5;5;5;13.0;0;7.6;2.6;0.32;Graduate;599;C;data latih;Tidak dipanggil
MHS3130;1;1;1;9773;1;1;121.0;1;1;38;4;9;114.4;0;0;0;1;0;1;18;0;0;6;6;6;12.666666666666666;0;0;6;6;6;12.833333333333334;0;11.1;0.6;2.02;Graduate;720;A;data latih;Tidak dipanggil
MHS3131;1;17;1;9238;1;1;134.0;1;3;1;3;4;133.0;1;0;0;1;0;0;18;0;0;6;8;6;11.75;0;0;6;10;5;12.0;0;12.7;3.7;-1.7;Graduate;641;C;data uji;Tidak dipanggil
MHS3132;1;1;3;9500;1;1;126.0;1;38;38;9;8;118.8;1;0;0;1;0;1;19;0;0;8;8;7;12.785714285714286;0;0;8;8;7;12.785714285714286;0;12.7;3.7;-1.7;Graduate;718;A;data latih;Tidak dipanggil
MHS3133;1;1;1;9130;1;1;151.0;1;3;1;2;4;151.0;1;0;0;1;0;0;18;0;0;6;11;6;14.444444444444445;0;0;6;6;6;13.333333333333334;0;16.2;0.3;-0.92;Graduate;685;B;data uji;Tidak dipanggil
MHS3134;1;1;6;9500;1;1;122.0;1;1;1;4;4;119.6;1;0;0;1;0;0;21;0;0;7;8;6;13.25;0;0;8;8;8;13.8375;0;13.9;-0.3;0.79;Enrolled;700;A;mahasiswa aktif;Tidak dipanggil
MHS3135;1;17;1;9500;1;1;141.0;1;2;38;2;10;135.4;1;0;0;1;0;0;18;0;0;7;9;7;12.50625;0;0;8;15;5;13.2;0;13.9;-0.3;0.79;Enrolled;654;C;mahasiswa aktif;Tidak dipanggil
MHS3136;1;1;1;171;1;1;138.0;1;1;40;4;3;149.9;1;0;0;1;0;0;20;0;0;0;0;0;0.0;0;0;0;0;0;0.0;0;11.1;0.6;2.02;Graduate;558;D;data latih;Menghilang dari kelas
MHS3137;1;1;1;9085;1;1;133.0;1;38;37;9;7;120.1;1;0;0;1;0;0;18;0;0;5;8;4;12.75;1;0;5;10;4;11.75;0;12.7;3.7;-1.7;Graduate;606;C;data uji;Tidak dipanggil
MHS3138;1;39;1;9085;1;3;150.0;1;2;3;4;7;173.3;1;0;0;1;0;0;25;0;1;6;7;6;16.857142857142858;0;1;6;6;6;16.5;0;13.9;-0.3;0.79;Graduate;666;B;data latih;Tidak dipanggil
MHS3139;1;1;1;9773;1;1;136.0;1;19;19;4;3;126.2;0;0;0;1;0;0;19;0;0;6;6;6;13.166666666666666;0;0;6;6;6;15.0;0;16.2;0.3;-0.92;Graduate;697;A;data latih;Tidak dipanggil
MHS3140;1;1;1;9853;1;1;129.0;1;19;38;2;7;126.9;1;0;0;1;0;1;19;0;0;6;9;5;12.2;0;0;6;10;4;11.5;0;7.6;2.6;0.32;Enrolled;624;C;mahasiswa aktif;Tidak dipanggil
MHS3141;1;39;1;9085;1;1;128.0;1;19;1;9;10;157.4;1;0;0;1;0;0;26;0;0;6;7;6;16.5;0;0;6;8;6;14.285714285714286;0;8.9;1.4;3.51;Graduate;666;B;data latih;Tidak dipanggil
MHS3142;1;17;2;9147;1;1;131.0;1;1;19;4;5;120.2;1;0;0;1;0;0;21;0;0;5;10;4;11.75;0;0;5;6;5;11.6;0;12.4;0.5;1.79;Graduate;583;D;data latih;Berjuang secara akademik
MHS3143;1;1;1;9147;1;1;130.0;1;38;38;2;9;124.8;0;0;0;1;0;0;19;0;0;5;14;1;11.0;0;0;5;6;0;0.0;0;13.9;-0.3;0.79;Dropout;574;D;data latih;Berjuang secara akademik
MHS3144;1;17;1;9500;1;1;150.0;1;37;37;9;9;130.3;0;0;0;1;0;1;19;0;0;8;8;7;15.114285714285714;0;0;8;8;7;15.114285714285714;0;12.7;3.7;-1.7;Graduate;726;A;data uji;Tidak dipanggil
MHS3145;1;1;1;9238;1;1;165.0;1;37;38;9;8;152.4;1;0;0;1;0;1;18;0;0;6;8;6;15.5;0;0;6;7;6;14.285714285714286;0;16.2;0.3;-0.92;Graduate;736;A;data latih;Tidak dipanggil
MHS3146;2;43;1;9991;0;1;133.1;1;37;37;9;7;113.5;0;0;0;1;0;1;32;0;3;10;12;7;11.142857142857142;0;4;10;10;8;12.0;0;10.8;1.4;1.74;Graduate;669;B;data latih;Tidak dipanggil
MHS3147;1;1;1;9238;1;1;126.0;1;3;1;5;5;125.7;0;0;0;1;0;1;18;0;0;6;6;6;11.333333333333334;0;0;6;8;6;11.333333333333334;0;15.5;2.8;-4.06;Graduate;687;B;data latih;Tidak dipanggil
MHS3148;1;1;5;9500;1;1;101.0;1;1;1;3;4;102.4;0;0;0;1;0;0;20;0;0;7;9;5;12.04;0;0;7;9;6;11.77142857142857;0;12.4;0.5;1.79;Enrolled;646;C;mahasiswa aktif;Tidak dipanggil
MHS3149;1;17;3;9147;1;1;125.0;1;38;19;7;7;125.7;0;0;0;1;0;0;20;0;0;5;7;5;11.166666666666666;0;0;5;9;4;10.75;0;15.5;2.8;-4.06;Enrolled;583;D;mahasiswa aktif;Berjuang secara akademik
MHS3150;4;39;1;9670;1;1;100.0;1;37;37;4;10;120.0;0;0;1;1;0;1;39;0;0;5;6;5;10.6;0;0;5;7;4;10.75;0;9.4;-0.8;-3.12;Graduate;562;D;data latih;Berjuang secara akademik
MHS3151;1;1;1;9130;1;1;117.0;1;1;1;9;9;109.3;1;0;0;1;0;0;20;0;0;5;10;4;12.5;0;0;5;12;2;13.0;0;12.7;3.7;-1.7;Enrolled;623;C;mahasiswa aktif;Tidak dipanggil
MHS3152;1;1;1;171;1;1;159.0;1;3;1;4;4;162.2;1;0;1;0;0;0;18;0;0;0;0;0;0.0;0;0;0;0;0;0.0;0;12.4;0.5;1.79;Dropout;459;E;data latih;Menghilang dari kelas
MHS3153;1;17;1;9773;1;1;177.0;1;2;1;123;135;155.7;0;0;1;1;0;1;18;0;0;6;6;6;15.666666666666666;0;0;6;6;6;13.833333333333334;0;8.9;1.4;3.51;Graduate;697;A;data uji;Tidak dipanggil
MHS3154;1;1;1;171;1;1;156.0;1;3;3;2;2;147.7;1;0;0;1;0;0;21;0;6;12;12;12;15.333333333333334;0;4;11;15;11;15.0;0;8.9;1.4;3.51;Graduate;691;B;data latih;Tidak dipanggil
MHS3155;1;1;5;9500;1;1;125.0;1;1;1;3;8;115.6;1;0;0;1;0;0;18;0;0;7;9;6;12.183333333333332;0;0;7;9;6;11.783333333333331;0;16.2;0.3;-0.92;Enrolled;666;B;mahasiswa aktif;Tidak dipanggil
MHS3156;1;1;2;9147;1;1;130.0;1;37;37;9;9;117.8;0;0;0;1;0;0;18;0;0;5;8;2;10.0;0;0;5;9;3;11.333333333333334;0;7.6;2.6;0.32;Enrolled;579;D;mahasiswa aktif;Berjuang secara akademik
MHS3157;1;43;1;9003;1;1;125.0;1;1;38;4;7;125.0;1;0;0;1;0;0;21;0;9;14;23;9;12.0;2;6;12;21;8;11.25;0;15.5;2.8;-4.06;Graduate;627;C;data latih;Tidak dipanggil
MHS3158;1;1;1;9147;1;1;127.0;1;19;19;5;5;129.8;1;0;0;1;0;0;22;0;0;5;8;3;10.333333333333334;0;0;5;11;2;10.0;0;7.6;2.6;0.32;Dropout;566;D;data latih;Berjuang secara akademik
MHS3159;1;17;1;9254;1;1;121.0;1;1;1;4;4;123.1;1;0;0;1;1;0;21;0;0;6;11;6;11.166666666666666;0;0;6;14;3;14.666666666666666;0;7.6;2.6;0.32;Enrolled;638;C;mahasiswa aktif;Tidak dipanggil
MHS3160;1;43;1;9070;1;1;135.0;1;19;19;9;9;122.8;1;0;0;1;1;1;20;0;0;6;8;3;11.0;0;0;6;8;2;11.333333333333334;0;10.8;1.4;1.74;Enrolled;613;C;mahasiswa aktif;Tidak dipanggil
MHS3161;1;1;2;171;1;1;125.0;1;38;19;9;9;117.3;1;0;0;1;1;1;21;0;0;0;0;0;0.0;0;0;0;0;0;0.0;0;10.8;1.4;1.74;Graduate;587;D;data latih;Menghilang dari kelas
MHS3162;1;1;1;9254;1;1;138.0;41;1;1;9;9;126.5;1;0;0;1;0;1;20;1;0;6;7;6;12.857142857142858;0;0;6;8;5;11.8;0;8.9;1.4;3.51;Graduate;647;C;data latih;Tidak dipanggil
MHS3163;1;1;4;9500;1;1;136.0;1;19;38;9;9;123.0;1;0;0;1;0;0;19;0;0;8;8;7;14.328571428571427;0;0;8;8;7;14.328571428571427;0;10.8;1.4;1.74;Graduate;704;A;data latih;Tidak dipanggil
MHS3164;1;1;1;9238;1;1;142.0;1;1;38;5;7;127.7;0;0;0;1;0;1;20;0;0;6;7;6;15.0;0;0;6;6;6;16.333333333333332;0;13.9;-0.3;0.79;Graduate;732;A;data latih;Tidak dipanggil
MHS3165;1;1;1;9085;1;1;129.0;1;19;37;9;9;117.5;1;0;0;1;0;0;19;0;0;5;9;5;13.6;1;0;5;5;5;12.4;0;12.7;3.7;-1.7;Graduate;634;C;data latih;Tidak dipanggil
MHS3166;1;1;1;9085;1;1;134.0;1;1;1;2;7;128.4;1;0;0;1;0;1;18;0;0;5;12;5;12.857142857142858;2;0;5;8;4;13.25;0;9.4;-0.8;-3.12;Graduate;670;B;data latih;Tidak dipanggil
MHS3167;1;17;2;9853;1;1;123.0;1;3;1;2;3;124.1;1;0;0;1;0;0;18;0;0;6;7;2;14.5;0;0;6;6;1;10.0;0;15.5;2.8;-4.06;Dropout;595;D;data latih;Berjuang secara akademik
MHS3168;1;39;1;9991;0;1;150.0;1;19;38;9;8;140.9;0;1;0;1;0;0;24;0;0;5;7;3;10.666666666666666;0;0;5;7;3;10.5;0;10.8;1.4;1.74;Dropout;555;D;data latih;Berjuang secara akademik
MHS3169;1;1;1;9254;1;1;129.0;1;1;1;4;2;126.2;0;0;1;0;0;1;21;0;0;6;7;6;13.428571428571429;0;0;6;8;6;11.333333333333334;0;8.9;1.4;3.51;Dropout;581;D;data latih;Terhalang biaya
MHS3170;1;1;3;9500;1;1;134.0;1;1;37;8;7;120.5;1;0;0;1;1;1;18;0;0;7;12;7;11.716666666666663;0;0;8;13;4;10.868;0;15.5;2.8;-4.06;Graduate;651;C;data latih;Tidak dipanggil
MHS3171;1;17;1;9147;1;1;127.0;1;1;37;4;8;121.1;1;0;0;1;1;1;20;0;0;5;11;4;12.0;0;0;5;5;5;12.8;0;11.1;0.6;2.02;Graduate;639;C;data latih;Tidak dipanggil
MHS3172;1;18;2;9853;1;1;123.0;1;1;3;9;2;123.7;1;0;1;0;0;0;20;0;0;6;11;5;13.2;0;0;6;8;4;10.75;0;10.8;1.4;1.74;Dropout;484;E;data latih;Terhalang biaya
MHS3173;1;17;3;9254;1;1;127.0;1;12;38;5;7;116.9;1;0;1;1;0;0;18;0;0;6;7;5;12.2;0;0;6;10;4;12.25;0;12.4;0.5;1.79;Dropout;597;D;data latih;Berjuang secara akademik
MHS3174;1;39;1;9556;1;1;133.1;1;38;19;9;6;100.0;1;0;0;1;0;1;25;0;0;7;11;5;12.58;0;0;7;9;6;12.157142857142857;0;8.9;1.4;3.51;Graduate;658;B;data latih;Tidak dipanggil
MHS3175;1;17;5;9238;1;1;131.0;1;19;37;5;7;120.2;1;0;0;1;0;1;19;0;0;6;9;5;11.333333333333334;0;0;6;6;6;10.833333333333334;0;13.9;-0.3;0.79;Enrolled;662;B;mahasiswa aktif;Tidak dipanggil
MHS3176;2;39;1;33;1;1;120.0;1;38;1;9;5;153.8;0;0;1;1;1;0;35;0;0;7;9;0;0.0;0;0;7;8;0;0.0;0;11.1;0.6;2.02;Dropout;497;E;data latih;Terhalang biaya
MHS3177;1;1;4;9500;1;1;133.0;1;19;19;9;5;120.1;1;0;0;1;0;1;19;0;0;7;9;6;12.428571428571429;0;0;8;8;8;14.0;0;13.9;-0.3;0.79;Graduate;728;A;data uji;Tidak dipanggil
MHS3178;1;1;1;9670;1;1;133.0;1;38;38;9;9;128.1;1;0;0;1;1;1;18;0;0;6;6;6;13.0;0;0;6;6;6;13.0;0;13.9;-0.3;0.79;Dropout;720;A;data uji;Tidak dipanggil
MHS3179;1;1;1;9500;1;1;143.0;1;3;19;3;10;126.8;0;0;0;1;1;0;19;0;0;8;8;7;14.535714285714286;0;0;8;8;7;14.535714285714286;0;10.8;1.4;1.74;Graduate;704;A;data uji;Tidak dipanggil
MHS3180;1;43;1;9500;1;1;140.0;1;19;38;9;7;125.7;1;0;0;1;1;1;19;0;0;7;8;5;11.2;0;0;7;8;5;11.2;0;7.6;2.6;0.32;Enrolled;620;C;mahasiswa aktif;Tidak dipanggil
MHS3181;1;17;1;9070;1;1;157.0;1;3;3;3;3;146.2;0;0;0;1;1;0;18;0;0;6;6;6;16.0;0;0;6;6;6;13.666666666666666;0;12.4;0.5;1.79;Graduate;691;B;data latih;Tidak dipanggil
MHS3182;1;39;1;9130;1;19;133.1;1;19;3;9;2;140.0;1;0;1;1;1;0;24;0;0;6;13;5;13.142857142857142;0;0;6;15;3;12.666666666666666;0;16.2;0.3;-0.92;Dropout;564;D;data latih;Berjuang secara akademik
MHS3183;1;43;1;8014;0;1;145.0;6;34;34;0;0;134.5;1;0;0;1;1;0;25;1;8;14;23;11;11.6875;0;6;10;20;8;11.142857142857142;0;9.4;-0.8;-3.12;Graduate;624;C;data latih;Tidak dipanggil
MHS3184;1;39;1;9119;1;1;130.0;1;37;3;9;3;137.0;1;0;0;1;1;0;28;0;0;5;11;4;10.5;0;0;5;12;4;11.0;4;7.6;2.6;0.32;Enrolled;543;E;mahasiswa aktif;Berjuang secara akademik
MHS3185;1;1;1;9085;1;1;111.0;1;1;38;5;9;107.5;0;0;0;1;1;1;19;0;0;6;9;6;13.833333333333334;0;0;6;12;5;13.666666666666666;0;11.1;0.6;2.02;Graduate;686;B;data latih;Tidak dipanggil
MHS3186;1;17;2;9119;1;1;116.0;1;19;1;9;7;112.2;0;0;0;1;1;0;19;0;0;5;0;0;0.0;0;0;5;0;0;0.0;0;16.2;0.3;-0.92;Dropout;536;E;data latih;Menghilang dari kelas
MHS3187;1;39;1;9130;1;10;133.1;1;12;36;90;90;128.2;0;0;0;0;1;1;30;0;0;5;13;0;0.0;3;0;5;5;0;0.0;5;9.4;-0.8;-3.12;Dropout;470;E;data latih;Berjuang secara akademik
MHS3188;1;1;1;9500;1;1;135.0;1;19;19;4;5;126.8;1;0;0;1;1;0;19;0;0;7;9;0;0.0;0;0;7;8;0;0.0;0;15.5;2.8;-4.06;Dropout;571;D;data latih;Menghilang dari kelas
MHS3189;1;17;1;9147;1;1;145.0;1;19;38;4;4;132.1;1;0;0;1;1;0;21;0;0;5;10;1;10.0;0;0;5;5;0;0.0;0;11.1;0.6;2.02;Dropout;550;D;data latih;Berjuang secara akademik
MHS3190;1;1;1;171;1;1;118.0;1;37;37;3;5;110.0;0;0;0;1;1;0;19;0;0;0;0;0;0.0;0;0;0;0;0;0.0;0;13.9;-0.3;0.79;Dropout;560;D;data latih;Menghilang dari kelas
MHS3191;1;39;1;9003;1;1;130.0;1;19;19;9;5;100.0;0;0;0;0;1;0;29;0;0;6;9;0;0.0;0;0;6;6;0;0.0;0;13.9;-0.3;0.79;Dropout;446;E;data latih;Terhalang biaya
MHS3192;1;1;1;9670;1;1;115.0;1;19;37;9;9;114.3;0;0;0;1;1;0;18;0;0;6;7;4;12.6;0;0;6;6;4;13.0;0;12.4;0.5;1.79;Dropout;635;C;data uji;Tidak dipanggil
MHS3193;1;1;2;9147;1;1;122.0;1;1;38;4;5;116.4;0;0;0;1;1;0;21;0;0;5;10;3;11.25;0;0;5;9;3;11.0;0;15.5;2.8;-4.06;Enrolled;590;D;mahasiswa aktif;Berjuang secara akademik
MHS3194;1;42;1;9070;1;1;120.0;1;3;2;3;1;116.9;0;0;0;1;1;0;20;0;6;7;13;7;12.375;0;4;7;8;4;11.25;0;13.9;-0.3;0.79;Dropout;611;C;data latih;Tidak dipanggil
MHS3195;1;51;1;9991;0;1;120.0;1;38;3;5;3;128.2;0;0;1;1;1;0;24;0;3;10;15;7;10.714285714285714;0;3;10;11;9;12.555555555555555;0;12.4;0.5;1.79;Enrolled;620;C;mahasiswa aktif;Tidak dipanggil
MHS3196;1;17;2;9773;1;1;120.0;1;1;1;2;5;127.0;1;0;0;0;1;0;18;0;0;6;6;0;0.0;0;0;6;0;0;0.0;0;8.9;1.4;3.51;Dropout;482;E;data latih;Menghilang dari kelas
MHS3197;1;42;1;9003;1;1;140.0;1;1;3;4;2;140.0;1;0;0;1;1;0;23;0;0;6;14;5;12.0;0;0;6;12;5;12.142857142857142;0;15.5;2.8;-4.06;Enrolled;598;D;mahasiswa aktif;Berjuang secara akademik
MHS3198;1;1;6;9147;1;1;127.0;1;1;19;1;6;120.0;1;0;0;1;1;0;19;0;0;5;6;5;12.6;0;0;5;8;3;12.666666666666666;0;8.9;1.4;3.51;Graduate;626;C;data latih;Tidak dipanggil
MHS3199;1;7;1;9254;1;3;110.0;1;19;19;3;3;110.0;0;0;0;1;1;0;35;0;0;6;7;0;0.0;0;0;6;6;0;0.0;0;16.2;0.3;-0.92;Dropout;525;E;data latih;Menghilang dari kelas
MHS3200;1;1;1;9500;1;1;148.0;1;1;1;9;9;127.0;1;0;0;1;1;0;20;0;0;8;8;7;12.84142857142857;0;0;8;8;7;12.84142857142857;0;10.8;1.4;1.74;Graduate;695;A;data latih;Tidak dipanggil
MHS3201;2;39;1;9238;1;42;170.0;1;19;38;8;8;159.5;0;0;0;1;1;0;33;0;0;6;6;0;0.0;0;0;5;5;0;0.0;0;8.9;1.4;3.51;Dropout;535;E;data latih;Menghilang dari kelas
MHS3202;1;1;1;9773;1;1;146.0;1;1;3;4;1;135.2;1;0;0;1;1;0;18;0;0;6;7;6;14.166666666666666;0;0;6;6;6;12.833333333333334;0;9.4;-0.8;-3.12;Graduate;696;A;data latih;Tidak dipanggil
MHS3203;1;1;1;9773;1;1;127.0;1;5;3;4;4;122.8;1;0;0;1;1;0;20;0;0;6;7;6;12.166666666666666;0;0;6;9;3;12.0;0;12.4;0.5;1.79;Enrolled;645;C;mahasiswa aktif;Tidak dipanggil
MHS3204;1;17;1;9773;1;1;125.0;1;3;3;2;3;118.0;1;0;0;1;1;0;19;0;0;6;12;4;10.8;0;0;6;14;3;11.0;0;13.9;-0.3;0.79;Dropout;590;D;data latih;Berjuang secara akademik
MHS3205;1;17;5;9773;1;1;139.0;1;38;1;4;4;123.6;1;0;0;1;1;0;18;0;0;6;6;6;13.0;0;0;6;12;0;0.0;0;7.6;2.6;0.32;Dropout;618;C;data latih;Tidak dipanggil
MHS3206;1;39;1;9991;0;1;133.1;1;37;37;7;9;111.0;0;0;0;0;1;0;28;0;0;5;0;0;0.0;0;0;5;0;0;0.0;0;8.9;1.4;3.51;Dropout;445;E;data uji;Menghilang dari kelas
MHS3207;1;1;1;9147;1;1;146.0;1;5;1;1;5;144.6;0;0;0;1;1;0;18;0;0;5;5;5;13.0;0;0;5;6;5;13.333333333333334;0;16.2;0.3;-0.92;Graduate;636;C;data latih;Tidak dipanggil
MHS3208;1;1;1;9773;1;1;109.0;1;2;3;3;3;111.8;1;0;1;1;1;0;25;0;0;6;8;6;11.571428571428571;0;0;6;9;6;11.571428571428571;0;15.5;2.8;-4.06;Dropout;613;C;data latih;Tidak dipanggil
MHS3209;1;1;1;9238;1;1;135.0;1;1;38;4;6;122.1;0;1;1;0;1;0;19;0;0;6;6;4;11.5;0;0;6;6;5;11.0;0;8.9;1.4;3.51;Dropout;500;E;data latih;Terhalang biaya
MHS3210;1;18;2;9070;1;1;122.0;1;38;19;5;5;119.9;0;0;0;1;1;0;18;0;0;6;8;5;11.0;0;0;6;6;4;10.75;0;9.4;-0.8;-3.12;Graduate;592;D;data uji;Berjuang secara akademik
MHS3211;1;7;1;9003;1;3;130.0;1;3;3;6;2;130.0;1;0;0;1;1;0;29;0;1;6;10;6;17.11111111111111;0;2;6;9;6;15.571428571428571;0;13.9;-0.3;0.79;Graduate;657;B;data uji;Tidak dipanggil
MHS3212;1;1;1;171;1;1;124.0;1;2;2;3;2;118.4;1;0;0;1;1;0;18;0;0;0;0;0;0.0;0;0;0;0;0;0.0;0;7.6;2.6;0.32;Enrolled;562;D;mahasiswa aktif;Menghilang dari kelas
MHS3213;1;1;1;9254;1;1;115.0;1;3;2;4;5;112.6;0;0;0;1;1;1;20;0;0;6;9;6;12.571428571428571;0;0;6;6;6;12.166666666666666;0;8.9;1.4;3.51;Graduate;708;A;data latih;Tidak dipanggil
MHS3214;1;44;1;9003;1;39;150.0;1;3;19;2;6;150.0;0;0;0;1;1;0;20;0;0;6;6;0;0.0;0;0;6;8;0;0.0;0;15.5;2.8;-4.06;Dropout;548;E;data latih;Menghilang dari kelas
MHS3215;1;1;4;9070;1;1;170.0;1;3;3;2;2;165.8;1;0;0;1;1;0;18;0;0;6;7;6;14.5;0;0;6;6;6;15.166666666666666;0;9.4;-0.8;-3.12;Graduate;703;A;data uji;Tidak dipanggil
MHS3216;1;1;6;9254;1;1;102.0;1;3;1;2;2;101.7;1;0;0;1;1;1;21;0;0;6;6;6;13.5;0;0;6;6;6;12.333333333333334;0;12.4;0.5;1.79;Graduate;711;A;data latih;Tidak dipanggil
MHS3217;1;17;2;9254;1;1;140.0;1;3;3;2;2;124.3;0;0;0;0;1;0;18;0;0;6;9;5;11.2;0;0;6;14;2;10.0;0;9.4;-0.8;-3.12;Dropout;512;E;data latih;Terhalang biaya
MHS3218;1;1;5;9119;1;1;135.0;1;37;37;90;90;122.1;1;0;0;1;1;0;20;0;0;5;10;3;10.666666666666666;0;0;5;5;4;12.25;0;7.6;2.6;0.32;Graduate;601;C;data latih;Tidak dipanggil
MHS3219;1;43;1;8014;0;1;148.0;1;37;37;9;9;134.7;0;0;0;1;0;0;23;0;9;13;15;9;11.0;0;4;11;12;7;11.571428571428571;0;15.5;2.8;-4.06;Enrolled;624;C;mahasiswa aktif;Tidak dipanggil
MHS3220;1;39;1;9991;0;1;140.0;1;1;37;9;8;154.5;0;0;0;1;0;0;26;0;0;1;2;0;0.0;0;0;5;8;0;0.0;0;16.2;0.3;-0.92;Dropout;522;E;data uji;Berjuang secara akademik
MHS3221;1;17;3;9670;1;1;147.0;1;37;37;8;8;128.8;0;0;1;1;0;0;19;0;0;5;5;1;10.0;0;0;5;5;0;0.0;0;9.4;-0.8;-3.12;Dropout;528;E;data uji;Menghilang dari kelas
MHS3222;1;39;1;9556;1;1;140.0;1;37;38;9;9;106.0;1;0;1;0;0;1;24;0;0;7;14;5;12.36;0;1;8;15;5;12.0;0;8.9;1.4;3.51;Dropout;518;E;data latih;Terhalang biaya
MHS3223;1;1;1;9670;1;1;157.0;1;19;38;9;7;146.2;1;0;0;1;0;1;20;0;0;6;8;6;15.25;0;0;6;7;6;14.714285714285714;0;11.1;0.6;2.02;Graduate;723;A;data latih;Tidak dipanggil
MHS3224;1;17;1;9991;0;1;120.0;1;38;3;9;3;116.9;1;0;1;0;0;0;26;0;0;5;5;0;0.0;0;0;5;6;0;0.0;0;10.8;1.4;1.74;Dropout;434;E;data uji;Terhalang biaya
MHS3225;1;39;1;9147;1;12;133.1;1;19;37;7;9;118.2;0;0;0;1;0;0;31;0;0;5;8;1;13.0;2;0;5;9;4;12.25;0;10.8;1.4;1.74;Dropout;576;D;data uji;Berjuang secara akademik
MHS3226;2;43;1;9500;1;1;140.0;1;37;37;9;10;105.7;1;0;0;1;0;0;27;0;0;8;8;8;13.81375;0;0;8;8;8;13.81375;0;9.4;-0.8;-3.12;Graduate;680;B;data latih;Tidak dipanggil
MHS3227;1;1;1;9085;1;1;130.0;1;19;38;9;9;126.9;0;0;1;1;0;0;24;0;0;6;8;6;13.285714285714286;0;0;6;13;6;12.875;0;11.1;0.6;2.02;Graduate;655;C;data latih;Tidak dipanggil
MHS3228;1;44;1;9085;1;39;150.0;1;19;38;194;193;150.0;1;0;0;1;0;0;23;0;0;6;11;4;11.5;0;0;6;12;4;12.2;0;8.9;1.4;3.51;Enrolled;605;C;mahasiswa aktif;Tidak dipanggil
MHS3229;1;1;2;9500;1;1;115.0;1;38;38;9;8;108.4;1;0;0;1;0;1;20;0;0;7;8;7;11.9625;0;0;8;9;8;13.044444444444444;0;13.9;-0.3;0.79;Graduate;714;A;data latih;Tidak dipanggil
MHS3230;1;1;6;9500;1;1;118.0;1;38;38;5;5;114.2;1;0;0;1;0;0;20;0;0;7;9;6;13.683333333333332;0;0;8;11;6;13.116666666666667;0;11.1;0.6;2.02;Graduate;697;A;data latih;Tidak dipanggil
MHS3231;1;39;1;9500;1;1;130.0;1;38;1;9;4;140.0;1;0;0;1;0;0;24;0;0;8;8;7;14.985714285714286;0;0;8;8;7;14.985714285714286;0;12.7;3.7;-1.7;Graduate;671;B;data latih;Tidak dipanggil
MHS3232;2;39;1;9147;1;1;130.0;1;37;37;9;9;142.5;0;0;0;1;0;0;39;0;0;5;8;4;11.25;0;0;5;8;4;11.5;0;11.1;0.6;2.02;Enrolled;557;D;mahasiswa aktif;Berjuang secara akademik
MHS3233;1;1;2;9773;1;1;130.0;1;19;38;3;9;126.5;1;0;0;1;0;0;18;0;0;6;8;4;12.5;0;0;6;6;5;12.6;0;12.7;3.7;-1.7;Graduate;633;C;data latih;Tidak dipanggil
MHS3234;1;17;3;9085;1;1;120.0;1;37;38;9;9;111.3;0;0;0;1;0;0;20;0;0;6;0;0;0.0;0;0;6;0;0;0.0;0;11.1;0.6;2.02;Dropout;555;D;data uji;Menghilang dari kelas
MHS3235;1;1;2;9500;1;1;130.0;1;1;1;4;3;125.1;1;0;0;1;0;0;18;0;0;7;10;7;13.78;0;0;8;10;8;13.661;0;15.5;2.8;-4.06;Graduate;701;A;data latih;Tidak dipanggil
MHS3236;1;1;2;9500;1;1;141.0;1;37;37;9;7;126.3;1;0;0;1;0;0;19;0;0;7;10;7;13.805;0;0;8;8;8;14.2725;0;15.5;2.8;-4.06;Graduate;704;A;data uji;Tidak dipanggil
MHS3237;1;17;1;9085;1;1;138.0;1;1;19;4;9;142.2;1;0;0;1;0;0;18;0;0;5;7;5;13.8;0;0;5;5;5;12.6;0;10.8;1.4;1.74;Graduate;631;C;data latih;Tidak dipanggil
MHS3238;1;1;1;9670;1;1;113.0;1;37;19;9;9;110.2;1;0;0;1;0;0;22;0;0;5;7;3;12.666666666666666;0;0;5;6;4;12.0;0;7.6;2.6;0.32;Enrolled;617;C;mahasiswa aktif;Tidak dipanggil
MHS3239;1;17;4;9500;1;1;135.0;1;1;1;4;4;127.0;1;0;0;1;0;0;18;0;0;7;7;7;14.424285714285714;0;0;8;8;8;13.9375;0;11.1;0.6;2.02;Graduate;699;A;data latih;Tidak dipanggil
MHS3240;1;1;1;9238;1;1;137.0;1;3;1;4;9;128.6;0;0;0;1;0;1;18;0;0;6;7;6;13.166666666666666;0;0;6;6;6;12.5;0;12.4;0.5;1.79;Graduate;724;A;data uji;Tidak dipanggil
MHS3241;4;39;1;9991;0;1;133.1;1;37;37;9;9;130.4;0;0;0;1;0;0;30;0;0;5;10;3;10.666666666666666;0;0;5;8;5;10.4;0;12.7;3.7;-1.7;Enrolled;553;D;mahasiswa aktif;Berjuang secara akademik
MHS3242;2;43;1;9238;1;12;100.0;1;37;37;9;9;134.4;0;0;0;1;0;0;34;0;9;16;20;14;12.071428571428571;1;11;13;13;11;12.272727272727272;0;7.6;2.6;0.32;Graduate;662;B;data latih;Tidak dipanggil
MHS3243;1;39;1;8014;0;19;133.1;1;37;37;9;9;100.0;0;0;0;1;0;0;38;0;0;6;10;3;10.25;0;0;6;7;1;12.0;0;13.9;-0.3;0.79;Dropout;574;D;data latih;Berjuang secara akademik
MHS3244;1;1;1;9500;1;1;142.0;1;37;19;7;7;133.0;1;0;0;1;0;1;19;0;0;8;8;8;14.11;0;0;8;8;8;14.11;0;9.4;-0.8;-3.12;Graduate;733;A;data latih;Tidak dipanggil
MHS3245;1;17;3;9853;1;1;140.0;1;38;38;5;7;126.7;1;0;0;1;0;0;19;0;0;6;9;5;12.4;0;0;6;10;3;10.666666666666666;0;10.8;1.4;1.74;Dropout;588;D;data latih;Berjuang secara akademik
MHS3246;1;43;1;9773;1;1;129.0;1;1;1;4;8;129.0;0;0;0;0;0;0;21;0;0;6;7;6;12.0;0;0;6;6;6;12.0;0;10.8;1.4;1.74;Dropout;585;D;data latih;Terhalang biaya
MHS3247;1;17;1;9773;1;1;141.0;1;2;3;2;2;133.7;1;0;0;1;0;1;18;0;0;6;6;6;14.833333333333334;0;0;6;6;6;13.5;0;11.1;0.6;2.02;Graduate;718;A;data uji;Tidak dipanggil
MHS3248;1;17;5;9085;1;1;118.0;1;1;38;4;7;122.2;1;0;0;1;0;1;20;0;0;6;7;6;15.428571428571429;0;0;6;7;6;13.5;0;13.9;-0.3;0.79;Graduate;714;A;data latih;Tidak dipanggil
MHS3249;1;17;5;9147;1;1;131.0;1;37;38;5;5;128.9;0;0;0;1;0;1;18;0;0;5;7;5;11.6;0;0;5;11;5;11.4;4;16.2;0.3;-0.92;Graduate;616;C;data uji;Tidak dipanggil
MHS3250;1;1;3;9070;1;1;161.0;1;38;37;5;5;154.4;1;0;0;1;0;0;18;0;0;6;6;6;14.166666666666666;0;0;6;6;6;14.0;0;16.2;0.3;-0.92;Graduate;703;A;data uji;Tidak dipanggil
MHS3251;1;7;1;9556;1;2;130.0;1;37;37;9;9;130.0;1;0;0;1;0;1;36;0;0;7;9;1;9.8;0;0;7;7;0;0.0;0;12.7;3.7;-1.7;Dropout;551;D;data latih;Berjuang secara akademik
MHS3252;1;17;4;9147;1;1;121.0;1;38;37;6;7;113.0;1;0;0;1;0;1;18;0;0;5;12;4;10.714285714285714;0;0;5;9;4;11.0;0;13.9;-0.3;0.79;Graduate;616;C;data uji;Tidak dipanggil
MHS3253;1;43;1;9130;1;6;133.1;1;1;29;4;90;123.3;1;0;0;1;0;1;21;0;0;5;7;0;0.0;0;0;5;5;0;0.0;0;7.6;2.6;0.32;Dropout;567;D;data latih;Menghilang dari kelas
MHS3254;1;44;1;9130;1;39;130.0;1;1;3;9;2;130.0;1;0;1;1;0;1;21;0;1;6;13;3;12.333333333333334;0;1;6;12;1;13.0;0;13.9;-0.3;0.79;Dropout;618;C;data latih;Tidak dipanggil
MHS3255;1;15;1;9085;1;1;133.1;41;3;3;4;2;101.3;0;0;0;1;0;0;18;1;0;6;13;6;13.0;0;0;6;15;6;12.25;0;11.1;0.6;2.02;Graduate;680;B;data latih;Tidak dipanggil
MHS3256;1;17;6;9670;1;1;120.0;1;1;14;4;5;113.7;1;0;0;1;0;0;18;0;0;5;7;4;11.4;0;0;5;5;4;11.25;0;9.4;-0.8;-3.12;Graduate;589;D;data uji;Berjuang secara akademik
MHS3257;1;1;2;9500;1;1;140.0;1;38;38;9;7;138.8;1;0;0;1;0;0;19;0;0;7;7;6;12.766666666666666;0;0;7;7;6;12.766666666666666;0;7.6;2.6;0.32;Graduate;691;B;data latih;Tidak dipanggil
MHS3258;2;39;1;9003;1;19;133.1;1;37;19;9;4;140.0;0;0;1;1;0;0;29;0;0;6;11;5;12.6;0;0;6;6;6;12.666666666666666;0;11.1;0.6;2.02;Graduate;601;C;data latih;Tidak dipanggil
MHS3259;1;44;1;9147;1;39;130.0;1;19;1;9;3;130.0;0;0;0;1;0;1;20;0;4;7;8;7;13.0;0;2;5;5;5;13.4;0;11.1;0.6;2.02;Graduate;669;B;data latih;Tidak dipanggil
MHS3260;1;17;2;9500;1;1;140.0;1;37;37;9;9;132.5;1;0;0;1;0;0;18;0;0;7;7;6;14.316666666666668;0;0;7;7;6;14.316666666666668;0;7.6;2.6;0.32;Graduate;701;A;data latih;Tidak dipanggil
MHS3261;1;1;1;9085;1;1;124.0;1;2;1;4;10;117.4;1;0;0;1;0;0;19;0;0;5;7;4;12.75;0;0;5;5;5;12.0;0;10.8;1.4;1.74;Graduate;631;C;data uji;Tidak dipanggil
MHS3262;1;1;3;9147;1;1;115.0;1;1;38;3;8;109.8;1;0;0;1;0;1;19;0;0;5;5;5;13.4;0;0;5;5;5;12.6;0;8.9;1.4;3.51;Graduate;658;B;data latih;Tidak dipanggil
MHS3263;1;39;1;8014;0;1;100.0;1;12;5;9;4;116.5;0;0;1;0;0;0;37;0;0;6;6;0;0.0;0;0;5;5;0;0.0;0;8.9;1.4;3.51;Dropout;426;E;data latih;Terhalang biaya
MHS3264;1;1;2;9085;1;1;162.0;1;37;1;9;9;165.2;1;0;0;1;0;1;18;0;0;5;6;4;15.75;0;0;5;5;5;13.8;0;10.8;1.4;1.74;Graduate;677;B;data latih;Tidak dipanggil
MHS3265;1;1;1;9853;1;1;121.0;1;19;19;7;7;113.0;1;0;0;1;0;0;21;0;0;6;9;5;12.4;0;0;6;11;1;11.0;0;12.7;3.7;-1.7;Dropout;593;D;data latih;Berjuang secara akademik
MHS3266;1;17;1;9238;1;1;125.0;1;1;38;144;181;123.3;0;0;0;1;0;1;19;0;0;6;8;6;11.5;0;0;6;7;6;12.333333333333334;0;12.4;0.5;1.79;Graduate;705;A;data latih;Tidak dipanggil
MHS3267;1;17;2;9670;1;1;123.0;1;3;1;3;1;116.7;0;0;0;1;0;0;19;0;0;5;5;5;13.4;0;0;5;5;5;14.0;0;9.4;-0.8;-3.12;Graduate;634;C;data latih;Tidak dipanggil
MHS3268;2;39;1;9991;0;39;140.0;1;38;19;9;5;110.0;0;0;0;1;0;1;35;0;0;5;9;3;11.666666666666666;0;0;5;7;5;11.8;0;12.7;3.7;-1.7;Enrolled;582;D;mahasiswa aktif;Berjuang secara akademik
MHS3269;2;39;1;9500;1;1;133.1;1;37;38;9;8;118.9;0;0;0;1;0;0;30;0;0;7;0;0;0.0;0;0;8;0;0;0.0;0;13.9;-0.3;0.79;Dropout;536;E;data latih;Menghilang dari kelas
MHS3270;1;43;2;9773;1;1;120.0;1;34;34;0;0;103.6;1;0;0;1;0;0;27;0;4;8;11;7;13.285714285714286;0;4;7;13;5;11.6;0;9.4;-0.8;-3.12;Dropout;599;C;data latih;Tidak dipanggil
MHS3271;2;1;1;9254;1;1;136.0;1;37;37;9;9;122.7;0;0;0;1;0;1;45;0;0;6;10;4;11.5;0;0;6;16;2;10.5;0;7.6;2.6;0.32;Dropout;610;C;data latih;Tidak dipanggil
MHS3272;2;39;1;8014;0;1;133.1;1;38;38;9;9;113.5;0;0;0;1;0;1;50;0;3;9;11;8;13.25;0;2;7;8;7;11.714285714285714;0;12.7;3.7;-1.7;Graduate;652;C;data latih;Tidak dipanggil
MHS3273;4;42;1;9147;1;1;110.0;1;37;37;9;9;128.2;0;0;0;1;0;0;41;0;8;14;24;11;12.25;3;5;10;12;10;13.4;0;9.4;-0.8;-3.12;Graduate;660;B;data latih;Tidak dipanggil
MHS3274;1;43;1;9500;1;1;120.0;1;37;37;9;6;120.0;1;0;0;1;0;0;26;0;0;7;8;6;12.0;0;0;7;8;6;12.0;0;7.6;2.6;0.32;Enrolled;660;B;mahasiswa aktif;Tidak dipanggil
MHS3275;1;39;1;9003;1;19;133.1;1;37;37;9;9;130.0;0;0;0;1;0;0;44;0;0;6;10;1;12.0;0;0;6;6;0;0.0;0;11.1;0.6;2.02;Dropout;538;E;data latih;Berjuang secara akademik
MHS3276;5;7;1;9147;1;40;110.0;1;37;37;9;9;110.0;0;0;0;1;0;0;23;0;10;15;15;13;10.923076923076923;0;5;10;10;7;11.142857142857142;0;15.5;2.8;-4.06;Graduate;609;C;data latih;Tidak dipanggil
MHS3277;1;51;1;33;1;1;130.0;1;19;19;9;9;117.7;0;0;0;1;0;0;34;0;10;12;12;10;12.0;0;5;10;11;5;11.0;0;11.1;0.6;2.02;Dropout;585;D;data latih;Berjuang secara akademik
MHS3278;1;1;1;9147;1;1;102.0;1;38;38;9;9;99.6;1;0;0;1;0;1;21;0;0;5;10;5;13.714285714285714;0;0;5;7;5;14.4;0;11.1;0.6;2.02;Graduate;666;B;data latih;Tidak dipanggil
MHS3279;1;43;3;9147;1;1;127.0;21;3;37;3;3;117.9;1;0;0;1;0;0;22;1;0;5;8;1;10.0;0;0;5;8;2;13.0;0;7.6;2.6;0.32;Dropout;567;D;data latih;Berjuang secara akademik
MHS3280;4;39;1;8014;0;1;133.1;1;37;37;9;8;113.0;0;0;0;1;0;1;32;0;0;6;18;2;10.333333333333334;0;0;6;7;6;11.5;0;16.2;0.3;-0.92;Graduate;613;C;data latih;Tidak dipanggil
MHS3281;1;17;2;9556;1;1;137.0;41;1;1;7;7;124.4;1;0;0;1;0;0;20;1;0;7;8;7;12.728571428571428;0;0;8;8;8;14.625;0;15.5;2.8;-4.06;Graduate;677;B;data latih;Tidak dipanggil
MHS3282;2;7;1;8014;0;3;130.0;1;35;35;90;90;140.0;0;0;0;0;0;0;59;0;10;15;22;12;13.333333333333334;0;8;8;8;8;12.875;0;10.8;1.4;1.74;Dropout;577;D;data latih;Terhalang biaya
MHS3283;2;53;1;9147;1;42;130.0;1;19;19;175;152;132.4;0;0;0;1;0;0;30;0;6;11;20;9;12.22222222222222;0;3;9;16;9;11.6;0;8.9;1.4;3.51;Enrolled;628;C;mahasiswa aktif;Tidak dipanggil
MHS3284;1;1;4;9254;1;1;131.0;1;38;36;9;9;124.0;1;0;0;1;0;1;18;0;0;6;7;6;11.333333333333334;0;0;6;9;6;10.833333333333334;0;9.4;-0.8;-3.12;Graduate;678;B;data latih;Tidak dipanggil
MHS3285;2;39;1;9991;0;1;162.0;1;37;37;9;6;132.0;0;0;1;1;1;0;25;0;0;5;8;4;11.0;0;0;5;7;4;12.0;0;7.6;2.6;0.32;Enrolled;556;D;mahasiswa aktif;Berjuang secara akademik
MHS3286;4;43;1;9991;0;1;140.0;1;37;37;5;5;149.8;0;0;0;1;1;0;36;0;0;5;5;5;13.8;0;0;5;6;5;13.8;0;12.7;3.7;-1.7;Graduate;611;C;data latih;Tidak dipanggil
MHS3287;1;7;1;9556;1;43;160.0;1;38;19;9;9;160.0;0;0;0;1;1;0;36;0;0;7;16;1;12.0;0;0;7;13;0;0.0;1;11.1;0.6;2.02;Dropout;537;E;data latih;Berjuang secara akademik
MHS3288;1;17;6;9670;1;1;117.0;1;38;19;0;1;114.6;0;0;0;0;1;0;19;0;0;6;9;4;11.25;0;0;6;11;3;10.166666666666666;0;10.8;1.4;1.74;Dropout;510;E;data latih;Terhalang biaya
MHS3289;1;39;1;9991;0;1;150.0;1;1;37;4;6;120.0;0;0;0;1;1;0;25;0;0;5;6;4;10.5;0;0;5;6;5;12.0;0;9.4;-0.8;-3.12;Graduate;582;D;data latih;Berjuang secara akademik
MHS3290;1;39;1;9003;1;19;133.1;1;37;37;9;7;100.0;0;0;0;1;1;0;35;0;17;18;20;18;11.555555555555555;0;11;13;13;13;11.615384615384617;0;15.5;2.8;-4.06;Graduate;607;C;data latih;Tidak dipanggil
MHS3291;1;1;1;9238;1;1;125.0;1;1;1;5;5;128.5;0;0;0;1;1;0;20;0;0;6;13;1;14.0;0;0;6;7;0;0.0;0;16.2;0.3;-0.92;Dropout;595;D;data latih;Berjuang secara akademik
MHS3292;1;39;1;9003;1;1;130.0;1;37;37;9;7;113.0;1;0;0;0;1;0;35;0;0;6;17;1;13.0;0;0;6;8;0;0.0;0;15.5;2.8;-4.06;Dropout;471;E;data latih;Terhalang biaya
MHS3293;1;1;1;9238;1;1;170.0;1;37;37;0;0;150.8;1;0;0;1;0;0;27;0;0;6;13;2;11.0;0;0;6;14;1;11.0;0;7.6;2.6;0.32;Dropout;592;D;data uji;Berjuang secara akademik
MHS3294;1;17;3;9500;1;1;132.0;1;19;3;9;5;130.8;1;0;0;1;0;0;18;0;0;8;8;7;13.68142857142857;0;0;8;8;7;13.68142857142857;0;10.8;1.4;1.74;Enrolled;692;B;mahasiswa aktif;Tidak dipanggil
MHS3295;1;43;1;9500;1;1;133.1;1;38;19;9;10;114.5;0;0;0;1;0;0;23;0;0;7;11;6;12.1;0;0;7;7;6;12.616666666666667;0;16.2;0.3;-0.92;Enrolled;667;B;mahasiswa aktif;Tidak dipanggil
MHS3296;1;17;2;8014;0;1;120.0;1;19;1;5;10;114.8;1;0;0;1;0;0;19;0;0;6;8;4;10.5;0;0;6;8;4;11.25;0;10.8;1.4;1.74;Graduate;590;D;data latih;Berjuang secara akademik
MHS3297;1;17;2;9500;1;1;126.0;1;37;37;7;7;126.2;1;0;0;1;0;1;18;0;0;7;10;5;11.94;0;0;7;8;6;12.8;0;11.1;0.6;2.02;Enrolled;692;B;mahasiswa aktif;Tidak dipanggil
MHS3298;1;39;1;9500;1;1;130.0;1;19;19;3;7;129.0;0;0;1;0;0;0;26;0;0;7;11;4;12.86;0;0;7;10;5;11.566666666666668;0;12.4;0.5;1.79;Dropout;478;E;data uji;Terhalang biaya
MHS3299;1;17;1;9238;1;1;133.1;1;1;38;9;7;110.5;0;0;0;1;0;0;19;0;0;6;10;6;14.25;0;0;6;7;6;14.0;0;16.2;0.3;-0.92;Graduate;698;A;data uji;Tidak dipanggil
MHS3300;1;1;5;9500;1;1;141.0;1;38;19;7;7;132.5;1;0;0;0;0;0;19;0;0;7;0;0;0.0;0;0;8;0;0;0.0;0;12.7;3.7;-1.7;Dropout;494;E;data latih;Menghilang dari kelas
MHS3301;1;1;1;171;1;1;138.0;1;19;19;5;1;130.7;1;0;0;1;0;0;18;0;0;0;0;0;0.0;0;0;0;0;0;0.0;0;13.9;-0.3;0.79;Dropout;562;D;data uji;Menghilang dari kelas
MHS3302;1;17;1;9500;1;1;130.0;1;19;1;9;7;130.4;1;0;0;1;0;1;19;0;0;7;7;7;13.894285714285711;0;0;8;8;8;14.3625;0;11.1;0.6;2.02;Graduate;726;A;data latih;Tidak dipanggil
MHS3303;1;17;1;9500;1;1;128.0;1;37;37;9;8;124.3;1;0;0;1;0;1;19;0;0;7;8;7;13.46875;0;0;8;8;8;13.31375;0;15.5;2.8;-4.06;Graduate;719;A;data latih;Tidak dipanggil
MHS3304;1;1;4;9085;1;1;135.0;1;38;37;9;9;132.6;1;0;0;1;0;1;19;0;0;5;5;5;13.6;0;0;5;5;5;14.6;0;10.8;1.4;1.74;Graduate;673;B;data latih;Tidak dipanggil
MHS3305;1;44;1;8014;0;39;150.0;1;1;37;9;7;146.7;0;0;0;1;0;1;21;0;3;6;6;6;14.666666666666666;0;2;6;6;6;13.833333333333334;0;12.4;0.5;1.79;Graduate;718;A;data latih;Tidak dipanggil
MHS3306;1;1;3;9773;1;1;135.0;1;1;1;3;5;130.1;1;0;0;1;0;0;18;0;0;6;6;6;13.666666666666666;0;0;6;7;6;13.0;0;15.5;2.8;-4.06;Graduate;694;B;data latih;Tidak dipanggil
MHS3307;2;43;1;9254;1;3;120.0;1;38;37;9;3;120.0;1;0;0;1;0;0;33;0;9;12;22;10;13.3;0;9;11;11;11;13.727272727272728;0;9.4;-0.8;-3.12;Graduate;661;B;data latih;Tidak dipanggil
MHS3308;1;7;1;8014;0;3;120.0;1;19;37;5;3;121.3;0;0;0;1;0;0;32;0;7;11;13;11;13.454545454545457;0;5;11;13;7;12.428571428571429;0;12.7;3.7;-1.7;Graduate;649;C;data latih;Tidak dipanggil
MHS3309;1;1;6;9500;1;1;140.0;1;19;19;1;4;133.3;1;0;0;1;0;1;17;0;0;8;8;8;13.41625;0;0;8;8;8;13.41625;0;9.4;-0.8;-3.12;Graduate;728;A;data latih;Tidak dipanggil
MHS3310;2;39;1;9500;1;1;140.0;1;19;19;9;7;110.5;0;0;0;1;0;0;31;0;0;7;0;0;0.0;0;0;8;0;0;0.0;0;12.7;3.7;-1.7;Dropout;536;E;data latih;Menghilang dari kelas
MHS3311;2;39;1;8014;0;1;140.0;1;19;19;9;7;102.5;0;0;0;1;0;1;32;0;0;6;6;6;11.333333333333334;0;0;6;8;5;13.0;0;15.5;2.8;-4.06;Graduate;639;C;data uji;Tidak dipanggil
MHS3312;1;1;2;9085;1;1;156.0;1;40;40;3;7;150.9;1;0;0;1;0;0;18;0;0;6;8;6;16.0;0;0;6;10;6;14.625;0;11.1;0.6;2.02;Dropout;701;A;data latih;Tidak dipanggil
MHS3313;1;51;1;9070;1;12;133.1;1;37;19;3;7;106.6;0;0;1;1;0;0;31;0;2;6;8;5;11.0;0;4;6;12;6;10.166666666666666;0;8.9;1.4;3.51;Enrolled;588;D;mahasiswa aktif;Berjuang secara akademik
MHS3314;1;1;1;9254;1;1;120.0;1;1;1;9;10;118.3;0;0;0;1;1;0;20;0;0;6;8;6;12.857142857142858;0;0;6;9;5;12.4;0;8.9;1.4;3.51;Enrolled;645;C;mahasiswa aktif;Tidak dipanggil
MHS3315;1;43;1;9991;0;1;100.0;1;3;19;1;1;117.9;0;0;0;0;1;0;40;0;0;5;5;0;0.0;0;0;5;6;0;0.0;0;10.8;1.4;1.74;Dropout;452;E;data latih;Terhalang biaya
MHS3316;2;1;1;9991;0;1;120.0;1;37;19;9;9;135.0;1;0;0;1;1;0;32;0;0;5;5;5;14.8;0;0;5;5;5;14.2;0;7.6;2.6;0.32;Graduate;624;C;data latih;Tidak dipanggil
MHS3317;1;7;1;9119;1;3;120.0;1;19;19;1;1;120.0;0;0;0;0;1;0;40;0;1;5;7;1;13.0;0;2;5;5;2;14.0;0;12.7;3.7;-1.7;Dropout;492;E;data latih;Terhalang biaya
MHS3318;1;1;1;171;1;1;172.0;1;1;1;4;9;167.1;0;0;0;1;1;1;18;0;0;0;0;0;0.0;0;0;0;0;0;0.0;0;16.2;0.3;-0.92;Graduate;591;D;data uji;Menghilang dari kelas
MHS3319;1;43;1;9991;0;1;120.0;1;37;37;9;9;115.8;0;0;1;0;1;0;28;0;4;9;14;4;10.0;0;1;6;6;1;10.0;0;12.7;3.7;-1.7;Dropout;446;E;data latih;Terhalang biaya
MHS3320;1;16;2;9070;1;1;137.0;1;1;1;3;1;141.2;1;0;1;1;1;0;19;0;0;6;11;5;11.2;0;0;6;7;6;12.0;0;9.4;-0.8;-3.12;Graduate;628;C;data latih;Tidak dipanggil
MHS3321;1;1;1;9773;1;1;117.0;1;1;37;5;9;118.4;0;0;0;1;1;1;19;0;0;6;8;6;11.833333333333334;0;0;6;11;3;13.0;0;15.5;2.8;-4.06;Graduate;674;B;data latih;Tidak dipanggil
MHS3322;1;1;6;9147;1;1;142.0;1;38;37;7;7;134.3;0;1;0;1;1;0;21;0;0;5;0;0;0.0;0;0;5;0;0;0.0;0;10.8;1.4;1.74;Dropout;557;D;data latih;Menghilang dari kelas
MHS3323;1;17;4;9147;1;1;135.0;1;19;1;0;4;128.7;1;0;0;1;1;0;22;0;0;5;8;2;10.5;0;0;5;10;0;0.0;0;7.6;2.6;0.32;Dropout;574;D;data uji;Berjuang secara akademik
MHS3324;1;17;3;9119;1;1;115.0;1;3;1;3;3;116.1;1;0;0;0;1;0;18;0;0;5;8;5;12.5;0;0;5;7;5;13.571428571428571;0;12.4;0.5;1.79;Dropout;533;E;data uji;Terhalang biaya
MHS3325;1;39;1;171;1;1;110.0;1;12;3;5;2;100.0;1;0;0;1;1;0;27;0;0;0;0;0;0.0;0;0;0;0;0;0.0;0;9.4;-0.8;-3.12;Dropout;527;E;data latih;Menghilang dari kelas
MHS3326;1;1;1;171;1;1;123.0;1;1;3;2;2;118.8;0;0;0;1;1;0;19;0;4;10;10;5;11.0;0;2;7;8;2;10.0;0;8.9;1.4;3.51;Enrolled;593;D;mahasiswa aktif;Berjuang secara akademik
MHS3327;2;43;1;9991;0;1;140.0;1;37;37;9;9;130.0;1;0;0;1;1;0;30;0;6;10;14;9;12.333333333333334;0;7;10;12;8;12.0;0;9.4;-0.8;-3.12;Graduate;647;C;data latih;Tidak dipanggil
MHS3328;1;39;1;9130;1;39;150.0;1;1;3;4;1;150.0;0;0;0;1;1;0;28;0;0;6;9;0;0.0;0;0;6;8;1;10.0;1;16.2;0.3;-0.92;Dropout;520;E;data latih;Berjuang secara akademik
MHS3329;5;39;1;9119;1;1;120.0;1;37;37;9;9;116.0;0;0;1;1;1;1;34;0;0;5;14;1;17.0;0;0;5;10;2;11.0;0;9.4;-0.8;-3.12;Enrolled;538;E;mahasiswa aktif;Berjuang secara akademik
MHS3330;1;17;1;9147;1;1;110.0;1;1;1;4;4;99.0;0;0;0;1;1;0;21;0;0;5;5;5;11.0;0;0;5;11;3;11.428571428571429;0;10.8;1.4;1.74;Enrolled;583;D;mahasiswa aktif;Berjuang secara akademik
MHS3331;1;1;1;9238;1;1;133.0;1;1;19;9;9;132.0;0;0;0;1;1;1;20;0;0;6;11;5;11.142857142857142;0;0;6;9;6;11.571428571428571;0;16.2;0.3;-0.92;Graduate;667;B;data latih;Tidak dipanggil
MHS3332;1;43;1;9254;1;1;110.0;1;12;19;9;9;125.0;0;0;0;0;1;0;31;0;3;8;19;5;12.166666666666666;0;3;7;12;5;12.0;0;7.6;2.6;0.32;Dropout;525;E;data uji;Terhalang biaya
MHS3333;1;17;1;9119;1;1;126.0;1;1;1;9;9;116.2;0;0;1;0;1;0;21;0;0;5;9;2;11.0;0;0;5;8;2;11.5;2;7.6;2.6;0.32;Dropout;464;E;data latih;Terhalang biaya
MHS3334;1;39;2;9670;1;19;133.1;1;34;34;0;0;100.0;1;0;0;0;1;0;27;0;0;5;8;1;11.0;0;0;5;6;3;10.666666666666666;1;7.6;2.6;0.32;Dropout;466;E;data latih;Terhalang biaya
MHS3335;1;1;6;9773;1;1;136.0;1;38;38;9;9;132.9;1;0;0;1;1;0;19;0;0;6;10;4;13.25;0;0;6;13;5;11.8;0;7.6;2.6;0.32;Graduate;607;C;data latih;Tidak dipanggil
MHS3336;1;17;4;9773;1;1;129.0;1;3;1;2;7;132.5;1;0;0;1;1;0;21;0;0;6;7;0;0.0;0;0;6;11;1;10.0;0;10.8;1.4;1.74;Enrolled;555;D;mahasiswa aktif;Berjuang secara akademik
MHS3337;1;44;1;9003;1;39;140.0;1;19;19;4;4;140.0;1;0;0;0;1;0;21;0;0;6;17;2;12.5;0;0;6;10;0;0.0;0;16.2;0.3;-0.92;Dropout;511;E;data uji;Terhalang biaya
MHS3338;1;43;1;9670;1;1;160.0;1;34;34;99;99;100.1;0;0;0;0;1;0;35;0;6;10;10;7;12.142857142857142;0;4;9;9;4;12.25;0;7.6;2.6;0.32;Dropout;541;E;data latih;Terhalang biaya
MHS3339;1;39;1;9085;1;1;133.1;1;37;36;90;7;128.2;0;0;0;1;1;0;28;0;0;5;8;3;12.0;0;0;5;10;3;11.333333333333334;0;7.6;2.6;0.32;Dropout;564;D;data uji;Berjuang secara akademik
MHS3340;1;17;1;9670;1;1;140.0;1;1;1;4;3;133.4;0;0;0;1;1;0;24;0;0;6;6;4;11.25;0;0;6;9;4;10.428571428571429;0;10.8;1.4;1.74;Enrolled;576;D;mahasiswa aktif;Berjuang secara akademik
MHS3341;1;1;3;9773;1;1;142.0;1;34;1;5;10;136.1;1;0;0;0;1;0;19;0;0;4;8;0;0.0;1;0;6;0;0;0.0;0;9.4;-0.8;-3.12;Dropout;487;E;data latih;Menghilang dari kelas
MHS3342;1;17;1;9670;1;1;138.0;1;1;1;4;8;123.0;0;0;1;0;1;0;20;0;0;6;7;5;12.4;0;0;6;8;4;13.0;0;13.9;-0.3;0.79;Enrolled;521;E;mahasiswa aktif;Terhalang biaya
MHS3343;1;1;1;9070;1;1;131.0;1;3;19;4;4;130.3;1;0;0;1;1;1;20;0;0;6;6;6;12.833333333333334;0;0;6;8;6;12.666666666666666;2;16.2;0.3;-0.92;Graduate;716;A;data latih;Tidak dipanggil
MHS3344;1;1;1;9119;1;1;160.0;1;37;37;9;6;153.7;0;0;0;1;1;0;19;0;0;5;7;1;13.0;0;0;5;7;2;10.0;0;9.4;-0.8;-3.12;Enrolled;568;D;mahasiswa aktif;Berjuang secara akademik
MHS3345;1;39;1;9085;1;1;110.0;1;40;1;5;6;142.5;0;0;1;0;1;0;37;0;5;7;7;5;12.0;0;3;7;7;3;11.666666666666666;0;8.9;1.4;3.51;Dropout;459;E;data latih;Terhalang biaya
MHS3346;1;1;1;9254;1;1;124.0;1;37;38;9;8;114.6;1;0;0;1;1;0;19;0;0;6;13;2;12.0;0;0;6;12;1;13.0;0;7.6;2.6;0.32;Dropout;626;C;data latih;Tidak dipanggil
MHS3347;1;39;1;9500;1;1;120.0;1;37;37;9;8;108.5;0;0;0;1;1;0;36;0;0;7;18;0;0.0;0;0;7;7;0;0.0;0;13.9;-0.3;0.79;Dropout;536;E;data latih;Berjuang secara akademik
MHS3348;1;39;1;9147;1;12;133.1;1;37;37;9;9;140.0;0;0;0;1;1;0;29;0;0;5;0;0;0.0;0;0;5;0;0;0.0;0;9.4;-0.8;-3.12;Dropout;524;E;data latih;Menghilang dari kelas
MHS3349;1;39;1;9003;1;1;133.1;1;38;37;9;4;120.0;0;0;0;1;1;0;30;0;0;6;10;6;11.375;0;0;6;10;5;11.6;0;13.9;-0.3;0.79;Graduate;572;D;data latih;Berjuang secara akademik
MHS3350;1;51;1;9670;1;19;133.1;1;2;1;3;10;120.0;0;0;1;1;1;0;32;0;1;6;15;2;12.0;0;0;6;7;0;0.0;0;11.1;0.6;2.02;Dropout;546;E;data uji;Berjuang secara akademik
MHS3351;1;1;1;8014;0;1;123.0;1;3;1;2;9;127.6;1;0;0;1;1;0;26;0;0;6;6;6;11.833333333333334;0;0;6;6;6;11.666666666666666;0;10.8;1.4;1.74;Enrolled;639;C;mahasiswa aktif;Tidak dipanggil
MHS3352;2;44;1;9003;1;39;140.0;1;37;37;4;7;140.0;0;0;0;1;1;0;37;0;0;6;17;1;12.0;0;0;6;23;2;10.5;1;16.2;0.3;-0.92;Dropout;552;D;data latih;Berjuang secara akademik
MHS3353;1;39;1;9119;1;1;138.7;1;1;12;4;3;111.3;0;0;0;1;1;0;27;0;1;6;7;3;12.0;0;2;6;7;2;11.0;0;13.9;-0.3;0.79;Dropout;543;E;data latih;Berjuang secara akademik
MHS3354;1;1;1;9773;1;1;131.0;1;38;1;5;7;131.0;1;0;0;1;1;1;18;0;0;6;7;6;12.714285714285714;0;0;6;8;5;11.833333333333334;0;13.9;-0.3;0.79;Graduate;678;B;data latih;Tidak dipanggil
MHS3355;1;1;1;9500;1;1;149.0;1;38;37;9;9;139.5;0;0;0;1;1;1;18;0;0;8;8;8;15.3;0;0;8;8;8;15.3;0;9.4;-0.8;-3.12;Graduate;735;A;data latih;Tidak dipanggil
MHS3356;2;39;2;9003;1;19;133.1;1;38;19;4;1;110.0;0;0;0;0;1;0;32;0;2;8;12;2;11.5;2;0;7;9;0;0.0;0;15.5;2.8;-4.06;Dropout;479;E;data latih;Terhalang biaya
MHS3357;1;44;1;9119;1;39;130.0;1;3;19;3;4;130.0;0;0;0;1;1;0;20;0;0;5;12;1;13.0;0;0;5;8;3;12.6;0;12.4;0.5;1.79;Enrolled;585;D;mahasiswa aktif;Berjuang secara akademik
MHS3358;1;43;1;9003;1;1;120.0;1;3;3;1;2;115.0;0;0;0;1;1;0;22;0;0;6;12;0;0.0;0;0;6;10;0;0.0;0;16.2;0.3;-0.92;Dropout;534;E;data latih;Berjuang secara akademik
MHS3359;4;39;1;9500;1;1;133.1;1;1;19;3;3;154.3;0;0;0;1;0;0;32;0;0;7;0;0;0.0;0;0;8;0;0;0.0;0;12.4;0.5;1.79;Dropout;536;E;data latih;Menghilang dari kelas
MHS3360;1;1;1;9147;1;1;143.0;1;1;37;9;9;135.0;1;0;0;1;0;0;21;0;0;5;8;4;11.0;0;0;5;8;5;12.0;0;7.6;2.6;0.32;Enrolled;617;C;mahasiswa aktif;Tidak dipanggil
MHS3361;1;17;4;9670;1;1;126.0;1;1;1;4;7;115.2;0;0;0;0;0;0;19;0;0;6;7;3;12.666666666666666;0;0;6;10;5;13.125;0;10.8;1.4;1.74;Dropout;549;E;data latih;Terhalang biaya
MHS3362;1;1;1;9773;1;1;125.0;1;19;1;9;9;130.6;1;0;0;1;0;1;18;0;0;6;6;6;13.5;0;0;6;6;6;14.0;0;8.9;1.4;3.51;Graduate;728;A;data latih;Tidak dipanggil
MHS3363;1;1;4;9147;1;1;123.0;1;1;1;9;7;117.4;1;0;0;1;0;1;18;0;0;5;7;5;12.0;0;0;5;10;5;11.4;0;8.9;1.4;3.51;Graduate;623;C;data uji;Tidak dipanggil
MHS3364;1;7;1;9147;1;2;150.0;1;3;37;2;5;150.0;1;0;1;0;0;0;38;0;0;5;6;0;0.0;0;0;5;5;0;0.0;0;15.5;2.8;-4.06;Dropout;420;E;data latih;Terhalang biaya
MHS3365;1;17;3;9853;1;1;132.0;1;34;34;0;0;131.3;1;0;0;1;0;0;21;0;0;6;8;5;11.8;0;0;6;8;4;10.5;0;7.6;2.6;0.32;Dropout;579;D;data latih;Berjuang secara akademik
MHS3366;1;1;1;9238;1;1;133.0;1;34;37;5;5;120.4;0;0;0;0;0;0;21;0;0;6;12;2;11.5;0;0;6;13;1;13.0;0;9.4;-0.8;-3.12;Dropout;556;D;data uji;Terhalang biaya
MHS3367;1;1;1;9991;0;1;122.0;1;37;37;9;3;113.6;0;0;0;1;1;0;26;0;0;5;11;2;11.5;0;0;5;10;3;12.0;0;7.6;2.6;0.32;Enrolled;604;C;mahasiswa aktif;Tidak dipanggil
MHS3368;1;1;4;9500;1;1;137.0;1;19;38;9;3;125.0;1;0;0;1;0;0;19;0;0;7;7;6;14.616666666666667;0;0;7;7;6;14.616666666666667;0;7.6;2.6;0.32;Graduate;706;A;data latih;Tidak dipanggil
MHS3369;1;1;6;9500;1;1;145.0;1;19;37;9;9;132.3;1;0;0;1;0;1;19;0;0;8;8;7;14.06;0;0;8;8;7;14.06;0;10.8;1.4;1.74;Enrolled;733;A;mahasiswa aktif;Tidak dipanggil
MHS3370;1;17;1;9254;1;1;150.0;1;1;1;9;10;142.7;0;0;1;1;0;0;18;0;0;6;9;4;11.0;0;0;6;12;3;11.333333333333334;0;7.6;2.6;0.32;Dropout;563;D;data latih;Berjuang secara akademik
MHS3371;1;7;1;9147;1;3;130.0;1;37;37;9;9;130.0;0;0;0;1;0;0;25;0;0;5;0;0;0.0;0;0;5;0;0;0.0;0;12.7;3.7;-1.7;Dropout;525;E;data latih;Menghilang dari kelas
MHS3372;1;1;6;9500;1;1;136.0;1;37;1;5;4;120.8;1;0;0;1;0;0;19;0;6;14;22;7;12.192307692307692;5;6;14;22;7;12.192307692307692;5;7.6;2.6;0.32;Graduate;689;B;data latih;Tidak dipanggil
MHS3373;1;17;2;9254;1;1;131.0;1;1;19;9;9;130.3;1;0;0;1;0;1;18;0;0;6;6;6;12.833333333333334;0;0;6;7;6;12.333333333333334;0;13.9;-0.3;0.79;Graduate;708;A;data uji;Tidak dipanggil
MHS3374;1;17;1;9147;1;1;130.0;1;37;37;9;7;119.9;0;0;0;1;0;1;19;0;0;5;8;5;12.875;0;0;5;6;5;11.833333333333334;0;13.9;-0.3;0.79;Graduate;651;C;data uji;Tidak dipanggil
MHS3375;1;1;1;9238;1;1;108.0;1;19;38;9;7;110.5;1;0;0;1;0;1;22;0;0;6;6;6;12.166666666666666;0;0;6;6;6;12.5;0;12.4;0.5;1.79;Graduate;708;A;data uji;Tidak dipanggil
MHS3376;1;44;1;9003;1;39;160.0;1;38;38;6;6;160.0;1;0;0;1;0;0;21;0;0;6;11;6;13.428571428571429;0;0;6;12;6;12.857142857142858;0;15.5;2.8;-4.06;Graduate;676;B;data uji;Tidak dipanggil
MHS3377;1;17;1;9085;1;1;113.0;1;19;37;9;9;118.6;1;0;0;1;0;1;21;0;0;6;6;6;14.5;0;0;6;8;6;14.666666666666666;0;8.9;1.4;3.51;Graduate;719;A;data latih;Tidak dipanggil
MHS3378;1;1;1;9853;1;1;113.0;1;38;38;3;7;112.3;0;0;0;1;0;1;20;0;0;7;7;7;12.142857142857142;0;0;7;7;7;12.857142857142858;0;11.1;0.6;2.02;Graduate;705;A;data latih;Tidak dipanggil
MHS3379;2;1;1;9147;1;1;137.0;1;19;37;9;9;124.4;0;0;0;1;0;0;19;0;0;5;6;4;11.25;0;0;5;10;3;11.714285714285714;0;10.8;1.4;1.74;Enrolled;592;D;mahasiswa aktif;Berjuang secara akademik
MHS3380;1;1;4;9500;1;1;148.0;1;19;19;9;3;125.0;1;0;0;1;0;0;18;0;0;7;7;6;13.9;0;0;7;7;6;13.9;0;7.6;2.6;0.32;Graduate;708;A;data uji;Tidak dipanggil
MHS3381;1;39;1;9500;1;1;130.0;1;19;19;9;8;105.8;0;0;0;1;0;0;26;0;0;7;12;3;13.766666666666666;0;0;7;11;3;12.066666666666668;0;13.9;-0.3;0.79;Dropout;610;C;data uji;Tidak dipanggil
MHS3382;1;26;1;9147;1;2;133.1;1;34;34;0;0;121.5;1;0;0;1;0;0;31;0;13;15;17;13;11.615384615384617;0;11;14;14;11;12.545454545454543;0;7.6;2.6;0.32;Dropout;648;C;data uji;Tidak dipanggil
MHS3383;1;17;1;9238;1;1;138.0;1;37;38;9;8;134.2;1;0;0;1;0;1;18;0;0;6;6;6;15.166666666666666;0;0;6;7;6;14.142857142857142;0;11.1;0.6;2.02;Graduate;729;A;data uji;Tidak dipanggil
MHS3384;4;7;1;9147;1;3;130.0;1;19;1;5;5;130.0;0;0;0;1;0;0;35;0;0;5;5;0;0.0;0;0;5;5;0;0.0;0;11.1;0.6;2.02;Dropout;523;E;data latih;Menghilang dari kelas
MHS3385;1;1;1;9085;1;1;127.0;1;37;37;9;9;122.8;1;0;0;1;0;0;19;0;0;5;10;2;14.5;1;0;5;9;3;11.333333333333334;0;12.7;3.7;-1.7;Enrolled;609;C;mahasiswa aktif;Tidak dipanggil
MHS3386;1;1;1;9238;1;1;115.0;1;19;38;7;7;108.7;0;0;0;1;0;1;19;0;0;6;9;5;10.8;0;0;6;8;6;10.714285714285714;0;15.5;2.8;-4.06;Graduate;669;B;data latih;Tidak dipanggil
MHS3387;1;1;2;9500;1;1;147.0;1;3;1;4;3;136.7;0;0;0;1;0;0;18;0;0;7;7;7;13.995714285714287;0;0;8;9;8;14.955555555555556;0;11.1;0.6;2.02;Graduate;706;A;data latih;Tidak dipanggil
MHS3388;1;17;1;9085;1;1;132.0;1;38;38;4;9;119.1;0;0;0;1;0;0;20;0;0;6;8;6;13.285714285714286;0;0;6;16;6;11.8;0;12.4;0.5;1.79;Graduate;651;C;data latih;Tidak dipanggil
MHS3389;1;1;4;171;1;1;146.0;1;1;1;9;5;151.3;1;0;0;1;0;1;19;0;6;12;12;12;12.75;0;4;11;16;11;13.25;0;8.9;1.4;3.51;Graduate;712;A;data latih;Tidak dipanggil
MHS3390;1;43;1;9238;1;1;109.0;1;19;37;5;5;108.3;0;0;0;1;0;1;21;0;0;6;15;2;10.5;0;0;6;8;5;12.4;0;10.8;1.4;1.74;Enrolled;644;C;mahasiswa aktif;Tidak dipanggil
MHS3391;1;17;1;9853;1;1;133.0;1;38;38;9;9;127.4;0;0;1;1;0;1;18;0;0;7;7;7;12.714285714285714;0;0;7;7;7;12.285714285714286;0;16.2;0.3;-0.92;Graduate;671;B;data uji;Tidak dipanggil
MHS3392;1;42;1;9500;1;1;124.0;1;19;19;4;9;124.0;0;0;0;1;0;0;23;0;0;8;8;8;12.88625;0;0;8;8;8;12.88625;0;9.4;-0.8;-3.12;Graduate;677;B;data latih;Tidak dipanggil
MHS3393;1;1;1;9070;1;1;133.1;1;1;1;9;9;155.0;0;0;0;1;0;1;21;0;0;6;7;5;13.0;0;0;6;6;6;12.666666666666666;0;16.2;0.3;-0.92;Graduate;700;A;data latih;Tidak dipanggil
MHS3394;1;1;1;9147;1;1;121.0;1;37;38;9;9;114.0;0;0;0;1;0;1;19;0;0;5;7;5;12.2;0;0;5;6;5;11.2;0;11.1;0.6;2.02;Graduate;628;C;data latih;Tidak dipanggil
MHS3395;1;1;2;9147;1;1;129.0;1;38;19;3;7;118.9;1;0;0;1;0;0;19;0;0;5;8;4;12.8;0;0;5;10;3;14.5;0;10.8;1.4;1.74;Enrolled;636;C;mahasiswa aktif;Tidak dipanggil
MHS3396;1;53;1;9085;1;42;160.0;1;19;37;4;9;160.0;1;0;0;1;0;0;20;0;7;11;15;11;13.785714285714286;0;4;9;9;9;13.88888888888889;0;8.9;1.4;3.51;Graduate;686;B;data latih;Tidak dipanggil
MHS3397;1;43;1;9147;1;1;131.0;1;3;19;2;9;126.1;0;0;0;1;0;0;18;0;0;5;5;0;0.0;0;0;5;9;4;13.25;2;16.2;0.3;-0.92;Enrolled;580;D;mahasiswa aktif;Berjuang secara akademik
MHS3398;1;1;1;9500;1;1;150.0;1;37;37;9;7;136.5;1;0;0;1;0;1;18;0;0;8;8;8;14.50125;0;0;8;8;8;14.50125;0;9.4;-0.8;-3.12;Graduate;735;A;data latih;Tidak dipanggil
MHS3399;2;1;5;9500;1;1;130.0;1;1;19;4;4;122.3;0;0;0;1;0;0;19;0;0;7;7;6;14.35;0;0;7;7;6;14.35;0;7.6;2.6;0.32;Graduate;706;A;data uji;Tidak dipanggil
MHS3400;1;17;1;9070;1;1;133.1;1;38;19;5;5;128.0;0;0;0;1;0;1;21;0;0;6;6;6;11.5;0;0;6;6;6;12.333333333333334;0;9.4;-0.8;-3.12;Graduate;699;A;data latih;Tidak dipanggil
MHS3401;1;1;1;9238;1;1;154.0;1;38;38;9;9;156.5;1;1;0;1;0;1;18;0;0;6;8;6;11.714285714285714;0;0;6;6;6;14.666666666666666;0;12.7;3.7;-1.7;Graduate;724;A;data latih;Tidak dipanggil
MHS3402;1;1;1;9670;1;1;126.0;1;37;19;7;7;125.7;0;0;0;1;0;0;20;0;0;6;9;6;13.571428571428571;0;0;6;10;5;13.6;0;15.5;2.8;-4.06;Enrolled;650;C;mahasiswa aktif;Tidak dipanggil
MHS3403;1;1;1;9773;1;1;150.0;1;19;38;9;5;143.0;0;0;0;1;0;0;18;0;0;6;6;5;13.0;0;0;6;6;6;13.666666666666666;0;12.7;3.7;-1.7;Graduate;678;B;data uji;Tidak dipanggil
MHS3404;1;17;5;9500;1;1;141.0;1;19;19;9;7;131.9;1;0;0;1;0;1;18;0;0;7;8;7;13.56875;0;0;8;8;8;14.02625;0;15.5;2.8;-4.06;Graduate;726;A;data latih;Tidak dipanggil
MHS3405;2;43;1;9991;0;1;134.0;1;37;37;9;9;113.7;0;0;0;1;0;0;32;0;1;5;5;5;10.2;0;0;5;9;4;11.25;0;9.4;-0.8;-3.12;Enrolled;547;E;mahasiswa aktif;Berjuang secara akademik
MHS3406;1;17;2;171;1;1;146.0;1;3;3;3;3;155.1;1;0;0;1;0;0;18;0;0;0;0;0;0.0;0;0;0;0;0;0.0;0;13.9;-0.3;0.79;Graduate;555;D;data latih;Menghilang dari kelas
MHS3407;1;16;3;9853;1;1;134.0;1;19;37;9;9;121.1;1;0;0;1;0;0;19;0;0;6;8;5;12.2;0;0;6;8;5;11.8;0;10.8;1.4;1.74;Enrolled;586;D;mahasiswa aktif;Berjuang secara akademik
MHS3408;1;1;3;9500;1;1;139.0;1;1;19;9;3;130.3;1;0;0;1;0;1;18;0;0;8;8;8;14.15375;0;0;8;8;8;14.15375;0;9.4;-0.8;-3.12;Graduate;735;A;data latih;Tidak dipanggil
MHS3409;1;1;6;9500;1;1;136.0;1;1;1;4;5;123.3;0;0;0;0;0;0;18;0;0;8;8;0;0.0;8;0;8;8;0;0.0;8;9.4;-0.8;-3.12;Dropout;496;E;data latih;Terhalang biaya
MHS3410;1;1;5;9773;1;1;110.0;1;19;38;3;5;117.4;1;0;0;1;0;0;20;0;0;6;7;6;13.833333333333334;0;0;6;6;6;12.833333333333334;0;11.1;0.6;2.02;Graduate;692;B;data uji;Tidak dipanggil
MHS3411;1;5;1;9670;1;1;135.0;1;1;12;4;4;140.3;1;0;0;1;0;0;19;0;0;6;7;6;13.428571428571429;0;0;6;6;4;14.0;0;12.4;0.5;1.79;Enrolled;648;C;mahasiswa aktif;Tidak dipanggil
MHS3412;1;17;4;9500;1;1;129.0;1;38;37;9;5;120.0;1;0;0;1;0;0;19;0;0;8;8;7;12.454285714285716;0;0;8;8;7;12.454285714285716;0;10.8;1.4;1.74;Graduate;682;B;data latih;Tidak dipanggil
MHS3413;1;17;1;9147;1;1;139.0;1;38;38;7;5;133.4;0;0;0;1;0;0;18;0;0;5;9;1;11.0;1;0;5;10;0;0.0;0;9.4;-0.8;-3.12;Enrolled;569;D;mahasiswa aktif;Berjuang secara akademik
MHS3414;1;1;4;9500;1;1;137.0;1;1;19;4;7;126.7;1;0;0;1;0;0;18;0;0;7;0;0;0.0;0;0;8;0;0;0.0;0;15.5;2.8;-4.06;Dropout;573;D;data latih;Menghilang dari kelas
MHS3415;1;17;3;9500;1;1;138.0;1;1;19;7;8;129.3;1;0;0;1;0;1;18;0;0;7;8;6;13.271666666666668;0;0;8;11;7;12.94375;0;12.4;0.5;1.79;Graduate;721;A;data latih;Tidak dipanggil
MHS3416;1;17;6;9500;1;1;136.0;1;3;38;2;9;125.7;1;0;0;1;0;0;20;0;0;7;8;6;13.548333333333334;0;0;8;11;6;14.775;0;11.1;0.6;2.02;Enrolled;695;A;mahasiswa aktif;Tidak dipanggil
MHS3417;1;1;1;9773;1;1;143.0;1;3;3;2;5;144.8;0;0;0;1;0;0;19;0;0;6;6;6;12.166666666666666;0;0;6;6;6;12.5;0;16.2;0.3;-0.92;Enrolled;684;B;mahasiswa aktif;Tidak dipanggil
MHS3418;1;1;1;9254;1;1;133.1;1;38;19;3;3;98.6;0;0;0;1;0;0;21;0;0;6;16;2;11.0;0;0;6;12;0;0.0;0;12.7;3.7;-1.7;Dropout;592;D;data uji;Berjuang secara akademik
MHS3419;1;1;1;9853;1;1;136.0;1;38;37;9;9;126.9;1;0;0;1;0;1;19;0;0;7;7;7;13.285714285714286;0;0;7;7;7;14.428571428571429;0;11.1;0.6;2.02;Graduate;715;A;data latih;Tidak dipanggil
MHS3420;1;17;1;9238;1;1;139.0;1;19;38;4;9;146.7;1;0;0;1;0;1;20;0;0;6;6;6;13.333333333333334;0;0;6;7;6;14.0;0;15.5;2.8;-4.06;Graduate;723;A;data uji;Tidak dipanggil
MHS3421;1;1;1;9500;1;1;125.0;1;1;1;9;4;117.0;0;0;0;1;0;1;21;0;0;8;8;8;13.2575;0;0;8;8;8;13.2575;0;9.4;-0.8;-3.12;Graduate;724;A;data latih;Tidak dipanggil
MHS3422;1;44;1;9085;1;39;130.0;1;37;38;9;6;130.0;1;0;0;1;0;0;23;0;0;6;7;0;0.0;0;0;6;7;0;0.0;0;11.1;0.6;2.02;Dropout;545;E;data latih;Menghilang dari kelas
MHS3423;1;17;1;9238;1;1;137.0;1;1;38;5;8;125.8;0;0;0;0;0;1;18;0;0;6;10;6;12.666666666666666;0;0;6;6;2;11.5;0;12.7;3.7;-1.7;Dropout;573;D;data latih;Berjuang secara akademik
MHS3424;2;39;1;9991;0;3;130.0;1;3;1;1;10;160.0;0;0;0;1;0;0;30;0;0;5;5;5;14.6;0;0;5;5;5;15.4;0;12.7;3.7;-1.7;Dropout;602;C;data latih;Tidak dipanggil
MHS3425;1;1;1;9085;1;1;130.0;1;9;19;4;1;134.2;1;0;0;1;0;0;20;0;0;5;13;0;0.0;5;0;5;5;0;0.0;5;9.4;-0.8;-3.12;Dropout;562;D;data latih;Berjuang secara akademik
MHS3426;2;43;2;9147;1;1;160.0;1;37;37;9;9;96.0;0;0;0;0;0;0;29;0;3;5;7;3;12.333333333333334;0;0;5;8;0;0.0;0;10.8;1.4;1.74;Dropout;496;E;data uji;Terhalang biaya
MHS3427;1;18;1;9147;1;1;100.0;1;38;38;5;5;101.8;1;0;0;1;0;0;24;0;0;5;5;5;10.8;0;0;5;11;2;11.0;0;10.8;1.4;1.74;Enrolled;572;D;mahasiswa aktif;Berjuang secara akademik
MHS3428;1;1;1;9238;1;1;136.0;1;19;1;4;3;125.2;1;0;0;1;0;0;20;0;0;6;7;6;11.666666666666666;0;0;6;10;6;11.333333333333334;0;7.6;2.6;0.32;Graduate;654;C;data uji;Tidak dipanggil
MHS3429;1;43;1;8014;0;1;117.0;1;37;37;9;9;100.0;0;0;0;1;0;0;27;0;0;6;6;4;12.5;0;0;6;6;6;14.333333333333334;0;13.9;-0.3;0.79;Dropout;654;C;data latih;Tidak dipanggil
MHS3430;2;7;1;9147;1;3;140.0;1;37;37;9;9;140.0;0;0;0;1;0;0;23;0;0;5;0;0;0.0;0;0;5;0;0;0.0;0;7.6;2.6;0.32;Dropout;525;E;data uji;Menghilang dari kelas
MHS3431;1;51;1;9070;1;1;132.0;1;19;19;153;153;120.0;0;0;0;1;0;1;23;0;0;6;6;6;15.333333333333334;0;0;6;6;6;14.166666666666666;0;11.1;0.6;2.02;Graduate;710;A;data latih;Tidak dipanggil
MHS3432;1;1;3;9500;1;1;147.0;1;1;1;4;4;134.3;1;0;0;1;0;0;18;0;0;8;8;7;14.2;0;0;8;8;7;14.2;0;12.7;3.7;-1.7;Graduate;706;A;data uji;Tidak dipanggil
MHS3433;1;1;1;9773;1;1;158.0;1;38;38;9;7;144.7;1;0;0;1;0;1;19;0;0;6;6;6;14.833333333333334;0;0;6;6;6;14.666666666666666;0;12.7;3.7;-1.7;Graduate;728;A;data latih;Tidak dipanggil
MHS3434;1;17;6;9500;1;1;142.0;1;19;37;4;9;131.9;1;0;0;1;0;0;19;0;0;7;7;7;13.642857142857142;0;0;8;8;8;14.3875;0;13.9;-0.3;0.79;Dropout;695;A;data latih;Tidak dipanggil
MHS3435;1;1;1;9773;1;1;143.0;1;1;38;8;8;136.7;1;0;0;1;0;1;18;0;0;6;6;6;13.833333333333334;0;0;6;6;6;14.0;0;11.1;0.6;2.02;Dropout;730;A;data uji;Tidak dipanggil
MHS3436;1;1;2;9070;1;1;135.0;1;1;1;4;7;129.8;1;0;0;1;0;0;19;0;0;6;6;6;11.833333333333334;0;0;6;7;6;13.0;0;9.4;-0.8;-3.12;Graduate;684;B;data latih;Tidak dipanggil
MHS3437;1;1;1;9773;1;1;160.0;1;1;38;4;7;146.5;0;0;0;1;0;1;18;0;0;6;7;6;13.428571428571429;0;0;6;10;6;13.5;0;13.9;-0.3;0.79;Graduate;723;A;data latih;Tidak dipanggil
MHS3438;1;43;1;9991;0;1;120.0;1;37;37;9;8;122.5;1;0;0;1;0;0;29;0;8;13;16;8;10.5;0;8;12;19;9;10.333333333333334;0;9.4;-0.8;-3.12;Enrolled;613;C;mahasiswa aktif;Tidak dipanggil
MHS3439;1;39;2;9556;1;19;133.1;1;37;37;3;7;117.8;0;0;0;1;0;0;24;0;0;7;10;6;11.416666666666666;0;0;8;9;8;11.9625;0;13.9;-0.3;0.79;Graduate;636;C;data latih;Tidak dipanggil
MHS3440;1;17;2;9556;1;1;133.1;1;37;38;9;8;106.0;1;0;0;1;0;0;19;0;0;7;16;2;12.75;0;0;7;12;2;11.0;0;8.9;1.4;3.51;Dropout;591;D;data uji;Berjuang secara akademik
MHS3441;1;17;1;9556;1;1;133.0;1;1;38;4;9;119.0;0;0;0;1;0;0;19;0;0;7;10;6;11.15;0;0;7;7;7;12.814285714285717;0;12.7;3.7;-1.7;Enrolled;667;B;mahasiswa aktif;Tidak dipanggil
MHS3442;1;1;1;9670;1;1;120.0;1;38;19;4;8;115.1;0;0;0;1;0;0;19;0;0;6;8;3;11.666666666666666;0;0;6;11;5;13.625;0;10.8;1.4;1.74;Enrolled;626;C;mahasiswa aktif;Tidak dipanggil
MHS3443;1;17;4;9254;1;1;106.0;1;37;19;9;7;116.9;1;0;0;1;0;0;20;0;0;6;7;6;11.5;0;0;6;8;5;12.4;0;11.1;0.6;2.02;Graduate;628;C;data latih;Tidak dipanggil
MHS3444;1;1;2;9773;1;1;148.0;1;1;19;9;9;141.7;0;0;0;1;0;0;18;0;0;6;6;6;13.833333333333334;0;0;6;6;6;12.666666666666666;0;10.8;1.4;1.74;Graduate;691;B;data latih;Tidak dipanggil
MHS3445;1;1;2;9070;1;1;134.0;1;1;19;3;3;127.7;1;0;0;0;0;0;18;0;1;6;8;6;11.714285714285714;1;0;6;11;4;11.333333333333334;0;13.9;-0.3;0.79;Dropout;540;E;data latih;Terhalang biaya
MHS3446;1;1;5;9500;1;1;130.0;1;19;1;9;5;122.1;1;0;0;1;0;1;19;0;0;7;8;7;11.678571428571429;0;0;8;10;7;13.0375;0;12.4;0.5;1.79;Graduate;716;A;data latih;Tidak dipanggil
MHS3447;1;16;1;9085;1;1;150.0;1;3;3;2;1;153.5;1;0;0;1;0;0;19;0;0;6;7;6;15.714285714285714;0;0;6;6;6;14.666666666666666;0;13.9;-0.3;0.79;Dropout;690;B;data latih;Tidak dipanggil
MHS3448;1;1;1;171;1;1;141.0;1;1;19;5;8;141.4;1;0;0;1;0;1;18;0;0;0;0;0;0.0;0;0;0;0;0;0.0;0;13.9;-0.3;0.79;Graduate;591;D;data latih;Menghilang dari kelas
MHS3449;1;1;1;9773;1;1;140.0;1;19;37;9;6;135.8;1;0;0;1;0;1;19;0;0;6;6;6;13.0;0;0;6;7;6;13.0;0;10.8;1.4;1.74;Graduate;721;A;data uji;Tidak dipanggil
MHS3450;1;1;2;9500;1;1;138.0;1;3;3;2;2;127.5;1;0;0;1;0;1;18;0;0;7;7;7;14.485714285714286;0;0;8;9;8;14.58888888888889;0;16.2;0.3;-0.92;Graduate;735;A;data latih;Tidak dipanggil
MHS3451;1;39;1;9991;0;1;130.0;1;37;37;9;9;151.6;0;0;0;1;0;0;24;0;0;5;9;5;12.285714285714286;0;0;5;8;5;12.125;0;16.2;0.3;-0.92;Enrolled;589;D;mahasiswa aktif;Berjuang secara akademik
MHS3452;1;39;1;9500;1;1;133.1;1;19;19;5;6;121.4;0;0;1;1;0;0;28;0;0;7;12;4;13.375;0;0;7;7;5;13.5;0;13.9;-0.3;0.79;Enrolled;587;D;mahasiswa aktif;Berjuang secara akademik
MHS3453;1;42;1;9500;1;1;133.0;1;1;1;4;4;100.0;0;0;0;1;0;0;20;0;1;8;8;7;11.571428571428571;0;1;8;8;7;11.571428571428571;0;12.7;3.7;-1.7;Graduate;644;C;data latih;Tidak dipanggil
MHS3454;1;1;6;9500;1;1;150.0;1;37;38;9;9;131.5;1;0;0;1;0;1;19;0;0;8;8;7;12.657142857142857;0;0;8;8;7;12.657142857142857;0;12.7;3.7;-1.7;Graduate;718;A;data latih;Tidak dipanggil
MHS3455;1;17;1;9147;1;1;117.0;1;37;37;9;9;109.3;0;0;0;0;0;0;22;0;0;5;9;2;10.0;1;0;5;11;1;10.0;0;9.4;-0.8;-3.12;Dropout;482;E;data latih;Terhalang biaya
MHS3456;1;1;1;9238;1;1;145.0;1;19;1;6;5;127.9;1;0;0;1;0;0;19;0;0;6;7;6;13.714285714285714;0;0;6;6;6;13.166666666666666;0;12.7;3.7;-1.7;Graduate;698;A;data latih;Tidak dipanggil
MHS3457;1;7;1;9238;1;3;140.0;1;37;37;9;9;140.0;1;0;0;1;0;0;36;0;10;14;21;13;13.071428571428571;0;4;11;16;11;13.0;0;16.2;0.3;-0.92;Graduate;660;B;data latih;Tidak dipanggil
MHS3458;1;44;1;9003;1;39;160.0;1;37;38;9;7;160.0;0;0;0;1;0;1;19;0;0;6;7;6;15.333333333333334;0;0;6;9;6;14.0;0;15.5;2.8;-4.06;Graduate;714;A;data latih;Tidak dipanggil
MHS3459;1;17;1;9238;1;1;125.0;1;4;3;1;1;119.8;0;0;0;1;0;0;18;0;0;6;9;5;11.571428571428571;0;0;6;8;6;12.142857142857142;0;16.2;0.3;-0.92;Graduate;662;B;data uji;Tidak dipanggil
MHS3460;4;43;4;9991;0;12;133.1;1;37;37;9;9;153.0;0;0;0;0;0;0;40;0;0;5;10;0;0.0;0;0;5;5;0;0.0;0;7.6;2.6;0.32;Dropout;452;E;data latih;Terhalang biaya
MHS3461;1;1;2;9500;1;1;139.0;1;38;37;9;7;125.0;1;0;0;1;0;1;19;0;0;7;7;6;12.9;0;0;7;7;6;12.9;0;7.6;2.6;0.32;Graduate;728;A;data latih;Tidak dipanggil
MHS3462;4;43;1;9500;1;1;130.0;1;37;37;9;9;103.7;0;0;0;1;0;0;38;0;1;8;12;5;13.126;1;1;8;12;5;13.126;1;10.8;1.4;1.74;Enrolled;620;C;mahasiswa aktif;Tidak dipanggil
MHS3463;1;7;1;9085;1;3;120.0;1;37;37;7;7;120.0;0;0;0;1;0;0;32;0;4;10;20;4;11.5;2;3;9;13;3;11.666666666666666;2;15.5;2.8;-4.06;Dropout;561;D;data latih;Berjuang secara akademik
MHS3464;1;1;1;9853;1;1;160.0;1;1;37;9;9;146.0;1;0;0;1;0;0;19;0;0;6;11;3;10.333333333333334;0;0;6;10;5;11.8;0;9.4;-0.8;-3.12;Enrolled;573;D;mahasiswa aktif;Berjuang secara akademik
MHS3465;1;17;3;9070;1;1;120.0;1;3;1;4;4;116.9;1;0;0;1;0;0;19;0;0;6;6;6;13.5;0;0;6;7;6;13.428571428571429;0;8.9;1.4;3.51;Graduate;687;B;data latih;Tidak dipanggil
MHS3466;2;39;1;9147;1;1;130.0;1;37;37;9;9;117.9;0;0;0;1;0;0;35;0;0;1;1;0;0.0;1;0;5;0;0;0.0;0;10.8;1.4;1.74;Dropout;524;E;data latih;Menghilang dari kelas
MHS3467;1;1;1;9147;1;1;124.0;1;38;19;3;10;128.6;1;0;0;1;0;0;20;0;0;5;5;4;12.0;0;0;4;4;2;11.5;0;7.6;2.6;0.32;Enrolled;590;D;mahasiswa aktif;Berjuang secara akademik
MHS3468;1;17;1;9853;1;1;150.0;1;19;19;3;4;135.0;0;0;0;1;0;0;29;0;2;8;10;7;11.142857142857142;0;2;8;11;8;11.375;0;12.7;3.7;-1.7;Graduate;619;C;data uji;Tidak dipanggil
MHS3469;1;1;1;9991;0;1;140.0;1;37;37;9;9;124.6;0;0;0;1;0;0;29;0;0;5;11;5;11.4;0;0;5;10;4;10.25;0;15.5;2.8;-4.06;Enrolled;575;D;mahasiswa aktif;Berjuang secara akademik
MHS3470;1;1;5;9500;1;1;135.0;1;37;37;7;7;124.0;1;0;0;1;0;1;19;0;0;8;8;7;12.771428571428572;1;0;8;8;7;12.771428571428572;1;9.4;-0.8;-3.12;Enrolled;718;A;mahasiswa aktif;Tidak dipanggil
MHS3471;1;1;6;9500;1;1;143.0;1;38;19;7;9;129.5;1;0;0;1;0;1;18;0;0;8;8;7;13.79857142857143;0;0;8;8;7;13.79857142857143;0;10.8;1.4;1.74;Graduate;735;A;data latih;Tidak dipanggil
MHS3472;2;39;1;8014;0;19;100.0;1;38;19;0;10;111.3;0;0;1;0;0;0;25;0;0;6;7;6;13.333333333333334;0;0;6;6;6;13.5;0;7.6;2.6;0.32;Graduate;556;D;data latih;Terhalang biaya
MHS3473;4;39;1;8014;0;19;133.1;1;37;37;9;9;95.0;0;0;1;0;0;0;50;0;0;6;11;0;0.0;0;0;5;6;0;0.0;0;8.9;1.4;3.51;Dropout;426;E;data latih;Terhalang biaya
MHS3474;2;1;1;9147;1;1;133.1;1;34;34;0;0;131.8;0;0;0;1;0;0;24;0;14;15;17;14;11.357142857142858;0;13;14;15;13;12.846153846153848;0;7.6;2.6;0.32;Dropout;664;B;data latih;Tidak dipanggil
MHS3475;1;1;5;9119;1;1;132.0;1;38;19;5;3;119.1;0;0;0;1;0;0;18;0;0;5;11;0;0.0;0;0;5;8;0;0.0;0;9.4;-0.8;-3.12;Dropout;545;E;data latih;Berjuang secara akademik
MHS3476;1;17;1;9085;1;1;131.0;1;38;38;191;174;125.4;1;0;0;1;0;0;20;0;0;6;13;6;15.692307692307692;0;0;6;13;5;14.428571428571429;0;15.5;2.8;-4.06;Graduate;653;C;data latih;Tidak dipanggil
MHS3477;1;16;1;9003;1;1;147.0;1;1;37;4;9;140.7;1;0;1;1;0;1;20;0;13;18;19;18;15.052631578947368;0;11;13;13;13;14.538461538461538;0;15.5;2.8;-4.06;Graduate;683;B;data latih;Tidak dipanggil
MHS3478;1;43;1;9991;0;1;141.0;1;37;37;9;9;131.9;0;0;0;1;0;0;21;0;6;10;20;6;11.5;0;5;10;17;5;12.4;0;9.4;-0.8;-3.12;Dropout;616;C;data uji;Tidak dipanggil
MHS3479;1;39;1;9238;1;1;160.0;1;38;1;9;3;124.0;0;0;1;1;1;0;28;0;2;8;15;7;11.0;0;0;6;17;1;10.0;0;10.8;1.4;1.74;Enrolled;560;D;mahasiswa aktif;Berjuang secara akademik
MHS3480;1;1;1;9254;1;1;135.0;1;38;37;9;7;139.2;0;0;0;1;1;1;19;0;0;6;6;6;13.0;0;0;6;6;6;13.166666666666666;0;12.4;0.5;1.79;Graduate;718;A;data latih;Tidak dipanggil
MHS3481;1;1;1;9500;1;1;133.0;1;37;37;9;7;121.8;0;0;0;1;1;1;18;0;0;8;8;8;12.93875;0;0;8;8;8;12.93875;0;9.4;-0.8;-3.12;Graduate;728;A;data latih;Tidak dipanggil
MHS3482;1;17;1;171;1;1;142.0;1;37;37;9;9;132.9;0;0;0;1;1;0;22;0;0;0;0;0;0.0;0;0;0;0;0;0.0;0;12.7;3.7;-1.7;Graduate;542;E;data latih;Menghilang dari kelas
MHS3483;1;44;1;9003;1;39;130.0;1;37;37;9;10;130.0;0;0;0;1;1;0;25;0;0;6;6;0;0.0;0;0;6;8;0;0.0;0;15.5;2.8;-4.06;Dropout;539;E;data latih;Menghilang dari kelas
MHS3484;2;39;1;9500;1;1;133.1;1;37;37;9;9;130.1;0;0;0;0;1;0;37;0;0;7;10;5;13.0;0;0;7;9;5;12.88;0;11.1;0.6;2.02;Dropout;534;E;data latih;Terhalang biaya
MHS3485;1;39;1;9500;1;1;133.1;1;37;37;7;7;124.5;0;0;0;0;1;0;38;0;0;7;11;5;12.18;0;0;7;11;4;11.8125;0;11.1;0.6;2.02;Dropout;526;E;data latih;Terhalang biaya
MHS3486;2;39;1;9670;1;1;130.0;1;19;38;9;9;162.3;0;0;0;1;1;0;36;0;0;6;13;3;11.333333333333334;0;0;6;12;5;11.4;0;13.9;-0.3;0.79;Dropout;559;D;data latih;Berjuang secara akademik
MHS3487;1;1;2;9500;1;1;149.0;1;19;1;9;9;137.8;1;0;0;1;1;0;18;0;0;8;8;7;13.0;0;0;8;8;7;13.0;0;12.7;3.7;-1.7;Graduate;699;A;data latih;Tidak dipanggil
MHS3488;1;1;1;9670;1;1;130.0;1;1;1;0;0;119.5;0;0;0;0;1;0;19;0;0;5;5;0;0.0;0;0;6;0;0;0.0;0;9.4;-0.8;-3.12;Dropout;484;E;data latih;Menghilang dari kelas
MHS3489;1;39;1;9130;1;1;150.0;1;1;1;4;10;110.0;0;0;1;1;1;0;24;0;0;5;13;2;12.5;2;0;5;8;3;12.333333333333334;0;9.4;-0.8;-3.12;Dropout;561;D;data latih;Berjuang secara akademik
MHS3490;1;1;1;9238;1;1;106.0;1;1;1;3;3;105.0;0;0;0;1;1;0;20;0;0;6;9;5;11.0;0;0;6;9;5;12.166666666666666;0;11.1;0.6;2.02;Graduate;628;C;data latih;Tidak dipanggil
MHS3491;1;1;1;171;1;1;162.0;1;37;37;9;9;142.8;1;0;0;1;1;0;21;0;0;0;0;0;0.0;0;0;0;0;0;0.0;0;12.7;3.7;-1.7;Dropout;558;D;data uji;Menghilang dari kelas
MHS3492;2;43;3;9991;0;1;120.0;1;37;37;9;9;128.2;1;0;0;1;1;0;32;0;0;5;5;0;0.0;0;0;5;5;0;0.0;0;7.6;2.6;0.32;Dropout;529;E;data uji;Menghilang dari kelas
MHS3493;2;39;1;9991;0;19;133.1;1;38;38;7;8;120.0;0;0;0;1;1;0;39;0;0;5;9;0;0.0;0;0;5;5;1;10.0;0;12.7;3.7;-1.7;Dropout;520;E;data latih;Berjuang secara akademik
MHS3494;1;7;1;9119;1;3;130.0;1;37;37;9;9;130.0;0;0;0;0;1;0;33;0;0;5;6;0;0.0;0;0;5;5;0;0.0;0;12.7;3.7;-1.7;Dropout;430;E;data latih;Terhalang biaya
MHS3495;1;17;2;9670;1;1;128.0;1;37;38;5;8;121.7;0;0;0;1;1;1;20;0;0;5;5;5;12.4;0;0;5;5;4;10.75;0;9.4;-0.8;-3.12;Graduate;621;C;data latih;Tidak dipanggil
MHS3496;1;1;1;9003;1;1;124.0;1;38;19;9;7;116.0;0;0;0;1;1;0;19;0;0;6;8;6;15.5;0;0;6;10;6;14.1;0;16.2;0.3;-0.92;Graduate;693;B;data uji;Tidak dipanggil
MHS3497;2;39;1;9991;0;1;133.1;1;37;37;5;8;133.2;0;0;0;0;1;0;43;0;0;5;13;2;11.5;0;0;5;12;3;10.8;0;13.9;-0.3;0.79;Dropout;476;E;data latih;Terhalang biaya
MHS3498;2;43;1;9991;0;1;114.0;1;37;37;7;8;116.7;0;0;0;1;1;0;49;0;0;5;7;4;13.333333333333334;0;0;5;9;4;11.6;1;16.2;0.3;-0.92;Dropout;572;D;data latih;Berjuang secara akademik
MHS3499;1;1;2;9773;1;1;140.0;1;38;38;5;7;126.4;1;0;0;1;1;1;18;0;0;6;8;6;12.666666666666666;0;0;6;6;6;13.5;0;12.7;3.7;-1.7;Graduate;720;A;data latih;Tidak dipanggil
MHS3500;1;39;1;9003;1;1;160.0;1;1;37;191;193;140.0;0;0;0;1;1;0;27;0;0;6;6;0;0.0;0;0;6;6;0;0.0;0;11.1;0.6;2.02;Enrolled;525;E;mahasiswa aktif;Menghilang dari kelas
MHS3501;1;1;1;9147;1;1;122.0;1;1;19;9;9;120.3;1;0;0;1;1;1;19;0;0;5;8;5;12.6;0;0;5;9;5;13.6;0;8.9;1.4;3.51;Dropout;660;B;data latih;Tidak dipanggil
MHS3502;1;39;1;9070;1;1;140.0;1;37;37;9;10;118.0;0;0;1;1;1;1;45;0;0;6;6;6;13.5;0;0;6;6;0;0.0;0;16.2;0.3;-0.92;Dropout;593;D;data latih;Berjuang secara akademik
MHS3503;1;15;1;9670;1;1;160.0;1;37;12;9;9;149.5;1;0;0;0;1;0;19;0;0;6;6;6;13.0;0;0;6;8;6;13.0;0;13.9;-0.3;0.79;Graduate;603;C;data latih;Tidak dipanggil
MHS3504;1;44;1;9003;1;39;130.0;1;1;3;9;6;130.0;0;0;0;1;1;1;21;0;0;6;15;6;11.714285714285714;0;0;6;8;4;11.75;0;13.9;-0.3;0.79;Graduate;626;C;data latih;Tidak dipanggil
MHS3505;1;1;1;9670;1;1;141.0;1;1;1;5;9;126.3;0;0;0;1;1;1;18;0;0;6;8;6;12.166666666666666;0;0;6;7;5;13.0;0;13.9;-0.3;0.79;Graduate;680;B;data latih;Tidak dipanggil
MHS3506;1;17;3;9147;1;1;127.0;1;37;37;5;7;116.2;0;0;0;1;1;0;18;0;0;5;10;0;0.0;1;0;5;13;0;0.0;0;9.4;-0.8;-3.12;Dropout;554;D;data latih;Berjuang secara akademik
MHS3507;1;17;1;9254;1;1;126.0;1;37;37;5;1;126.0;0;0;0;0;1;0;29;0;0;6;12;0;0.0;0;0;6;6;0;0.0;6;9.4;-0.8;-3.12;Dropout;464;E;data latih;Terhalang biaya
MHS3508;1;1;1;9670;1;1;131.0;1;1;1;4;9;122.3;0;0;0;1;1;0;19;0;0;5;6;5;11.5;0;0;5;5;5;11.6;0;9.4;-0.8;-3.12;Graduate;594;D;data uji;Berjuang secara akademik
MHS3509;1;1;1;9147;1;1;130.0;1;19;19;9;7;119.5;1;0;0;1;1;1;18;0;0;5;7;4;11.25;0;0;5;6;4;12.25;0;12.4;0.5;1.79;Enrolled;650;C;mahasiswa aktif;Tidak dipanggil
MHS3510;1;44;1;9070;1;39;130.0;1;1;1;9;9;131.8;0;0;0;1;1;1;22;0;2;7;7;7;12.285714285714286;0;5;9;10;8;12.375;0;12.4;0.5;1.79;Graduate;694;B;data latih;Tidak dipanggil
MHS3511;1;17;6;9500;1;1;140.0;1;1;1;4;3;130.7;1;0;0;1;1;1;18;0;0;7;7;7;12.718571428571428;0;0;8;11;8;12.805555555555555;0;11.1;0.6;2.02;Dropout;718;A;data uji;Tidak dipanggil
MHS3512;1;44;1;9130;1;39;140.0;1;1;19;4;7;140.0;0;0;0;1;1;0;20;0;2;6;12;5;12.4;0;1;6;11;2;15.0;0;13.9;-0.3;0.79;Enrolled;620;C;mahasiswa aktif;Tidak dipanggil
MHS3513;1;1;1;171;1;1;140.0;1;19;19;1;1;129.5;1;0;0;1;1;0;20;0;0;0;0;0;0.0;0;0;0;0;0;0.0;0;10.8;1.4;1.74;Dropout;558;D;data uji;Menghilang dari kelas
MHS3514;4;39;1;9670;1;19;133.1;1;37;37;9;7;130.0;0;0;1;1;1;1;29;0;0;6;16;1;14.0;0;0;6;7;0;0.0;0;11.1;0.6;2.02;Dropout;556;D;data latih;Berjuang secara akademik
MHS3515;1;39;1;9670;1;1;120.0;1;11;11;90;4;114.0;1;0;0;1;1;0;29;0;0;5;10;3;11.666666666666666;0;0;5;8;4;11.25;0;7.6;2.6;0.32;Dropout;559;D;data latih;Berjuang secara akademik
MHS3516;1;43;1;9773;1;1;121.0;1;1;1;4;5;121.0;1;0;0;1;1;0;23;0;0;6;15;1;13.0;0;0;6;8;4;11.25;0;9.4;-0.8;-3.12;Enrolled;565;D;mahasiswa aktif;Berjuang secara akademik
MHS3517;1;17;1;171;1;1;123.0;1;3;12;2;9;116.4;1;0;1;1;1;0;19;0;0;0;0;0;0.0;0;0;0;0;0;0.0;0;10.8;1.4;1.74;Dropout;527;E;data latih;Menghilang dari kelas
MHS3518;1;1;1;9119;1;1;136.0;1;38;38;9;9;121.7;1;0;0;1;1;0;18;0;0;5;10;0;0.0;0;0;5;11;1;12.0;3;7.6;2.6;0.32;Dropout;572;D;data latih;Berjuang secara akademik
MHS3519;2;42;1;9254;1;1;136.0;1;2;2;134;112;130.0;1;0;0;1;1;0;22;0;2;6;13;4;11.5;0;2;6;12;2;12.5;0;7.6;2.6;0.32;Dropout;601;C;data latih;Tidak dipanggil
MHS3520;1;43;1;9991;0;1;120.0;1;37;37;9;9;120.0;1;0;1;1;1;0;34;0;6;10;10;7;11.714285714285714;0;4;10;10;6;11.5;0;10.8;1.4;1.74;Dropout;589;D;data latih;Berjuang secara akademik
MHS3521;1;43;1;9991;0;4;160.0;1;3;3;2;1;125.0;0;0;0;1;1;0;26;0;0;5;7;5;12.6;0;0;5;7;5;13.714285714285714;0;13.9;-0.3;0.79;Graduate;603;C;data latih;Tidak dipanggil
MHS3522;1;17;1;171;1;1;125.0;1;37;37;7;9;134.1;1;0;0;1;1;0;24;0;12;17;19;13;11.642857142857142;0;12;17;25;12;11.25;0;11.1;0.6;2.02;Dropout;626;C;data uji;Tidak dipanggil
MHS3523;1;1;1;9670;1;1;146.0;1;1;1;9;8;149.5;1;0;0;1;1;1;17;0;0;6;8;6;14.875;0;0;6;8;6;13.428571428571429;0;11.1;0.6;2.02;Graduate;722;A;data latih;Tidak dipanggil
MHS3524;1;43;4;9670;1;1;117.0;1;3;3;4;4;113.2;0;0;0;1;1;0;21;0;0;5;11;2;10.0;0;0;5;10;3;10.333333333333334;0;9.4;-0.8;-3.12;Enrolled;564;D;mahasiswa aktif;Berjuang secara akademik
MHS3525;2;39;1;9991;0;1;150.0;1;1;4;4;2;146.0;0;0;0;1;1;0;34;0;0;5;5;5;14.2;0;0;5;5;5;14.6;0;12.7;3.7;-1.7;Enrolled;602;C;mahasiswa aktif;Tidak dipanggil
MHS3526;1;44;1;9003;1;39;140.0;1;19;38;6;7;140.0;1;0;0;1;1;0;19;0;0;6;8;6;12.714285714285714;0;0;6;9;6;13.5;0;12.4;0.5;1.79;Graduate;675;B;data latih;Tidak dipanggil
MHS3527;2;39;1;9003;1;1;111.0;1;1;3;4;2;162.4;0;0;1;0;1;0;49;0;4;12;16;5;11.6;0;2;7;7;5;11.2;0;8.9;1.4;3.51;Dropout;453;E;data latih;Terhalang biaya
MHS3528;1;43;1;9500;1;1;120.0;1;2;4;4;5;136.6;0;0;0;1;1;0;23;0;0;7;14;5;11.94;0;0;7;14;6;12.2;0;13.9;-0.3;0.79;Dropout;644;C;data latih;Tidak dipanggil
MHS3529;1;18;3;9119;1;1;111.0;1;1;19;9;8;111.0;1;0;0;1;1;0;18;0;0;5;10;4;11.6;0;0;5;9;3;14.2;0;12.4;0.5;1.79;Dropout;606;C;data uji;Tidak dipanggil
MHS3530;1;1;1;9500;1;1;118.0;1;12;1;4;10;115.7;0;0;0;1;1;0;20;0;0;7;9;5;12.7;0;0;8;9;7;13.475;0;13.9;-0.3;0.79;Enrolled;676;B;mahasiswa aktif;Tidak dipanggil
MHS3531;1;1;3;9670;1;1;106.0;1;3;1;2;3;105.7;1;0;0;1;1;0;19;0;0;6;6;6;13.333333333333334;0;0;6;9;5;13.8;0;8.9;1.4;3.51;Graduate;657;B;data latih;Tidak dipanggil
MHS3532;1;42;1;9003;1;39;120.0;1;3;1;2;6;128.2;1;0;0;1;1;0;24;0;4;9;13;8;13.333333333333334;0;5;10;12;9;13.11111111111111;0;16.2;0.3;-0.92;Enrolled;664;B;mahasiswa aktif;Tidak dipanggil
MHS3533;1;1;1;9147;1;1;151.0;1;1;38;4;7;137.0;1;0;0;1;1;0;18;0;0;5;5;5;13.4;0;0;5;5;5;15.0;0;8.9;1.4;3.51;Graduate;641;C;data latih;Tidak dipanggil
MHS3534;2;39;1;9254;1;19;133.1;1;34;34;0;0;120.0;0;0;1;0;1;0;45;0;0;6;12;0;0.0;0;0;6;12;0;0.0;0;9.4;-0.8;-3.12;Dropout;423;E;data uji;Terhalang biaya
MHS3535;1;39;1;9991;0;1;120.0;1;34;34;0;0;120.5;1;0;0;1;1;0;30;0;0;5;5;2;11.0;0;0;5;5;0;0.0;0;7.6;2.6;0.32;Dropout;553;D;data latih;Berjuang secara akademik
MHS3536;1;51;1;9991;0;39;120.0;1;1;4;4;10;118.1;0;0;0;1;1;0;28;0;13;15;17;13;12.0;0;9;13;13;9;11.333333333333334;0;8.9;1.4;3.51;Dropout;619;C;data latih;Tidak dipanggil
MHS3537;1;39;1;9991;0;1;110.0;1;37;37;9;9;139.0;0;0;0;1;1;0;40;0;0;5;0;0;0.0;0;0;5;0;0;0.0;0;12.7;3.7;-1.7;Dropout;520;E;data latih;Menghilang dari kelas
MHS3538;1;39;2;9147;1;19;133.1;1;38;19;4;10;116.3;0;0;0;0;1;0;32;0;0;5;5;0;0.0;0;0;5;9;0;0.0;0;10.8;1.4;1.74;Dropout;447;E;data latih;Terhalang biaya
MHS3539;1;17;5;9254;1;1;118.0;1;19;37;5;5;120.5;1;0;0;1;1;0;19;0;0;6;12;4;12.5;0;0;6;12;4;10.25;0;7.6;2.6;0.32;Dropout;594;D;data latih;Berjuang secara akademik
MHS3540;1;1;1;9070;1;1;139.0;1;1;19;3;9;134.9;1;0;0;1;1;0;20;0;0;6;7;6;13.666666666666666;0;0;6;7;6;12.166666666666666;1;16.2;0.3;-0.92;Graduate;687;B;data latih;Tidak dipanggil
MHS3541;1;17;1;9119;1;1;130.0;1;1;3;4;2;123.0;0;0;0;1;1;0;18;0;0;5;10;1;10.0;0;0;5;7;0;0.0;0;9.4;-0.8;-3.12;Dropout;538;E;data latih;Berjuang secara akademik
MHS3542;1;17;1;9670;1;1;132.0;1;38;37;9;9;122.9;0;0;0;0;1;0;20;0;0;6;6;6;11.5;0;0;6;9;2;13.0;0;10.8;1.4;1.74;Dropout;556;D;data latih;Terhalang biaya
MHS3543;1;39;1;9991;0;1;100.0;1;37;38;9;4;140.0;0;0;0;1;1;0;39;0;0;5;7;4;12.25;0;0;5;7;4;12.75;0;15.5;2.8;-4.06;Enrolled;587;D;mahasiswa aktif;Berjuang secara akademik
MHS3544;1;17;1;9085;1;1;120.0;1;19;38;4;8;122.5;0;0;0;0;1;0;19;0;0;6;11;5;13.6;0;0;6;11;5;13.666666666666666;0;11.1;0.6;2.02;Enrolled;555;D;mahasiswa aktif;Terhalang biaya
MHS3545;1;39;1;9991;0;12;133.1;1;37;37;9;9;121.5;0;0;0;1;1;0;38;0;0;5;11;2;10.5;0;0;5;9;3;11.333333333333334;1;7.6;2.6;0.32;Enrolled;553;D;mahasiswa aktif;Berjuang secara akademik
MHS3546;1;17;3;9500;1;1;156.0;1;19;37;4;9;132.3;1;0;0;1;1;1;18;0;0;7;7;6;13.266666666666666;0;0;7;7;6;13.266666666666666;0;7.6;2.6;0.32;Graduate;723;A;data uji;Tidak dipanggil
MHS3547;1;17;4;9500;1;1;143.0;1;19;38;9;6;131.5;1;0;0;1;1;1;18;0;0;7;8;7;12.5125;0;0;8;8;8;14.1875;0;13.9;-0.3;0.79;Graduate;723;A;data latih;Tidak dipanggil
MHS3548;2;43;1;9130;1;9;133.1;1;34;34;0;0;128.2;0;0;0;1;1;0;28;0;0;5;9;0;0.0;0;0;5;5;0;0.0;0;7.6;2.6;0.32;Dropout;529;E;data latih;Berjuang secara akademik
MHS3549;1;39;1;9670;1;1;140.0;1;37;37;9;9;148.0;1;0;0;0;1;0;31;0;0;6;14;0;0.0;0;0;6;6;0;0.0;0;12.7;3.7;-1.7;Dropout;449;E;data latih;Terhalang biaya
MHS3550;1;1;1;9500;1;1;127.0;1;2;19;3;9;121.5;0;0;0;1;1;0;23;0;0;7;7;6;13.483333333333334;0;0;7;7;6;13.483333333333334;0;7.6;2.6;0.32;Graduate;688;B;data latih;Tidak dipanggil
MHS3551;1;1;1;9500;1;1;135.0;1;38;19;194;193;135.4;1;0;0;1;1;0;21;0;0;7;9;6;12.565;0;0;8;12;5;12.16;0;11.1;0.6;2.02;Enrolled;652;C;mahasiswa aktif;Tidak dipanggil
MHS3552;1;39;1;9238;1;19;133.1;1;37;37;9;9;139.0;0;0;1;0;1;0;33;0;0;6;8;0;0.0;0;0;5;6;0;0.0;0;16.2;0.3;-0.92;Dropout;432;E;data latih;Terhalang biaya
MHS3553;1;43;1;9147;1;1;120.0;1;37;37;5;3;113.4;0;0;0;1;1;0;22;0;0;5;9;3;13.0;0;0;5;9;3;11.666666666666666;0;12.7;3.7;-1.7;Dropout;578;D;data latih;Berjuang secara akademik
MHS3554;1;44;1;9119;1;39;150.0;1;19;37;9;9;150.0;1;0;1;1;1;0;20;0;0;5;6;5;16.5;0;0;5;7;5;17.714285714285715;0;12.4;0.5;1.79;Dropout;589;D;data latih;Berjuang secara akademik
MHS3555;1;17;1;9670;1;1;123.0;1;37;38;3;3;122.0;0;0;1;1;1;0;19;0;0;6;7;6;13.166666666666666;0;0;6;9;5;13.2;0;8.9;1.4;3.51;Enrolled;619;C;mahasiswa aktif;Tidak dipanggil
MHS3556;1;44;1;9085;1;39;150.0;1;38;38;4;1;150.0;1;0;0;1;1;0;20;0;1;6;11;6;13.8;0;1;6;7;6;13.142857142857142;0;16.2;0.3;-0.92;Graduate;684;B;data uji;Tidak dipanggil
MHS3557;1;39;1;9254;1;12;133.1;1;37;37;5;7;119.3;1;0;0;1;1;0;25;0;0;6;7;6;11.166666666666666;0;0;6;11;4;11.8;0;9.4;-0.8;-3.12;Enrolled;577;D;mahasiswa aktif;Berjuang secara akademik
MHS3558;1;39;1;9003;1;1;130.0;1;1;1;9;4;140.0;0;0;0;0;1;0;25;0;0;6;0;0;0.0;0;0;6;0;0;0.0;0;13.9;-0.3;0.79;Dropout;448;E;data latih;Menghilang dari kelas
MHS3559;1;1;4;9070;1;1;140.0;1;4;19;2;10;125.0;1;0;0;1;1;0;19;0;0;6;7;6;12.666666666666666;0;0;6;8;6;12.142857142857142;0;9.4;-0.8;-3.12;Enrolled;686;B;mahasiswa aktif;Tidak dipanggil
MHS3560;1;1;1;9670;1;1;141.0;1;2;1;2;4;140.7;1;0;0;1;1;0;20;0;0;5;5;5;12.6;0;0;5;6;4;14.5;1;7.6;2.6;0.32;Graduate;636;C;data uji;Tidak dipanggil
MHS3561;2;39;1;9500;1;19;133.1;1;19;19;4;4;100.0;0;0;0;1;1;0;33;0;0;7;7;5;13.06;0;0;7;9;0;0.0;0;16.2;0.3;-0.92;Enrolled;579;D;mahasiswa aktif;Berjuang secara akademik
MHS3562;1;17;5;9773;1;1;146.0;1;1;37;5;5;146.7;1;0;0;1;1;0;19;0;0;6;7;6;13.833333333333334;0;0;6;8;6;13.625;0;7.6;2.6;0.32;Graduate;687;B;data latih;Tidak dipanggil
MHS3563;1;39;1;9130;1;19;133.1;1;34;34;99;99;96.0;0;0;0;1;1;0;31;0;0;5;5;0;0.0;0;0;5;5;0;0.0;0;7.6;2.6;0.32;Dropout;518;E;data uji;Menghilang dari kelas
MHS3564;1;44;1;9119;1;39;160.0;1;3;38;2;3;160.0;0;0;1;0;1;0;24;0;2;6;6;2;16.0;0;2;7;7;2;16.0;0;8.9;1.4;3.51;Dropout;503;E;data latih;Terhalang biaya
MHS3565;1;44;1;9119;1;39;130.0;1;19;3;3;4;130.0;0;0;1;0;1;0;23;0;0;5;5;0;0.0;0;0;5;5;0;0.0;0;15.5;2.8;-4.06;Dropout;421;E;data uji;Terhalang biaya
MHS3566;2;39;1;9991;0;1;160.0;1;1;3;1;2;130.0;0;0;0;0;1;1;26;0;0;5;12;3;10.666666666666666;0;0;5;11;3;10.666666666666666;0;9.4;-0.8;-3.12;Dropout;507;E;data uji;Berjuang secara akademik
MHS3567;2;43;1;9070;1;2;140.0;1;37;37;6;6;140.0;1;0;0;1;1;0;38;0;14;18;18;18;14.5;0;13;18;18;18;14.5;0;16.2;0.3;-0.92;Graduate;673;B;data latih;Tidak dipanggil
MHS3568;1;1;6;9119;1;1;126.0;1;19;19;7;3;116.6;1;0;0;1;1;1;20;0;0;5;6;5;14.0;0;0;5;7;5;13.8;0;8.9;1.4;3.51;Graduate;652;C;data latih;Tidak dipanggil
MHS3569;1;17;5;9119;1;1;118.0;1;1;19;9;9;120.5;1;0;0;1;1;0;20;0;0;5;10;3;13.333333333333334;0;0;5;11;5;13.571428571428571;0;12.4;0.5;1.79;Graduate;609;C;data uji;Tidak dipanggil
MHS3570;1;39;1;9085;1;19;133.1;1;3;1;2;5;103.0;0;0;0;1;1;0;25;0;0;6;0;0;0.0;0;0;6;0;0;0.0;0;10.8;1.4;1.74;Dropout;531;E;data latih;Menghilang dari kelas
MHS3571;1;17;2;9070;1;1;121.0;1;1;19;144;144;111.9;1;0;0;1;1;0;19;0;0;6;9;5;12.0;0;0;6;10;4;11.2;0;8.9;1.4;3.51;Graduate;592;D;data latih;Berjuang secara akademik
MHS3572;1;17;1;9119;1;1;148.0;1;1;38;4;5;148.7;0;0;0;1;1;0;18;0;0;5;6;5;16.2;0;0;5;8;5;16.0;0;8.9;1.4;3.51;Graduate;620;C;data latih;Tidak dipanggil
MHS3573;1;43;1;9991;0;12;133.1;1;12;12;9;9;120.0;0;0;0;1;1;0;28;0;7;13;13;7;10.285714285714286;0;5;11;13;5;10.6;0;10.8;1.4;1.74;Dropout;565;D;data latih;Berjuang secara akademik
MHS3574;1;1;2;9119;1;1;140.0;1;19;19;9;9;125.7;1;0;0;1;1;0;18;0;0;5;5;0;0.0;0;0;5;5;0;0.0;0;9.4;-0.8;-3.12;Enrolled;545;E;mahasiswa aktif;Menghilang dari kelas
MHS3575;1;1;1;9254;1;1;132.0;1;1;38;9;9;120.1;1;0;0;1;1;1;20;0;0;6;7;6;13.571428571428571;0;0;6;8;6;13.166666666666666;0;8.9;1.4;3.51;Graduate;716;A;data uji;Tidak dipanggil
MHS3576;1;1;1;9130;1;1;140.0;1;4;3;3;3;127.8;0;0;0;1;1;0;18;0;0;6;7;6;14.285714285714286;0;0;6;9;6;14.857142857142858;0;11.1;0.6;2.02;Graduate;690;B;data latih;Tidak dipanggil
MHS3577;1;17;3;9147;1;1;112.0;1;1;1;3;3;106.4;1;0;0;1;1;0;19;0;0;5;7;5;10.2;0;0;5;6;4;10.5;0;12.4;0.5;1.79;Graduate;570;D;data latih;Berjuang secara akademik
MHS3578;1;42;1;9500;1;1;100.0;1;19;19;9;9;100.0;0;0;1;1;1;0;24;0;0;8;16;2;10.25;1;0;8;16;2;10.25;1;12.7;3.7;-1.7;Dropout;543;E;data latih;Berjuang secara akademik
MHS3579;1;17;4;9085;1;1;126.0;1;1;3;5;5;123.9;1;0;0;1;1;0;21;0;0;6;0;0;0.0;0;0;6;0;0;0.0;0;10.8;1.4;1.74;Dropout;555;D;data uji;Menghilang dari kelas
MHS3580;1;1;1;9670;1;1;150.0;1;3;37;4;7;139.5;0;0;0;1;1;1;20;0;0;6;7;6;14.833333333333334;0;0;6;6;6;14.833333333333334;0;12.7;3.7;-1.7;Graduate;723;A;data latih;Tidak dipanggil
MHS3581;1;44;1;9003;1;39;150.0;1;19;1;9;8;150.0;1;0;0;1;1;0;21;0;0;6;12;5;13.625;0;0;6;6;5;12.6;0;13.9;-0.3;0.79;Graduate;618;C;data latih;Tidak dipanggil
MHS3582;2;1;1;9556;1;1;144.0;1;19;19;193;144;139.8;0;0;1;1;1;0;24;0;0;7;7;7;12.271428571428572;0;0;8;10;7;13.657142857142857;0;10.8;1.4;1.74;Graduate;644;C;data latih;Tidak dipanggil
MHS3583;1;39;1;9991;0;1;133.1;1;38;37;9;9;154.4;0;0;0;1;1;0;27;0;0;5;0;0;0.0;0;0;5;0;0;0.0;0;10.8;1.4;1.74;Dropout;522;E;data latih;Menghilang dari kelas
MHS3584;1;17;6;9147;1;1;120.0;1;37;38;9;9;115.5;1;0;1;0;1;0;19;0;0;5;8;4;12.5;0;0;5;9;5;10.5;0;8.9;1.4;3.51;Enrolled;489;E;mahasiswa aktif;Terhalang biaya
MHS3585;1;39;1;8014;0;1;133.1;1;3;19;4;7;119.0;0;0;0;1;1;0;39;0;3;9;10;9;13.22222222222222;0;2;7;8;7;13.142857142857142;0;8.9;1.4;3.51;Graduate;655;C;data latih;Tidak dipanggil
MHS3586;1;39;1;33;1;1;133.1;1;19;37;9;9;96.1;0;0;0;1;1;0;25;0;0;7;13;2;15.0;0;0;7;12;2;11.5;0;12.4;0.5;1.79;Dropout;570;D;data latih;Berjuang secara akademik
MHS3587;1;7;1;171;1;3;130.0;1;1;2;9;2;130.0;0;0;0;0;1;0;18;0;0;0;0;0;0.0;0;0;0;0;0;0.0;0;9.4;-0.8;-3.12;Dropout;462;E;data latih;Menghilang dari kelas
MHS3588;1;43;1;9070;1;1;133.0;1;1;2;9;2;128.8;0;0;0;1;1;0;19;0;6;12;12;12;13.166666666666666;0;6;12;12;12;13.0;0;10.8;1.4;1.74;Graduate;679;B;data uji;Tidak dipanggil
MHS3589;1;18;1;9773;1;1;124.0;1;38;37;9;8;126.8;0;0;0;1;1;1;21;0;0;6;8;5;13.833333333333334;0;0;6;6;4;14.0;0;13.9;-0.3;0.79;Graduate;664;B;data latih;Tidak dipanggil
MHS3590;1;7;1;9991;0;40;130.0;1;1;3;4;2;130.0;0;0;0;1;1;0;27;0;0;5;0;0;0.0;0;0;5;0;0;0.0;0;8.9;1.4;3.51;Dropout;521;E;data latih;Menghilang dari kelas
MHS3591;1;1;3;9147;1;1;124.0;1;1;1;5;3;116.7;1;0;0;1;1;0;19;0;0;5;6;0;0.0;0;0;5;6;0;0.0;0;7.6;2.6;0.32;Enrolled;559;D;mahasiswa aktif;Menghilang dari kelas
MHS3592;1;17;3;9500;1;1;132.0;1;3;1;2;7;125.5;1;0;0;1;1;0;18;0;0;8;8;7;13.154285714285717;0;0;8;8;7;13.154285714285717;0;10.8;1.4;1.74;Enrolled;692;B;mahasiswa aktif;Tidak dipanggil
MHS3593;1;7;1;9670;1;3;110.0;1;27;37;3;3;110.0;1;0;0;1;1;0;27;0;7;12;12;9;12.333333333333334;0;6;11;11;6;13.166666666666666;0;9.4;-0.8;-3.12;Dropout;652;C;data latih;Tidak dipanggil
MHS3594;1;1;3;9773;1;1;127.0;1;19;38;8;3;133.7;1;0;1;1;1;0;18;0;0;6;6;6;13.0;0;0;6;7;5;11.8;0;12.7;3.7;-1.7;Dropout;599;C;data latih;Tidak dipanggil
MHS3595;1;1;1;9130;1;1;130.0;1;2;3;9;1;117.6;0;0;0;1;1;0;19;0;0;5;14;2;11.5;2;0;5;8;5;11.4;3;9.4;-0.8;-3.12;Enrolled;586;D;mahasiswa aktif;Berjuang secara akademik
MHS3596;1;44;1;9003;1;39;140.0;1;19;38;9;10;140.0;0;0;0;1;1;0;19;0;0;6;15;3;13.25;0;0;6;9;1;12.0;0;13.9;-0.3;0.79;Dropout;620;C;data latih;Tidak dipanggil
MHS3597;1;44;1;9003;1;39;150.0;1;19;1;1;1;150.0;0;0;0;1;1;0;22;0;0;6;12;3;13.333333333333334;0;0;6;12;3;12.75;0;15.5;2.8;-4.06;Enrolled;609;C;mahasiswa aktif;Tidak dipanggil
MHS3598;1;16;2;9238;1;1;133.0;1;19;38;4;5;133.7;1;0;0;1;0;0;18;0;0;6;6;6;13.5;0;0;6;6;6;12.166666666666666;0;10.8;1.4;1.74;Graduate;686;B;data latih;Tidak dipanggil
MHS3599;1;16;4;9773;1;1;109.0;1;37;37;9;3;137.0;1;0;0;1;0;1;18;0;0;6;7;6;12.666666666666666;0;0;6;8;5;12.8;0;10.8;1.4;1.74;Graduate;669;B;data latih;Tidak dipanggil
MHS3600;1;43;1;9147;1;1;133.1;1;4;19;2;1;128.2;0;0;0;1;0;0;23;0;7;11;18;11;15.090909090909092;1;2;6;7;6;14.5;0;9.4;-0.8;-3.12;Dropout;670;B;data uji;Tidak dipanggil
MHS3601;1;18;4;171;1;1;133.0;1;1;4;9;5;129.2;1;0;1;0;1;0;20;0;0;0;0;0;0.0;0;0;0;0;0;0.0;0;9.4;-0.8;-3.12;Dropout;446;E;data latih;Menghilang dari kelas
MHS3602;1;17;3;9773;1;1;134.0;1;2;1;3;3;129.5;1;0;0;1;1;0;18;0;0;6;7;6;13.166666666666666;0;0;6;7;6;12.666666666666666;0;16.2;0.3;-0.92;Graduate;682;B;data latih;Tidak dipanggil
MHS3603;1;1;4;9773;1;1;125.0;1;19;19;9;7;129.6;1;0;0;1;1;0;18;0;0;6;6;6;12.833333333333334;0;0;6;8;6;12.833333333333334;0;12.4;0.5;1.79;Graduate;694;B;data latih;Tidak dipanggil
MHS3604;1;17;3;9119;1;1;135.0;1;1;19;141;193;121.7;1;0;0;1;1;0;18;0;0;5;7;5;11.8;0;0;5;9;3;12.0;0;8.9;1.4;3.51;Enrolled;598;D;mahasiswa aktif;Berjuang secara akademik
MHS3605;1;17;2;9773;1;1;132.0;1;19;1;9;9;141.8;1;0;0;1;1;0;20;0;0;6;6;6;11.833333333333334;0;0;6;6;6;12.166666666666666;0;12.7;3.7;-1.7;Graduate;668;B;data uji;Tidak dipanggil
MHS3606;1;1;3;9773;1;1;135.0;1;3;1;2;4;129.8;1;0;0;1;1;0;20;0;0;6;6;5;12.8;0;0;6;11;3;12.75;0;15.5;2.8;-4.06;Graduate;629;C;data latih;Tidak dipanggil
MHS3607;1;44;1;9070;1;39;100.0;1;1;1;4;4;106.0;0;0;0;1;1;0;21;0;2;7;7;5;11.8;0;5;9;9;5;11.0;0;12.4;0.5;1.79;Dropout;589;D;data latih;Berjuang secara akademik
MHS3608;1;43;1;171;1;1;144.0;1;19;19;9;4;121.6;0;0;0;1;1;0;22;0;0;0;0;0;0.0;0;0;0;0;0;0.0;0;13.9;-0.3;0.79;Enrolled;536;E;mahasiswa aktif;Menghilang dari kelas
MHS3609;1;17;1;9119;1;1;125.0;1;19;1;5;4;121.5;1;0;0;1;1;0;20;0;0;5;7;5;15.8;0;0;5;7;5;14.571428571428571;0;11.1;0.6;2.02;Dropout;616;C;data latih;Tidak dipanggil
MHS3610;1;1;1;171;1;1;133.1;1;1;37;9;9;117.0;0;0;1;1;1;0;19;0;0;0;0;0;0.0;0;0;0;0;0;0.0;0;15.5;2.8;-4.06;Enrolled;534;E;mahasiswa aktif;Menghilang dari kelas
MHS3611;1;44;1;9119;1;39;130.0;1;38;19;9;5;130.0;1;0;0;1;1;0;19;0;0;5;9;2;12.5;0;0;5;10;3;11.6;0;12.4;0.5;1.79;Enrolled;575;D;mahasiswa aktif;Berjuang secara akademik
MHS3612;1;17;1;9670;1;1;117.0;1;1;1;4;4;117.7;1;0;0;1;1;0;20;0;0;6;9;6;14.666666666666666;0;0;6;7;6;13.857142857142858;0;8.9;1.4;3.51;Graduate;687;B;data latih;Tidak dipanggil
MHS3613;1;44;1;9085;1;39;140.0;1;19;37;5;7;140.0;1;0;0;1;1;0;19;0;2;6;10;4;12.5;0;1;6;16;2;12.0;0;12.4;0.5;1.79;Dropout;623;C;data uji;Tidak dipanggil
MHS3614;1;1;1;9119;1;1;132.0;1;1;12;3;3;133.1;1;0;0;1;1;0;19;0;0;5;7;3;12.0;0;0;6;10;2;10.5;0;11.1;0.6;2.02;Dropout;576;D;data latih;Berjuang secara akademik
MHS3615;1;15;1;9119;1;1;133.1;41;2;2;2;2;100.0;0;0;1;1;1;0;24;1;2;8;8;7;13.142857142857142;0;1;6;8;6;11.833333333333334;0;8.9;1.4;3.51;Enrolled;620;C;mahasiswa aktif;Tidak dipanggil
MHS3616;1;17;1;9670;1;1;132.0;1;19;1;5;4;119.1;0;0;1;1;1;0;18;0;0;6;6;3;12.666666666666666;0;0;6;11;4;11.142857142857142;0;10.8;1.4;1.74;Dropout;570;D;data latih;Berjuang secara akademik
MHS3617;1;1;1;9119;1;1;148.0;1;19;19;9;8;129.8;0;0;0;0;1;1;18;0;0;5;6;5;15.0;0;0;5;6;5;14.2;0;8.9;1.4;3.51;Enrolled;579;D;mahasiswa aktif;Berjuang secara akademik
MHS3618;1;1;1;9238;1;1;133.0;1;19;38;9;7;131.3;1;0;1;1;0;0;18;0;0;6;7;5;13.6;0;0;6;7;5;11.8;0;8.9;1.4;3.51;Dropout;589;D;data latih;Berjuang secara akademik
MHS3619;1;17;5;9773;1;1;143.0;1;1;1;7;7;136.7;1;0;0;1;0;0;18;0;0;6;6;6;12.5;0;0;6;6;6;13.833333333333334;0;8.9;1.4;3.51;Graduate;689;B;data latih;Tidak dipanggil
MHS3620;1;17;1;9238;1;1;143.0;1;19;37;9;9;126.2;1;0;0;1;0;1;21;0;0;6;7;6;13.333333333333334;0;0;6;7;6;13.5;0;12.4;0.5;1.79;Graduate;718;A;data latih;Tidak dipanggil
MHS3621;1;15;1;9085;1;1;133.1;41;37;37;9;9;109.6;0;0;0;1;0;0;18;1;0;6;13;4;12.25;0;0;6;15;5;11.0;0;11.1;0.6;2.02;Dropout;597;D;data latih;Berjuang secara akademik
MHS3622;1;1;1;9500;1;1;141.0;1;1;19;3;3;131.9;1;0;0;1;0;1;18;0;0;7;7;7;15.101428571428572;0;0;8;8;8;16.09375;0;11.1;0.6;2.02;Graduate;735;A;data latih;Tidak dipanggil
MHS3623;1;1;2;9238;1;1;140.0;1;19;37;9;9;140.7;1;0;0;1;0;1;18;0;0;6;6;6;13.166666666666666;0;0;6;6;6;16.0;0;10.8;1.4;1.74;Graduate;734;A;data latih;Tidak dipanggil
MHS3624;1;18;6;8014;0;1;134.0;1;3;19;2;4;120.7;1;0;0;1;0;0;23;0;0;6;8;4;11.0;0;0;6;6;0;0.0;0;13.9;-0.3;0.79;Dropout;577;D;data latih;Berjuang secara akademik
MHS3625;1;1;2;9147;1;1;118.0;1;3;19;2;4;113.8;1;0;0;1;0;0;21;0;0;5;9;3;11.666666666666666;0;0;5;9;4;11.75;0;8.9;1.4;3.51;Graduate;590;D;data latih;Berjuang secara akademik
MHS3626;1;1;1;9238;1;1;135.0;1;19;38;7;5;121.0;0;0;0;1;0;0;20;0;0;6;13;1;10.0;0;0;6;13;1;13.0;0;9.4;-0.8;-3.12;Enrolled;600;C;mahasiswa aktif;Tidak dipanggil
MHS3627;1;17;1;8014;0;1;119.0;1;34;34;0;0;112.4;1;0;0;1;0;0;26;0;4;7;15;7;11.571428571428571;0;2;6;14;2;11.0;0;7.6;2.6;0.32;Dropout;595;D;data latih;Berjuang secara akademik
MHS3628;1;1;6;9773;1;1;145.0;1;1;19;4;4;131.0;1;0;0;1;0;1;18;0;0;6;6;6;12.166666666666666;0;0;6;10;5;11.2;0;7.6;2.6;0.32;Enrolled;651;C;mahasiswa aktif;Tidak dipanggil
MHS3629;1;1;1;171;1;1;143.0;1;3;37;9;9;142.7;1;0;0;1;0;0;18;0;0;0;0;0;0.0;0;0;0;0;0;0.0;0;16.2;0.3;-0.92;Dropout;562;D;data latih;Menghilang dari kelas
MHS3630;1;1;1;9670;1;1;123.0;1;19;19;9;8;125.5;0;0;0;0;0;1;19;0;0;6;6;6;13.833333333333334;0;0;6;7;6;14.285714285714286;0;8.9;1.4;3.51;Graduate;648;C;data latih;Tidak dipanggil
MHS3631;1;1;3;9500;1;1;108.0;1;19;1;9;3;107.8;1;0;0;1;0;1;20;0;0;7;10;6;12.357142857142858;0;0;8;9;7;13.0;0;13.9;-0.3;0.79;Graduate;721;A;data latih;Tidak dipanggil
MHS3632;1;1;3;9773;1;1;117.0;1;38;19;7;7;110.4;1;0;1;0;0;0;19;0;0;6;7;6;12.166666666666666;0;0;6;10;2;10.333333333333334;0;16.2;0.3;-0.92;Dropout;517;E;data latih;Terhalang biaya
MHS3633;1;44;1;9238;1;39;140.0;1;37;19;191;102;136.1;1;0;1;1;0;0;21;0;3;6;8;3;12.0;0;2;6;6;2;12.5;0;12.4;0.5;1.79;Enrolled;594;D;mahasiswa aktif;Berjuang secara akademik
MHS3634;1;39;1;9254;1;1;170.0;1;37;37;4;6;138.3;0;0;0;1;0;0;33;0;5;10;14;9;12.416666666666666;0;5;9;14;7;13.0;0;10.8;1.4;1.74;Graduate;649;C;data latih;Tidak dipanggil
MHS3635;1;1;2;9085;1;1;157.0;1;3;38;4;6;142.3;0;0;0;1;0;0;18;0;0;5;7;4;12.75;0;0;5;6;4;12.75;0;7.6;2.6;0.32;Graduate;633;C;data latih;Tidak dipanggil
MHS3636;1;42;1;9500;1;6;141.0;1;37;1;9;4;145.0;0;0;0;1;0;0;21;0;12;21;33;18;14.933333333333334;12;12;21;33;18;14.933333333333334;12;7.6;2.6;0.32;Graduate;693;B;data latih;Tidak dipanggil
MHS3637;1;1;1;9773;1;1;125.0;1;3;19;2;3;125.7;1;0;0;1;0;0;19;0;0;6;6;6;13.0;0;0;6;7;6;11.666666666666666;0;8.9;1.4;3.51;Graduate;660;B;data latih;Tidak dipanggil
MHS3638;4;39;1;9853;1;19;133.1;1;38;19;9;9;108.0;0;0;1;0;0;0;33;0;0;7;7;7;12.857142857142858;0;0;7;8;6;12.666666666666666;0;8.9;1.4;3.51;Enrolled;540;E;mahasiswa aktif;Terhalang biaya
MHS3639;2;1;4;9500;1;1;143.0;1;38;38;5;5;128.7;1;0;0;1;0;0;18;0;0;7;10;7;14.455000000000002;0;0;8;8;8;13.91;0;15.5;2.8;-4.06;Graduate;706;A;data latih;Tidak dipanggil
MHS3640;1;1;1;9670;1;1;142.0;1;1;19;4;4;128.0;0;0;0;1;0;1;18;0;0;6;8;6;14.0;0;0;6;7;6;13.285714285714286;0;11.1;0.6;2.02;Graduate;722;A;data latih;Tidak dipanggil
MHS3641;1;1;3;9773;1;1;150.0;1;19;38;4;4;146.5;1;0;0;1;0;1;20;0;0;6;6;6;13.5;0;0;6;7;6;12.666666666666666;0;11.1;0.6;2.02;Graduate;714;A;data latih;Tidak dipanggil
MHS3642;1;1;2;9254;1;1;112.0;1;37;37;6;6;106.1;1;0;0;0;0;0;20;0;0;6;0;0;0.0;0;0;6;0;0;0.0;0;11.1;0.6;2.02;Dropout;482;E;data latih;Menghilang dari kelas
MHS3643;1;17;2;8014;0;1;133.1;1;19;1;1;1;118.0;0;0;0;1;0;1;20;0;0;6;6;6;11.666666666666666;0;0;6;12;5;14.0;0;10.8;1.4;1.74;Graduate;670;B;data latih;Tidak dipanggil
MHS3644;1;17;1;9085;1;1;125.0;1;1;37;4;9;117.0;1;0;0;1;0;1;19;0;0;5;6;4;12.0;0;0;5;8;5;13.333333333333334;1;10.8;1.4;1.74;Graduate;651;C;data latih;Tidak dipanggil
MHS3645;1;1;3;9238;1;1;121.0;1;38;37;8;8;115.4;1;0;0;1;0;1;19;0;0;6;7;6;11.714285714285714;0;0;6;6;6;11.833333333333334;0;13.9;-0.3;0.79;Graduate;712;A;data uji;Tidak dipanggil
MHS3646;1;17;3;9238;1;1;133.1;1;41;1;2;3;117.0;1;0;0;1;0;0;21;0;0;6;8;6;12.666666666666666;0;0;6;7;6;12.428571428571429;0;11.1;0.6;2.02;Graduate;681;B;data latih;Tidak dipanggil
MHS3647;1;39;1;9085;1;1;133.1;1;3;3;4;2;144.9;1;0;0;1;0;0;26;0;0;6;11;3;11.75;0;0;6;19;4;12.8;0;12.4;0.5;1.79;Enrolled;591;D;mahasiswa aktif;Berjuang secara akademik
MHS3648;1;17;1;9238;1;1;135.0;1;37;37;8;6;127.0;0;0;0;1;0;0;21;0;0;6;0;0;0.0;0;0;6;0;0;0.0;0;16.2;0.3;-0.92;Dropout;561;D;data latih;Menghilang dari kelas
MHS3649;1;1;4;9500;1;1;132.0;1;19;38;5;5;118.0;1;0;0;1;0;0;18;0;0;8;8;7;12.328571428571427;0;0;8;8;7;12.328571428571427;0;12.7;3.7;-1.7;Graduate;691;B;data latih;Tidak dipanggil
MHS3650;5;39;1;9853;1;19;133.1;1;37;37;9;8;118.0;0;0;0;1;0;0;27;0;0;7;14;6;11.666666666666666;0;0;7;10;1;10.0;0;12.4;0.5;1.79;Dropout;571;D;data latih;Berjuang secara akademik
MHS3651;1;43;1;9070;1;1;135.0;1;1;38;3;9;126.4;1;0;0;1;0;1;20;0;5;12;12;12;13.25;0;5;12;12;11;12.727272727272728;0;15.5;2.8;-4.06;Graduate;701;A;data latih;Tidak dipanggil
MHS3652;1;43;1;9670;1;39;110.0;1;19;3;7;10;110.0;0;0;0;1;0;0;21;0;0;6;8;5;11.833333333333334;0;0;6;8;4;13.25;2;16.2;0.3;-0.92;Enrolled;611;C;mahasiswa aktif;Tidak dipanggil
MHS3653;1;17;1;9556;1;1;133.0;1;38;37;9;9;124.4;1;0;0;1;0;1;18;0;0;7;7;7;13.3;0;0;8;8;8;15.125;0;15.5;2.8;-4.06;Graduate;713;A;data uji;Tidak dipanggil
MHS3654;1;44;1;9085;1;39;140.0;1;1;19;9;9;140.0;1;0;0;1;0;0;20;0;1;6;13;6;12.555555555555555;0;1;6;11;5;11.8;0;16.2;0.3;-0.92;Enrolled;610;C;mahasiswa aktif;Tidak dipanggil
MHS3655;1;1;1;9773;1;1;135.0;1;1;19;4;10;129.4;1;0;0;1;0;0;18;0;0;6;6;6;12.833333333333334;0;0;6;7;6;12.166666666666666;0;11.1;0.6;2.02;Graduate;689;B;data latih;Tidak dipanggil
MHS3656;1;44;1;9238;1;39;140.0;1;1;1;3;5;141.7;0;0;0;1;0;1;20;0;3;6;6;6;12.833333333333334;0;2;6;6;6;12.833333333333334;0;13.9;-0.3;0.79;Graduate;717;A;data uji;Tidak dipanggil
MHS3657;1;1;2;9085;1;1;144.0;1;1;19;4;10;132.1;1;0;0;1;0;1;19;0;0;5;10;3;12.666666666666666;1;0;5;7;3;13.0;0;12.7;3.7;-1.7;Graduate;665;B;data latih;Tidak dipanggil
MHS3658;1;1;5;9500;1;1;122.0;1;37;3;9;2;116.8;1;0;0;1;0;0;20;0;0;7;8;6;13.271428571428572;0;0;8;8;7;14.471428571428572;0;13.9;-0.3;0.79;Graduate;700;A;data latih;Tidak dipanggil
MHS3659;1;1;1;9991;0;1;143.0;1;19;37;5;8;135.0;0;0;0;1;0;1;20;0;0;5;5;5;12.4;0;0;5;6;5;12.833333333333334;0;10.8;1.4;1.74;Graduate;654;C;data latih;Tidak dipanggil
MHS3660;1;44;1;9085;1;39;150.0;1;38;1;5;5;150.0;0;0;0;1;0;0;20;0;0;5;10;2;14.5;1;0;5;7;4;11.25;0;12.7;3.7;-1.7;Enrolled;599;C;mahasiswa aktif;Tidak dipanggil
MHS3661;1;1;3;9238;1;1;124.0;1;19;1;7;10;116.0;1;0;1;1;0;0;19;0;0;6;7;0;0.0;0;0;5;5;0;0.0;0;13.9;-0.3;0.79;Dropout;544;E;data latih;Menghilang dari kelas
MHS3662;1;1;1;9773;1;1;156.0;1;3;3;123;122;155.0;0;0;0;1;0;0;18;0;0;6;7;6;14.285714285714286;0;0;6;8;6;13.25;0;8.9;1.4;3.51;Graduate;696;A;data latih;Tidak dipanggil
MHS3663;1;1;1;9085;1;1;142.0;1;38;38;9;10;127.0;1;0;0;1;0;0;18;0;0;5;7;3;12.333333333333334;0;0;5;9;5;12.6;0;10.8;1.4;1.74;Graduate;633;C;data uji;Tidak dipanggil
MHS3664;1;17;1;9500;1;1;142.0;1;38;37;9;8;130.8;1;0;0;1;0;1;19;0;0;7;10;6;12.583333333333334;0;0;8;8;7;12.671428571428573;0;13.9;-0.3;0.79;Graduate;711;A;data latih;Tidak dipanggil
MHS3665;1;1;6;9500;1;1;126.0;1;12;37;5;9;121.8;1;0;0;1;0;0;19;0;0;7;8;6;13.731666666666667;0;0;8;10;7;13.771428571428572;0;12.4;0.5;1.79;Dropout;699;A;data latih;Tidak dipanggil
MHS3666;1;39;1;9003;1;19;133.1;1;37;37;9;4;140.0;0;0;0;1;1;0;43;0;0;6;8;6;12.875;0;0;6;14;5;12.142857142857142;0;16.2;0.3;-0.92;Enrolled;609;C;mahasiswa aktif;Tidak dipanggil
MHS3667;2;42;1;9070;1;1;170.0;1;37;25;0;4;148.5;0;0;0;1;1;0;47;0;8;10;14;8;14.625;0;5;7;7;5;13.4;0;9.4;-0.8;-3.12;Dropout;637;C;data latih;Tidak dipanggil
MHS3668;1;42;1;9147;1;1;130.0;1;34;34;99;99;109.8;1;0;0;0;1;0;23;0;0;3;3;0;0.0;0;0;2;2;0;0.0;0;7.6;2.6;0.32;Dropout;462;E;data latih;Terhalang biaya
MHS3669;1;1;1;9238;1;1;133.0;41;19;19;9;9;119.7;1;0;1;1;0;1;19;1;0;6;8;6;12.666666666666666;0;0;6;7;6;12.666666666666666;0;8.9;1.4;3.51;Graduate;693;B;data latih;Tidak dipanggil
MHS3670;1;42;1;9500;1;1;122.0;1;3;3;2;2;122.0;1;0;0;1;0;0;20;0;0;8;11;6;12.491666666666667;0;0;8;11;6;12.491666666666667;0;12.7;3.7;-1.7;Graduate;680;B;data uji;Tidak dipanggil
MHS3671;1;1;1;171;1;1;138.0;1;1;3;4;4;147.5;1;0;0;1;0;1;19;0;6;12;12;12;13.666666666666666;0;4;11;12;11;14.166666666666666;0;8.9;1.4;3.51;Graduate;720;A;data latih;Tidak dipanggil
MHS3672;1;17;1;9085;1;1;163.0;14;37;37;9;9;150.8;1;0;0;1;0;0;19;1;0;6;13;6;16.0;0;0;6;8;6;14.5;0;15.5;2.8;-4.06;Graduate;692;B;data latih;Tidak dipanggil
MHS3673;1;44;1;9085;1;39;150.0;1;19;37;4;7;150.0;1;0;0;1;0;0;19;0;2;6;8;6;14.142857142857142;0;1;6;7;6;13.0;0;13.9;-0.3;0.79;Graduate;686;B;data latih;Tidak dipanggil
MHS3674;1;39;1;8014;0;19;133.1;1;19;19;144;141;131.5;0;0;1;1;0;1;39;0;0;6;9;6;11.833333333333334;0;0;6;9;4;13.75;0;11.1;0.6;2.02;Graduate;613;C;data latih;Tidak dipanggil
MHS3675;1;1;1;9070;1;1;144.0;1;1;1;3;5;127.2;1;0;0;1;0;1;20;0;0;6;6;6;12.666666666666666;0;0;6;8;6;13.0;0;10.8;1.4;1.74;Graduate;718;A;data uji;Tidak dipanggil
MHS3676;1;17;1;9070;1;1;118.0;1;38;19;9;3;111.0;1;0;0;1;0;0;21;0;0;6;6;6;12.5;0;0;6;6;6;12.666666666666666;0;7.6;2.6;0.32;Graduate;677;B;data latih;Tidak dipanggil
MHS3677;1;43;5;9238;1;1;101.0;24;37;19;9;7;119.9;1;0;1;0;0;0;22;1;5;11;16;9;10.88888888888889;0;2;10;20;4;11.25;1;9.4;-0.8;-3.12;Graduate;492;E;data uji;Terhalang biaya
MHS3678;1;1;2;9773;1;1;133.0;1;19;38;5;0;133.7;1;0;0;1;0;0;19;0;0;6;11;1;13.0;0;0;5;10;0;0.0;0;7.6;2.6;0.32;Dropout;589;D;data latih;Berjuang secara akademik
MHS3679;1;17;1;9670;1;1;133.1;1;1;19;141;114;140.0;1;0;0;1;0;0;22;0;0;6;6;6;15.166666666666666;0;0;6;6;6;16.0;0;13.9;-0.3;0.79;Graduate;678;B;data latih;Tidak dipanggil
MHS3680;1;5;2;9853;1;1;124.0;1;19;19;3;3;113.9;1;0;0;1;0;1;19;0;0;6;8;6;12.666666666666666;0;0;6;7;6;12.0;0;12.7;3.7;-1.7;Graduate;695;A;data latih;Tidak dipanggil
MHS3681;1;1;1;171;1;1;127.0;1;37;38;9;9;120.7;1;0;1;1;1;0;18;0;0;0;0;0;0.0;0;0;0;0;0;0.0;0;7.6;2.6;0.32;Dropout;536;E;data latih;Menghilang dari kelas
MHS3682;5;39;1;9147;1;1;133.1;1;19;19;9;9;119.8;0;0;0;1;1;0;26;0;0;5;9;5;12.0;0;0;5;5;5;10.2;0;11.1;0.6;2.02;Enrolled;559;D;mahasiswa aktif;Berjuang secara akademik
MHS3683;1;39;1;9991;0;1;110.0;1;37;37;9;9;121.8;0;0;0;0;1;0;36;0;0;5;5;0;0.0;0;0;5;5;0;0.0;0;12.7;3.7;-1.7;Dropout;443;E;data latih;Terhalang biaya
MHS3684;1;18;1;171;1;1;110.0;1;19;2;5;5;117.7;1;0;1;1;1;1;20;0;0;0;0;0;0.0;0;0;0;0;0;0.0;0;12.4;0.5;1.79;Graduate;552;D;data uji;Menghilang dari kelas
MHS3685;2;39;1;9147;1;1;160.0;1;37;37;9;7;110.0;0;0;0;1;1;0;30;0;0;5;8;2;11.0;0;0;5;6;4;11.5;0;15.5;2.8;-4.06;Dropout;557;D;data uji;Berjuang secara akademik
MHS3686;1;43;1;9003;1;1;120.0;1;1;1;4;10;134.4;0;0;0;1;1;0;24;0;0;6;7;6;15.714285714285714;0;0;6;10;6;15.9;0;15.5;2.8;-4.06;Dropout;669;B;data uji;Tidak dipanggil
MHS3687;1;1;1;9147;1;1;133.1;1;34;34;0;0;125.3;0;0;0;1;1;0;26;0;11;15;15;11;10.818181818181818;0;12;14;15;11;11.636363636363637;1;7.6;2.6;0.32;Dropout;632;C;data latih;Tidak dipanggil
MHS3688;1;1;1;9147;1;1;132.0;1;19;38;9;7;119.1;0;0;0;0;1;0;19;0;0;5;16;1;12.0;0;0;5;6;0;0.0;0;13.9;-0.3;0.79;Dropout;497;E;data uji;Terhalang biaya
MHS3689;5;39;1;9238;1;1;130.0;1;19;38;9;10;146.0;0;0;0;1;1;0;34;0;0;6;8;5;12.6;0;0;6;11;4;11.25;0;12.4;0.5;1.79;Graduate;575;D;data latih;Berjuang secara akademik
MHS3690;1;43;1;9130;1;1;130.0;1;1;1;1;1;130.0;1;0;0;1;1;0;33;0;0;5;12;1;13.0;2;0;5;7;3;14.0;0;9.4;-0.8;-3.12;Enrolled;589;D;mahasiswa aktif;Berjuang secara akademik
MHS3691;1;17;6;9147;1;1;129.0;1;19;1;9;4;122.0;1;0;0;1;1;0;19;0;0;5;8;5;11.6;1;0;5;10;4;10.75;0;9.4;-0.8;-3.12;Graduate;585;D;data latih;Berjuang secara akademik
MHS3692;1;17;5;9119;1;1;130.0;1;19;1;4;5;118.1;1;0;1;0;1;0;26;0;0;5;11;1;10.0;0;0;5;14;1;11.0;0;8.9;1.4;3.51;Dropout;422;E;data latih;Terhalang biaya
MHS3693;1;39;1;9670;1;1;140.0;1;38;37;7;7;105.2;0;0;0;1;1;0;29;0;0;6;7;1;14.0;0;0;6;6;0;0.0;0;16.2;0.3;-0.92;Dropout;553;D;data latih;Menghilang dari kelas
MHS3694;1;17;5;9119;1;1;131.0;1;19;37;9;7;123.3;1;0;0;1;1;1;19;0;0;5;9;5;12.6;0;0;5;8;2;12.5;0;8.9;1.4;3.51;Dropout;632;C;data latih;Tidak dipanggil
MHS3695;1;17;1;171;1;1;129.0;1;1;1;9;9;124.8;1;0;0;1;1;0;18;0;0;0;0;0;0.0;0;0;0;0;0;0.0;0;12.7;3.7;-1.7;Dropout;555;D;data uji;Menghilang dari kelas
MHS3696;1;39;1;9991;0;19;133.1;1;19;37;9;9;149.4;0;0;0;0;1;0;29;0;0;5;11;2;11.333333333333334;0;0;5;9;1;12.0;0;11.1;0.6;2.02;Dropout;503;E;data latih;Terhalang biaya
MHS3697;1;43;1;9254;1;1;112.0;1;37;37;9;9;108.5;0;0;0;1;1;0;21;0;0;6;6;6;12.666666666666666;0;0;6;7;5;11.4;0;9.4;-0.8;-3.12;Graduate;602;C;data uji;Tidak dipanggil
MHS3698;1;17;1;9254;1;1;119.0;1;1;1;4;10;125.0;0;0;0;1;1;0;19;0;0;6;7;5;10.8;0;0;6;10;2;10.5;0;10.8;1.4;1.74;Enrolled;587;D;mahasiswa aktif;Berjuang secara akademik
MHS3699;1;1;1;9500;1;1;133.1;1;38;38;5;10;101.0;0;0;0;1;1;0;20;0;0;7;14;5;12.87857142857143;0;0;8;15;7;11.85625;0;15.5;2.8;-4.06;Graduate;674;B;data latih;Tidak dipanggil
MHS3700;1;1;1;9085;1;1;123.0;1;3;1;2;5;112.9;0;0;0;1;1;0;18;0;0;5;5;0;0.0;0;0;5;5;0;0.0;0;7.6;2.6;0.32;Dropout;566;D;data latih;Menghilang dari kelas
MHS3701;1;17;3;9070;1;1;131.0;1;38;37;5;5;120.2;1;0;0;1;1;0;18;0;0;6;6;6;12.833333333333334;0;0;6;8;5;11.4;0;15.5;2.8;-4.06;Enrolled;620;C;mahasiswa aktif;Tidak dipanggil
MHS3702;1;1;1;9147;1;1;120.0;1;34;34;99;99;111.6;0;0;1;1;1;1;21;0;0;5;5;5;12.6;0;0;5;9;3;12.833333333333334;0;10.8;1.4;1.74;Enrolled;632;C;mahasiswa aktif;Tidak dipanggil
MHS3703;1;1;1;9147;1;1;125.0;1;1;1;4;2;134.1;1;0;0;1;1;0;20;0;0;5;0;0;0.0;0;0;5;0;0;0.0;0;8.9;1.4;3.51;Dropout;557;D;data latih;Menghilang dari kelas
MHS3704;1;39;1;9119;1;1;133.1;1;37;37;9;9;101.6;0;0;0;1;1;1;30;0;0;5;11;0;0.0;0;0;5;5;0;0.0;0;12.7;3.7;-1.7;Dropout;537;E;data latih;Berjuang secara akademik
MHS3705;1;18;2;9670;1;1;121.0;1;37;38;4;1;111.9;1;0;0;1;1;0;19;0;0;6;6;6;14.166666666666666;0;0;6;6;6;14.0;0;13.9;-0.3;0.79;Graduate;687;B;data uji;Tidak dipanggil
MHS3706;1;51;1;9147;1;1;148.0;1;1;19;9;6;118.4;1;0;0;1;1;0;30;0;0;5;7;5;13.4;0;0;5;7;4;13.25;0;8.9;1.4;3.51;Dropout;612;C;data latih;Tidak dipanggil
MHS3707;1;1;1;9147;1;1;139.0;1;38;1;5;5;127.1;1;0;0;1;1;1;22;0;0;5;8;5;11.2;0;0;5;13;4;11.25;0;12.7;3.7;-1.7;Graduate;610;C;data uji;Tidak dipanggil
MHS3708;1;17;3;171;1;1;125.0;1;37;37;5;10;120.5;1;0;0;1;1;0;22;0;0;0;0;0;0.0;0;0;0;0;0;0.0;0;12.4;0.5;1.79;Graduate;542;E;data latih;Menghilang dari kelas
MHS3709;1;17;4;9070;1;1;128.0;1;1;1;9;10;136.1;1;0;1;0;1;0;19;0;0;6;6;6;12.666666666666666;0;0;6;8;5;11.8;0;11.1;0.6;2.02;Dropout;512;E;data latih;Terhalang biaya
MHS3710;1;17;2;9670;1;1;132.0;1;1;19;5;3;124.0;1;0;0;1;1;0;21;0;0;5;7;3;12.333333333333334;0;0;5;5;4;11.25;0;7.6;2.6;0.32;Dropout;592;D;data uji;Berjuang secara akademik
MHS3711;1;17;4;9085;1;1;137.0;1;38;38;151;151;141.6;0;0;0;1;1;0;21;0;0;5;7;4;12.25;0;0;5;7;5;12.0;0;7.6;2.6;0.32;Graduate;622;C;data latih;Tidak dipanggil
MHS3712;1;44;1;171;1;39;160.0;1;19;38;9;9;160.0;1;0;1;1;1;1;21;0;0;0;0;0;0.0;0;0;0;0;0;0.0;0;15.5;2.8;-4.06;Dropout;553;D;data uji;Menghilang dari kelas
MHS3713;1;39;1;9147;1;1;120.0;1;1;19;4;7;110.0;0;0;0;1;1;0;27;0;0;5;13;3;10.75;0;0;5;9;3;10.333333333333334;0;15.5;2.8;-4.06;Dropout;559;D;data latih;Berjuang secara akademik
MHS3714;1;43;1;33;1;1;134.0;1;37;37;1;1;100.0;1;0;0;1;1;0;32;0;0;7;7;0;0.0;0;0;7;8;0;0.0;0;13.9;-0.3;0.79;Dropout;532;E;data latih;Menghilang dari kelas
MHS3715;1;39;1;9670;1;12;133.1;1;37;1;9;3;120.0;0;0;1;0;1;0;40;0;0;6;13;0;0.0;0;0;6;6;0;0.0;0;15.5;2.8;-4.06;Dropout;423;E;data latih;Terhalang biaya
MHS3716;1;1;2;9147;1;1;116.0;1;37;1;5;3;124.8;1;0;0;1;1;0;20;0;0;5;9;2;14.333333333333334;0;0;5;10;2;12.5;0;7.6;2.6;0.32;Enrolled;629;C;mahasiswa aktif;Tidak dipanggil
MHS3717;1;44;1;9130;1;39;140.0;1;4;4;2;10;140.0;1;0;0;1;1;0;20;0;1;5;8;2;11.5;0;1;5;13;2;11.5;0;12.7;3.7;-1.7;Dropout;576;D;data uji;Berjuang secara akademik
MHS3718;1;1;3;171;1;1;140.0;1;37;37;9;9;124.3;1;0;0;1;1;0;18;0;0;0;0;0;0.0;0;0;0;0;0;0.0;0;7.6;2.6;0.32;Graduate;562;D;data uji;Menghilang dari kelas
MHS3719;1;43;1;9147;1;1;122.0;1;1;38;1;7;118.9;0;0;0;1;1;0;21;0;0;5;11;2;10.5;0;0;5;13;0;0.0;0;12.7;3.7;-1.7;Dropout;577;D;data latih;Berjuang secara akademik
MHS3720;1;17;1;9670;1;1;141.0;1;19;37;5;8;130.2;0;0;0;1;1;0;18;0;0;6;6;6;13.5;0;0;6;0;0;0.0;0;12.7;3.7;-1.7;Dropout;615;C;data latih;Tidak dipanggil
MHS3721;1;44;1;9003;1;1;120.0;1;1;3;144;123;120.0;0;0;0;1;1;0;19;0;0;6;17;1;11.0;0;0;6;19;0;0.0;0;16.2;0.3;-0.92;Enrolled;565;D;mahasiswa aktif;Berjuang secara akademik
MHS3722;5;7;1;9070;1;3;140.0;1;37;37;7;7;140.0;0;0;0;0;1;0;30;0;0;6;6;1;10.0;0;0;6;6;0;0.0;0;15.5;2.8;-4.06;Dropout;453;E;data latih;Terhalang biaya
MHS3723;1;39;1;9003;1;12;133.1;1;19;1;9;1;130.0;0;0;0;1;1;0;29;0;0;6;17;0;0.0;2;0;6;8;0;0.0;0;15.5;2.8;-4.06;Dropout;523;E;data latih;Berjuang secara akademik
MHS3724;1;17;2;9119;1;1;137.0;1;1;1;4;4;130.4;1;0;1;1;1;0;18;0;0;5;10;1;12.0;0;0;5;7;3;10.666666666666666;2;7.6;2.6;0.32;Dropout;527;E;data latih;Berjuang secara akademik
MHS3725;1;1;2;9670;1;1;122.0;1;1;1;9;9;116.1;1;0;0;1;1;1;18;0;0;5;6;4;12.25;0;0;5;5;5;12.2;0;9.4;-0.8;-3.12;Dropout;659;B;data latih;Tidak dipanggil
MHS3726;1;44;1;9003;1;39;130.0;1;1;1;3;10;130.0;0;0;0;1;1;0;22;0;4;10;21;5;11.4;1;2;7;13;6;11.666666666666666;0;15.5;2.8;-4.06;Dropout;609;C;data latih;Tidak dipanggil
MHS3727;1;43;2;9991;0;1;140.0;1;37;37;5;5;124.3;1;0;0;0;1;0;27;0;0;5;5;0;0.0;0;0;5;5;0;0.0;0;12.7;3.7;-1.7;Dropout;454;E;data uji;Terhalang biaya
MHS3728;1;17;6;9670;1;1;125.0;1;38;1;9;7;125.0;1;0;0;1;1;0;20;0;0;6;8;4;14.25;0;0;6;10;5;14.0;0;10.8;1.4;1.74;Graduate;634;C;data latih;Tidak dipanggil
MHS3729;1;51;1;8014;0;2;110.0;1;19;38;9;10;110.0;0;0;0;1;1;0;42;0;8;12;12;11;14.454545454545457;0;7;11;11;10;14.2;0;11.1;0.6;2.02;Graduate;675;B;data latih;Tidak dipanggil
MHS3730;1;1;1;9003;1;1;133.1;1;38;38;4;8;115.0;0;0;1;1;1;0;21;0;8;12;13;12;14.538461538461538;0;4;12;14;12;14.461538461538462;0;15.5;2.8;-4.06;Graduate;663;B;data uji;Tidak dipanggil
MHS3731;1;43;1;9500;1;1;132.0;1;1;38;7;7;129.6;0;1;0;1;1;0;23;0;0;7;10;6;12.733333333333334;0;0;8;10;7;11.95;0;16.2;0.3;-0.92;Graduate;665;B;data latih;Tidak dipanggil
MHS3732;1;51;1;9070;1;1;122.0;1;38;38;9;9;128.8;1;0;0;1;1;0;21;0;4;12;13;5;13.2;0;4;12;12;4;13.5;0;8.9;1.4;3.51;Dropout;630;C;data latih;Tidak dipanggil
MHS3733;1;1;3;171;1;1;155.0;1;4;3;1;1;144.2;1;0;0;1;1;0;19;0;0;0;0;0;0.0;0;0;0;0;0;0.0;0;12.7;3.7;-1.7;Graduate;560;D;data latih;Menghilang dari kelas
MHS3734;2;39;1;9238;1;1;120.0;1;37;37;7;7;134.0;0;0;0;1;1;1;40;0;0;6;7;6;12.333333333333334;0;0;6;10;4;12.75;0;8.9;1.4;3.51;Dropout;647;C;data latih;Tidak dipanggil
MHS3735;1;43;1;9147;1;1;129.0;1;19;1;9;5;112.0;0;0;0;1;1;0;22;0;5;9;9;5;11.2;0;5;9;14;7;11.25;2;12.7;3.7;-1.7;Dropout;603;C;data uji;Tidak dipanggil
MHS3736;1;1;2;9500;1;1;144.0;1;38;37;9;9;128.8;1;0;0;1;1;0;19;0;0;7;7;6;13.2;0;0;7;7;6;13.2;0;7.6;2.6;0.32;Graduate;699;A;data latih;Tidak dipanggil
MHS3737;1;39;1;9119;1;1;130.0;1;19;37;9;9;134.0;0;0;0;1;1;1;24;0;0;5;8;5;11.833333333333334;0;0;5;8;4;14.0;0;12.7;3.7;-1.7;Enrolled;609;C;mahasiswa aktif;Tidak dipanggil
MHS3738;1;1;1;9254;1;1;133.1;1;3;1;2;4;125.0;0;0;0;1;1;0;21;0;0;6;10;5;11.333333333333334;0;0;6;14;2;11.5;0;12.7;3.7;-1.7;Enrolled;592;D;mahasiswa aktif;Berjuang secara akademik
MHS3739;1;17;4;9119;1;1;133.0;1;3;1;9;3;123.2;1;0;0;1;1;0;18;0;0;5;5;5;13.6;0;0;5;6;5;14.6;0;8.9;1.4;3.51;Graduate;618;C;data latih;Tidak dipanggil
MHS3740;1;17;3;9119;1;1;131.0;1;37;37;9;7;118.4;0;0;0;1;1;0;18;0;0;5;10;0;0.0;0;0;5;10;2;11.5;4;7.6;2.6;0.32;Dropout;538;E;data latih;Berjuang secara akademik
MHS3741;1;51;1;9670;1;1;133.1;1;3;1;3;10;116.2;0;0;0;1;1;0;24;0;0;6;11;5;12.857142857142858;0;0;6;12;5;13.666666666666666;0;11.1;0.6;2.02;Dropout;616;C;data latih;Tidak dipanggil
MHS3742;1;39;1;9119;1;1;133.1;1;37;19;9;3;123.0;0;0;0;1;1;1;28;0;0;5;16;3;14.333333333333334;0;0;5;9;5;12.428571428571429;0;9.4;-0.8;-3.12;Enrolled;611;C;mahasiswa aktif;Tidak dipanggil
MHS3743;1;17;1;9670;1;1;118.0;1;19;38;7;9;113.5;1;0;0;1;0;1;19;0;0;6;9;5;13.5;0;0;6;6;6;14.0;0;12.4;0.5;1.79;Graduate;700;A;data latih;Tidak dipanggil
MHS3744;1;51;1;9085;1;40;120.0;1;3;3;4;2;125.0;0;0;0;1;0;0;28;0;0;6;8;6;14.428571428571429;0;0;6;12;4;15.6;0;11.1;0.6;2.02;Enrolled;642;C;mahasiswa aktif;Tidak dipanggil
MHS3745;1;17;3;9853;1;1;133.1;1;12;1;4;0;134.8;1;0;0;1;0;0;18;0;0;6;12;0;0.0;0;0;6;12;0;0.0;0;7.6;2.6;0.32;Dropout;550;D;data latih;Berjuang secara akademik
MHS3746;1;1;1;171;1;1;145.0;1;3;1;4;3;149.9;1;0;0;0;0;0;19;0;0;0;0;0;0.0;0;0;0;0;0;0.0;0;16.2;0.3;-0.92;Graduate;483;E;data latih;Menghilang dari kelas
MHS3747;1;1;1;9500;1;1;125.0;1;1;1;4;4;119.8;1;0;0;1;0;1;19;0;0;8;8;8;12.82875;0;0;8;8;8;12.82875;0;9.4;-0.8;-3.12;Graduate;723;A;data latih;Tidak dipanggil
MHS3748;1;43;1;9130;1;1;125.0;1;39;3;3;2;125.0;1;0;0;1;0;0;21;0;0;5;6;0;0.0;5;0;5;6;4;13.75;1;10.8;1.4;1.74;Graduate;570;D;data latih;Berjuang secara akademik
MHS3749;1;1;3;9500;1;1;148.0;1;1;19;4;5;135.1;1;0;1;1;0;0;18;0;0;7;0;0;0.0;0;0;8;0;0;0.0;0;13.9;-0.3;0.79;Dropout;547;E;data latih;Menghilang dari kelas
MHS3750;1;1;4;9070;1;1;139.0;1;3;19;1;5;138.3;1;0;0;1;0;0;19;0;0;6;6;6;14.666666666666666;0;0;6;6;6;13.166666666666666;0;9.4;-0.8;-3.12;Graduate;696;A;data latih;Tidak dipanggil
MHS3751;1;17;2;9500;1;1;130.0;1;38;38;7;7;122.5;1;0;0;1;0;0;19;0;0;8;8;7;13.937142857142858;0;0;8;8;7;13.937142857142858;0;10.8;1.4;1.74;Graduate;697;A;data latih;Tidak dipanggil
MHS3752;1;1;1;9070;1;1;148.0;1;3;1;2;10;148.0;1;0;0;1;0;0;20;0;7;12;12;10;14.7;0;8;12;12;12;14.583333333333334;0;15.5;2.8;-4.06;Graduate;697;A;data latih;Tidak dipanggil
MHS3753;1;1;2;9773;1;1;130.0;1;1;1;9;4;126.2;1;0;0;1;0;0;18;0;0;6;6;6;11.666666666666666;0;0;6;6;5;12.2;0;12.7;3.7;-1.7;Graduate;642;C;data latih;Tidak dipanggil
MHS3754;1;43;4;9500;1;6;134.0;1;37;37;9;9;129.8;1;0;0;1;0;0;20;0;0;7;7;6;14.85;0;0;7;7;6;14.85;0;7.6;2.6;0.32;Graduate;691;B;data uji;Tidak dipanggil
MHS3755;1;39;1;9085;1;19;133.1;1;19;37;7;90;104.0;0;0;0;1;0;0;26;0;0;5;11;1;12.0;1;0;5;12;0;0.0;4;10.8;1.4;1.74;Dropout;546;E;data latih;Berjuang secara akademik
MHS3756;1;18;4;9500;1;1;137.0;1;3;1;3;4;126.7;1;0;0;1;0;0;18;0;0;7;8;7;13.6875;0;0;8;9;8;15.622222222222222;0;13.9;-0.3;0.79;Dropout;695;A;data latih;Tidak dipanggil
MHS3757;1;39;1;8014;0;1;130.0;1;37;37;9;9;120.0;0;0;0;1;0;0;58;0;0;6;14;5;12.4;0;0;6;10;5;11.6;0;9.4;-0.8;-3.12;Graduate;569;D;data latih;Berjuang secara akademik
MHS3758;1;1;2;9500;1;1;137.0;1;1;3;4;3;124.6;0;0;0;1;0;0;18;0;0;7;10;7;13.398;0;0;8;8;8;13.5425;0;15.5;2.8;-4.06;Graduate;699;A;data latih;Tidak dipanggil
MHS3759;1;44;1;9085;1;1;130.0;1;1;1;4;3;130.0;1;0;0;1;0;0;20;0;0;6;13;5;11.8;0;0;6;19;4;12.0;0;12.4;0.5;1.79;Enrolled;614;C;mahasiswa aktif;Tidak dipanggil
MHS3760;1;17;1;9991;0;1;140.0;1;38;37;6;7;127.3;0;0;0;1;0;0;20;0;0;5;0;0;0.0;0;0;5;0;0;0.0;0;11.1;0.6;2.02;Dropout;546;E;data latih;Menghilang dari kelas
MHS3761;1;2;1;9147;1;1;150.0;1;37;37;9;9;122.0;1;0;0;1;0;0;29;0;13;15;19;13;11.76923076923077;0;12;14;17;14;11.928571428571429;0;9.4;-0.8;-3.12;Graduate;648;C;data latih;Tidak dipanggil
MHS3762;1;7;1;9238;1;3;130.0;1;1;1;4;10;125.1;0;0;1;0;0;0;27;0;0;6;8;0;0.0;0;0;5;6;0;0.0;0;16.2;0.3;-0.92;Dropout;433;E;data latih;Terhalang biaya
MHS3763;1;1;1;9085;1;1;133.1;1;19;38;5;7;110.0;1;0;0;1;0;1;21;0;0;6;8;6;13.285714285714286;0;0;6;11;6;13.0;0;11.1;0.6;2.02;Graduate;719;A;data latih;Tidak dipanggil
MHS3764;1;1;1;9238;1;1;134.0;1;1;19;4;9;129.8;0;0;0;1;0;1;20;0;0;6;6;6;11.666666666666666;0;0;6;8;6;11.166666666666666;0;15.5;2.8;-4.06;Graduate;683;B;data uji;Tidak dipanggil
MHS3765;1;17;1;9238;1;1;125.0;1;19;38;3;7;114.9;0;0;0;1;0;1;19;0;0;6;13;6;11.5;0;0;6;9;5;12.2;0;11.1;0.6;2.02;Graduate;668;B;data latih;Tidak dipanggil
MHS3766;1;1;1;9500;1;1;141.0;1;37;38;6;6;125.6;1;0;0;1;0;1;22;0;0;7;9;6;13.081666666666669;0;0;8;12;6;13.15;0;11.1;0.6;2.02;Graduate;717;A;data latih;Tidak dipanggil
MHS3767;1;18;3;9070;1;1;138.0;1;38;37;9;7;125.1;1;0;0;1;0;1;19;0;0;6;6;6;12.666666666666666;0;0;6;6;6;13.0;0;15.5;2.8;-4.06;Graduate;711;A;data uji;Tidak dipanggil
MHS3768;1;17;1;9773;1;1;116.0;1;37;1;9;8;115.7;1;0;1;0;0;0;19;0;0;6;6;3;11.333333333333334;0;0;6;6;0;0.0;0;12.4;0.5;1.79;Dropout;487;E;data latih;Terhalang biaya
MHS3769;1;1;3;9853;1;1;122.0;1;3;3;2;2;112.6;1;0;0;1;0;0;23;0;0;6;8;5;13.6;0;0;6;8;5;11.6;0;7.6;2.6;0.32;Enrolled;587;D;mahasiswa aktif;Berjuang secara akademik
MHS3770;1;1;3;9773;1;1;131.0;1;1;1;4;4;127.2;1;0;0;1;0;1;18;0;0;6;6;6;13.166666666666666;0;0;6;7;5;13.2;0;12.4;0.5;1.79;Dropout;686;B;data latih;Tidak dipanggil
MHS3771;1;44;1;9130;1;39;140.0;1;1;19;4;8;140.0;0;0;0;1;0;0;19;0;0;6;0;0;0.0;0;0;6;0;0;0.0;0;12.7;3.7;-1.7;Dropout;545;E;data latih;Menghilang dari kelas
MHS3772;1;44;1;9003;1;39;140.0;1;1;1;4;3;140.0;1;0;0;1;0;0;20;0;0;6;10;5;11.666666666666666;0;0;6;7;5;12.6;0;12.4;0.5;1.79;Graduate;608;C;data latih;Tidak dipanggil
MHS3773;1;1;4;9238;1;1;127.0;1;1;38;9;7;120.4;1;0;0;1;0;1;19;0;0;6;6;6;13.5;0;0;6;7;6;13.428571428571429;0;11.1;0.6;2.02;Graduate;727;A;data latih;Tidak dipanggil
MHS3774;1;39;1;9085;1;19;133.1;1;37;37;9;9;100.0;1;0;1;0;0;1;26;0;0;6;7;0;0.0;0;0;6;6;0;0.0;0;13.9;-0.3;0.79;Dropout;457;E;data latih;Terhalang biaya
MHS3775;1;1;1;9238;1;1;117.0;1;1;19;4;7;113.5;1;0;0;1;0;1;18;0;0;6;6;6;13.166666666666666;0;0;6;7;6;14.142857142857142;0;11.1;0.6;2.02;Graduate;734;A;data uji;Tidak dipanggil
MHS3776;1;1;1;9085;1;1;150.0;1;37;37;4;9;132.1;1;0;1;1;0;0;29;0;4;5;11;4;12.5;2;1;5;11;2;12.5;0;12.7;3.7;-1.7;Dropout;592;D;data latih;Berjuang secara akademik
MHS3777;1;44;1;9003;1;39;160.0;1;3;1;2;6;160.0;1;0;0;0;0;0;20;0;0;6;10;6;13.375;0;0;6;10;6;13.0;0;16.2;0.3;-0.92;Graduate;599;C;data latih;Tidak dipanggil
MHS3778;1;1;1;9070;1;1;128.0;1;19;2;7;3;126.3;1;0;0;1;0;0;19;0;0;6;6;6;13.166666666666666;0;0;6;6;6;12.666666666666666;0;15.5;2.8;-4.06;Graduate;689;B;data uji;Tidak dipanggil
MHS3779;1;44;1;9085;1;39;160.0;1;1;1;4;4;160.0;1;0;0;1;0;0;23;0;1;6;12;4;13.4;0;1;6;17;2;13.5;0;12.4;0.5;1.79;Enrolled;620;C;mahasiswa aktif;Tidak dipanggil
MHS3780;1;43;1;9556;1;1;126.0;1;2;3;3;2;100.0;0;0;0;1;0;0;25;0;2;7;10;3;13.0;0;1;8;10;3;11.666666666666666;4;10.8;1.4;1.74;Enrolled;577;D;mahasiswa aktif;Berjuang secara akademik
MHS3781;1;18;1;9500;1;1;135.0;1;3;3;1;1;125.8;1;0;0;1;0;0;18;0;0;8;8;7;13.154285714285717;0;0;8;8;7;13.154285714285717;0;10.8;1.4;1.74;Graduate;690;B;data latih;Tidak dipanggil
MHS3782;1;1;3;9070;1;1;139.0;1;1;38;4;7;142.2;1;0;0;1;0;1;19;0;0;6;6;6;12.833333333333334;0;0;6;6;6;12.833333333333334;0;9.4;-0.8;-3.12;Graduate;723;A;data latih;Tidak dipanggil
MHS3783;1;17;2;9853;1;1;125.0;1;1;19;5;5;119.4;1;0;0;1;0;0;18;0;0;7;10;7;12.142857142857142;0;0;7;7;7;13.142857142857142;0;12.4;0.5;1.79;Graduate;673;B;data latih;Tidak dipanggil
MHS3784;1;1;2;9500;1;1;106.0;1;1;19;4;4;106.4;1;0;0;1;0;1;19;0;0;7;9;5;13.34;0;0;7;9;6;12.385714285714286;0;12.4;0.5;1.79;Enrolled;707;A;mahasiswa aktif;Tidak dipanggil
MHS3785;1;7;1;8014;0;40;120.0;1;37;19;9;3;120.0;0;0;0;1;0;0;36;0;6;10;15;4;13.0;0;5;9;10;4;13.75;0;8.9;1.4;3.51;Dropout;603;C;data latih;Tidak dipanggil
MHS3786;1;44;1;9003;1;39;150.0;1;1;38;4;9;150.0;0;0;0;1;1;1;20;0;0;6;18;3;12.0;0;0;6;17;3;11.666666666666666;0;15.5;2.8;-4.06;Enrolled;610;C;mahasiswa aktif;Tidak dipanggil
MHS3787;1;17;2;171;1;1;130.0;41;1;1;2;3;148.6;1;0;0;1;1;0;20;1;0;0;0;0;0.0;0;0;0;0;0;0.0;0;11.1;0.6;2.02;Dropout;551;D;data latih;Menghilang dari kelas
MHS3788;1;1;1;9238;1;1;116.0;1;38;38;9;8;108.7;1;0;0;1;1;0;18;0;0;6;9;5;11.0;0;0;6;12;0;0.0;0;11.1;0.6;2.02;Dropout;605;C;data latih;Tidak dipanggil
MHS3789;1;44;1;9003;1;39;130.0;1;3;1;4;6;130.0;0;0;0;1;1;0;19;0;0;6;8;5;11.5;0;0;6;11;6;11.333333333333334;0;12.4;0.5;1.79;Enrolled;620;C;mahasiswa aktif;Tidak dipanggil
MHS3790;1;17;1;9238;1;1;140.0;1;1;44;4;2;124.6;1;0;1;0;1;0;20;0;3;9;9;3;13.333333333333334;0;2;6;6;2;12.5;0;8.9;1.4;3.51;Dropout;528;E;data latih;Terhalang biaya
MHS3791;1;1;2;9500;1;1;134.0;1;19;19;4;7;131.0;1;0;0;1;1;0;18;0;0;7;9;7;14.594444444444443;0;0;8;10;8;13.472;0;15.5;2.8;-4.06;Graduate;701;A;data uji;Tidak dipanggil
MHS3792;1;44;1;9130;1;39;130.0;1;3;1;3;6;130.0;1;0;1;1;1;0;20;0;2;6;9;4;11.0;0;1;6;13;3;10.666666666666666;0;12.4;0.5;1.79;Dropout;550;D;data latih;Berjuang secara akademik
MHS3793;1;18;1;9119;1;1;122.0;1;19;1;90;3;116.1;1;0;1;0;1;0;24;0;0;5;8;0;0.0;0;0;5;5;0;0.0;0;9.4;-0.8;-3.12;Dropout;420;E;data latih;Terhalang biaya
MHS3794;1;17;1;9773;1;1;128.0;1;19;38;5;7;125.6;1;0;0;1;1;0;19;0;0;6;6;0;0.0;0;0;6;0;0;0.0;0;8.9;1.4;3.51;Dropout;557;D;data uji;Menghilang dari kelas
MHS3795;1;17;1;9119;1;1;130.0;1;19;19;7;9;121.3;1;0;0;1;1;0;18;0;0;5;9;1;12.0;0;0;5;10;2;12.0;3;7.6;2.6;0.32;Dropout;580;D;data latih;Berjuang secara akademik
MHS3796;1;1;3;9119;1;1;113.0;1;4;38;2;7;107.4;1;0;0;1;1;0;18;0;0;5;8;5;14.0;0;0;5;6;5;13.2;0;8.9;1.4;3.51;Graduate;622;C;data latih;Tidak dipanggil
MHS3797;1;1;1;9254;1;1;126.0;1;1;19;4;4;116.9;0;0;0;1;1;0;18;0;0;6;8;6;13.571428571428571;0;0;6;7;5;11.8;0;8.9;1.4;3.51;Graduate;622;C;data latih;Tidak dipanggil
MHS3798;1;43;2;9670;1;1;135.0;1;3;19;1;7;123.5;1;0;0;1;1;0;22;0;0;6;12;0;0.0;0;0;6;6;0;0.0;0;16.2;0.3;-0.92;Dropout;537;E;data latih;Berjuang secara akademik
MHS3799;1;1;1;9670;1;1;141.0;1;19;38;9;9;130.5;0;0;0;1;1;0;19;0;0;6;8;6;14.25;0;0;6;7;6;13.857142857142858;0;11.1;0.6;2.02;Graduate;696;A;data uji;Tidak dipanggil
MHS3800;2;39;1;9085;1;12;133.1;1;1;39;5;3;140.0;1;0;1;0;0;0;32;0;0;6;7;0;0.0;0;0;6;6;0;0.0;0;13.9;-0.3;0.79;Dropout;426;E;data latih;Terhalang biaya
MHS3801;1;17;1;9853;1;1;133.1;1;34;19;0;3;117.1;1;0;0;1;0;1;21;0;0;6;12;0;0.0;0;0;6;12;0;0.0;0;7.6;2.6;0.32;Dropout;575;D;data latih;Berjuang secara akademik
MHS3802;1;18;1;9500;1;1;144.0;1;37;37;6;6;127.5;1;0;0;1;0;1;19;0;0;8;8;7;13.542857142857144;0;0;8;8;7;13.542857142857144;0;12.7;3.7;-1.7;Graduate;717;A;data latih;Tidak dipanggil
MHS3803;4;43;1;8014;0;1;140.0;1;38;37;9;9;126.0;0;0;0;1;0;1;39;0;3;9;9;9;13.11111111111111;0;2;7;10;7;11.714285714285714;0;12.7;3.7;-1.7;Graduate;661;B;data uji;Tidak dipanggil
MHS3804;1;43;1;8014;0;10;100.0;1;34;34;0;0;113.0;1;0;0;1;0;0;30;0;3;9;11;9;12.666666666666666;0;2;7;7;7;12.142857142857142;0;7.6;2.6;0.32;Graduate;656;C;data latih;Tidak dipanggil
MHS3805;1;1;1;9147;1;1;135.0;1;1;19;5;5;130.1;1;0;0;1;0;0;18;0;0;5;10;4;10.75;1;0;5;13;2;10.0;0;9.4;-0.8;-3.12;Dropout;594;D;data latih;Berjuang secara akademik
MHS3806;2;43;1;9991;0;1;130.0;1;37;37;9;9;110.0;1;0;0;1;0;0;38;0;4;10;14;4;10.75;0;2;10;10;2;10.0;0;7.6;2.6;0.32;Dropout;562;D;data latih;Berjuang secara akademik
MHS3807;1;1;3;9070;1;1;147.0;1;34;37;5;7;135.8;1;0;0;1;0;0;20;0;0;6;6;6;13.666666666666666;0;0;6;6;6;13.333333333333334;0;9.4;-0.8;-3.12;Graduate;692;B;data latih;Tidak dipanggil
MHS3808;1;39;1;8014;0;19;149.0;1;34;34;0;0;126.3;0;0;0;1;0;0;55;0;0;6;6;6;13.833333333333334;0;1;6;6;6;12.833333333333334;0;7.6;2.6;0.32;Graduate;659;B;data latih;Tidak dipanggil
MHS3809;4;27;1;9070;1;2;130.0;1;34;34;0;0;130.0;0;0;0;1;0;0;53;0;15;18;18;17;13.176470588235292;0;13;18;18;16;13.0;0;7.6;2.6;0.32;Dropout;670;B;data latih;Tidak dipanggil
MHS3810;2;39;1;8014;0;1;120.0;1;34;34;0;0;104.0;0;0;0;1;0;0;54;0;0;6;8;4;12.75;0;0;6;12;5;12.6;0;7.6;2.6;0.32;Dropout;596;D;data uji;Berjuang secara akademik
MHS3811;1;43;1;9500;1;1;125.0;1;37;37;9;7;123.6;1;0;0;1;0;1;18;0;0;7;8;5;12.86;0;0;7;8;5;12.86;0;7.6;2.6;0.32;Enrolled;664;B;mahasiswa aktif;Tidak dipanggil
MHS3812;1;39;1;8014;0;1;133.1;1;37;37;9;8;121.0;0;0;1;0;0;0;44;0;2;8;12;4;12.0;2;2;7;9;4;12.0;2;8.9;1.4;3.51;Dropout;486;E;data latih;Terhalang biaya
MHS3813;1;43;1;9238;1;1;149.0;1;37;37;9;6;130.5;1;0;0;1;0;0;28;0;8;11;11;9;11.666666666666666;0;8;11;13;9;12.555555555555555;0;10.8;1.4;1.74;Graduate;657;B;data latih;Tidak dipanggil
MHS3814;1;7;1;8014;0;43;180.0;1;19;19;9;4;180.0;0;0;0;1;0;0;37;0;12;14;14;14;16.5;0;8;11;11;11;16.90909090909091;0;8.9;1.4;3.51;Graduate;661;B;data latih;Tidak dipanggil
MHS3815;1;43;1;9238;1;1;110.0;1;14;14;90;90;112.5;1;0;0;1;0;0;20;0;8;10;14;9;12.333333333333334;0;3;7;10;7;11.77777777777778;0;7.6;2.6;0.32;Graduate;646;C;data latih;Tidak dipanggil
MHS3816;1;1;3;9500;1;1;131.0;1;19;3;3;2;126.1;1;0;0;1;0;0;18;0;0;7;8;7;12.59125;0;0;8;11;7;12.820000000000002;0;15.5;2.8;-4.06;Enrolled;696;A;mahasiswa aktif;Tidak dipanggil
MHS3817;1;1;1;9238;1;1;117.0;1;19;19;9;9;111.8;1;0;0;1;1;0;19;0;0;6;9;4;11.5;0;0;6;12;3;11.0;0;8.9;1.4;3.51;Dropout;603;C;data latih;Tidak dipanggil
MHS3818;1;17;1;9003;1;1;120.0;1;38;37;5;9;131.4;1;0;0;1;1;1;23;0;17;18;19;18;11.894736842105264;0;12;13;13;13;12.923076923076923;0;15.5;2.8;-4.06;Graduate;685;B;data latih;Tidak dipanggil
MHS3819;1;17;1;9238;1;1;160.0;1;19;37;6;6;144.3;0;0;0;1;1;0;22;0;0;6;0;0;0.0;0;0;6;0;0;0.0;0;13.9;-0.3;0.79;Dropout;552;D;data uji;Menghilang dari kelas
MHS3820;1;39;1;9254;1;1;100.0;1;3;19;3;5;115.0;0;0;0;0;1;0;24;0;0;6;0;0;0.0;0;0;6;0;0;0.0;0;11.1;0.6;2.02;Dropout;451;E;data uji;Menghilang dari kelas
MHS3821;1;44;1;9003;1;39;140.0;1;4;4;4;2;120.0;1;0;0;1;1;0;22;0;0;6;13;5;13.0;0;0;6;13;2;11.5;0;12.4;0.5;1.79;Enrolled;582;D;mahasiswa aktif;Berjuang secara akademik
MHS3822;1;39;1;9003;1;1;160.0;1;1;38;5;6;168.6;0;0;0;1;1;0;26;0;0;6;9;0;0.0;0;0;6;6;0;0.0;0;13.9;-0.3;0.79;Dropout;525;E;data latih;Menghilang dari kelas
MHS3823;1;17;6;9773;1;1;141.0;1;37;37;5;5;127.7;1;0;0;1;1;0;18;0;0;6;6;6;15.166666666666666;0;0;6;6;6;14.833333333333334;0;9.4;-0.8;-3.12;Graduate;694;B;data uji;Tidak dipanggil
MHS3824;1;44;1;9130;1;39;130.0;1;38;19;9;9;150.0;0;0;0;1;1;0;24;0;2;6;8;4;11.75;0;1;6;8;2;13.5;0;11.1;0.6;2.02;Dropout;599;C;data latih;Tidak dipanggil
MHS3825;1;1;1;9119;1;1;142.0;1;1;38;4;3;129.8;1;0;0;1;1;0;18;0;0;5;5;0;0.0;0;0;5;6;1;15.0;0;10.8;1.4;1.74;Enrolled;582;D;mahasiswa aktif;Menghilang dari kelas
MHS3826;1;1;1;171;1;1;130.0;1;1;38;7;8;135.6;1;0;0;1;1;0;26;0;0;0;0;0;0.0;0;0;0;0;0;0.0;0;11.1;0.6;2.02;Dropout;549;E;data latih;Menghilang dari kelas
MHS3827;1;39;1;9254;1;19;133.1;1;37;37;9;4;100.0;0;0;0;1;1;0;27;0;0;6;11;3;11.333333333333334;0;0;6;10;3;14.75;0;16.2;0.3;-0.92;Dropout;598;D;data latih;Berjuang secara akademik
MHS3828;1;44;1;9003;1;39;140.0;1;37;37;9;6;140.0;1;0;0;1;1;1;20;0;0;6;10;5;12.6;0;0;6;6;5;13.2;0;12.4;0.5;1.79;Graduate;649;C;data latih;Tidak dipanggil
MHS3829;1;1;1;9119;1;1;129.0;1;12;1;4;10;124.1;1;0;0;1;1;0;19;0;0;5;10;0;0.0;0;0;5;10;1;14.0;3;7.6;2.6;0.32;Dropout;580;D;data latih;Berjuang secara akademik
MHS3830;1;1;1;9085;1;1;148.0;1;38;38;4;9;131.6;0;0;0;1;1;1;18;0;0;6;8;6;15.5;0;0;6;9;4;15.5;0;11.1;0.6;2.02;Dropout;693;B;data latih;Tidak dipanggil
MHS3831;1;1;3;9500;1;1;143.0;1;1;1;4;4;129.0;1;0;0;1;1;0;18;0;0;8;8;7;12.365714285714288;0;0;8;8;7;12.365714285714288;0;10.8;1.4;1.74;Graduate;691;B;data latih;Tidak dipanggil
MHS3832;1;17;1;9670;1;1;128.0;1;37;37;9;9;135.7;1;0;0;1;1;0;19;0;0;6;7;5;13.2;0;0;6;10;5;13.25;0;10.8;1.4;1.74;Enrolled;629;C;mahasiswa aktif;Tidak dipanggil
MHS3833;1;43;1;9070;1;1;100.0;1;37;37;9;9;108.0;1;0;0;1;1;0;34;0;7;12;12;7;11.428571428571429;0;4;12;12;7;11.857142857142858;0;7.6;2.6;0.32;Enrolled;651;C;mahasiswa aktif;Tidak dipanggil
MHS3834;1;1;1;9238;1;1;116.0;1;38;19;8;10;110.8;1;0;0;1;1;0;19;0;0;6;0;0;0.0;0;0;6;0;0;0.0;0;16.2;0.3;-0.92;Dropout;570;D;data latih;Menghilang dari kelas
MHS3835;1;1;1;9773;1;1;128.0;1;1;19;4;4;124.5;0;0;0;1;1;1;19;0;0;6;10;4;14.0;0;0;6;9;6;12.333333333333334;0;9.4;-0.8;-3.12;Graduate;702;A;data latih;Tidak dipanggil
MHS3836;2;39;1;9003;1;1;120.0;1;2;2;1;4;100.0;0;0;0;1;1;0;30;0;3;12;12;3;12.0;0;5;12;16;5;11.8;0;15.5;2.8;-4.06;Dropout;556;D;data latih;Berjuang secara akademik
MHS3837;1;43;1;9773;1;1;121.0;1;1;3;9;3;123.8;0;0;0;0;1;0;22;0;0;4;4;0;0.0;4;0;5;8;3;12.0;0;10.8;1.4;1.74;Dropout;490;E;data uji;Terhalang biaya
MHS3838;1;17;1;9147;1;1;137.0;1;3;38;1;9;131.4;0;0;0;0;1;0;19;0;0;5;13;4;10.0;0;0;5;7;3;11.333333333333334;0;15.5;2.8;-4.06;Dropout;493;E;data latih;Terhalang biaya
MHS3839;1;1;1;9147;1;1;115.0;1;38;1;9;8;118.5;0;0;0;1;1;0;21;0;0;5;9;1;10.0;0;0;5;10;1;10.0;0;7.6;2.6;0.32;Dropout;557;D;data latih;Berjuang secara akademik
MHS3840;1;1;2;171;1;1;129.0;1;37;37;9;9;122.0;1;0;0;0;1;0;22;0;0;0;0;0;0.0;0;0;0;0;0;0.0;0;7.6;2.6;0.32;Dropout;472;E;data latih;Menghilang dari kelas
MHS3841;1;1;1;9254;1;1;125.0;1;37;37;9;9;122.9;0;0;0;1;1;1;19;0;0;6;7;6;11.166666666666666;0;0;6;12;3;11.666666666666666;0;10.8;1.4;1.74;Enrolled;639;C;mahasiswa aktif;Tidak dipanggil
MHS3842;1;1;1;9238;1;1;125.0;1;19;38;7;7;118.7;0;0;0;1;1;0;20;0;0;6;12;4;11.75;0;0;6;13;3;11.333333333333334;0;15.5;2.8;-4.06;Enrolled;601;C;mahasiswa aktif;Tidak dipanggil
MHS3843;1;39;1;9003;1;19;133.1;1;3;1;2;8;100.0;1;0;0;1;1;0;35;0;0;6;13;3;11.75;0;0;6;10;0;0.0;0;13.9;-0.3;0.79;Dropout;556;D;data uji;Berjuang secara akademik
MHS3844;1;16;2;9147;1;1;131.0;1;37;37;9;9;135.9;1;0;0;1;1;0;20;0;0;5;8;1;10.0;0;0;5;7;1;11.0;0;7.6;2.6;0.32;Dropout;548;E;data latih;Berjuang secara akademik
MHS3845;1;1;1;9130;1;1;133.1;1;6;11;4;5;138.4;0;0;0;1;1;0;21;0;0;5;8;3;14.0;0;0;5;5;5;12.8;0;7.6;2.6;0.32;Graduate;623;C;data latih;Tidak dipanggil
MHS3846;1;39;1;9085;1;12;133.1;1;34;34;99;99;128.2;0;0;1;0;1;0;27;0;0;5;5;0;0.0;0;0;5;5;0;0.0;0;7.6;2.6;0.32;Dropout;428;E;data uji;Terhalang biaya
MHS3847;1;43;1;9773;1;1;114.0;1;37;38;9;5;107.4;1;0;0;0;1;0;26;0;0;6;12;3;12.0;0;0;6;15;0;0.0;0;9.4;-0.8;-3.12;Dropout;496;E;data latih;Terhalang biaya
MHS3848;1;17;1;9773;1;1;127.0;1;1;33;3;3;129.8;0;0;0;0;1;0;20;0;0;6;10;0;0.0;0;0;5;10;0;0.0;0;10.8;1.4;1.74;Dropout;478;E;data latih;Terhalang biaya
MHS3849;1;39;1;9003;1;1;130.0;1;37;37;6;6;100.0;0;0;1;0;1;0;28;0;4;10;19;8;11.88888888888889;0;2;8;17;5;11.6;1;15.5;2.8;-4.06;Dropout;471;E;data latih;Terhalang biaya
MHS3850;1;1;3;9773;1;1;121.0;1;19;38;9;7;113.0;1;0;0;1;1;0;19;0;0;6;6;6;13.833333333333334;0;0;6;6;6;13.666666666666666;0;11.1;0.6;2.02;Graduate;694;B;data latih;Tidak dipanggil
MHS3851;1;43;1;9991;0;1;120.0;1;37;19;9;9;107.0;0;0;0;0;1;0;47;0;0;5;5;0;0.0;0;0;5;5;0;0.0;0;12.7;3.7;-1.7;Dropout;452;E;data latih;Terhalang biaya
MHS3852;4;39;1;9773;1;12;120.0;1;37;37;4;9;130.0;0;0;0;0;1;0;55;0;0;6;8;5;11.4;0;0;6;9;5;12.4;0;10.8;1.4;1.74;Dropout;512;E;data latih;Terhalang biaya
MHS3853;1;43;1;9003;1;1;120.0;1;37;37;5;9;120.0;1;0;0;1;1;0;39;0;0;6;8;0;0.0;0;1;6;8;2;11.0;0;16.2;0.3;-0.92;Dropout;532;E;data latih;Berjuang secara akademik
MHS3854;2;1;1;9003;1;1;120.0;1;37;37;9;9;120.5;1;0;1;1;1;0;35;0;14;17;17;14;10.642857142857142;1;12;12;12;12;10.666666666666666;0;15.5;2.8;-4.06;Dropout;603;C;data latih;Tidak dipanggil
MHS3855;1;39;1;9238;1;1;133.1;1;37;29;0;4;120.5;0;0;0;0;1;0;32;0;0;6;10;2;11.0;0;0;6;12;0;0.0;0;7.6;2.6;0.32;Dropout;491;E;data latih;Terhalang biaya
MHS3856;1;1;4;9773;1;1;124.0;1;3;12;2;9;137.0;1;0;0;1;1;0;20;0;0;6;6;6;16.833333333333332;0;0;6;6;6;16.666666666666668;0;8.9;1.4;3.51;Graduate;697;A;data latih;Tidak dipanggil
MHS3857;1;39;1;9254;1;1;150.0;1;37;37;9;9;115.0;0;0;0;1;1;0;36;0;0;6;8;6;13.571428571428571;0;0;6;9;5;13.2;0;12.7;3.7;-1.7;Graduate;617;C;data latih;Tidak dipanggil
MHS3858;1;39;1;9991;0;19;133.1;1;38;19;9;10;142.7;0;0;1;1;1;1;34;0;0;5;11;5;14.714285714285714;0;0;5;14;5;14.375;5;16.2;0.3;-0.92;Graduate;605;C;data latih;Tidak dipanggil
MHS3859;1;1;1;9670;1;1;116.0;1;38;19;0;2;116.7;1;0;0;1;1;0;21;0;0;5;8;0;0.0;0;0;5;5;0;0.0;0;9.4;-0.8;-3.12;Dropout;559;D;data latih;Menghilang dari kelas
MHS3860;1;43;1;9991;0;1;133.1;1;37;19;3;10;136.1;0;0;0;1;1;1;42;0;0;5;14;1;10.0;0;0;5;14;1;11.0;0;13.9;-0.3;0.79;Dropout;558;D;data uji;Berjuang secara akademik
MHS3861;1;39;1;9003;1;19;133.1;1;37;19;9;7;134.3;0;0;0;1;1;0;25;0;0;6;15;1;11.0;0;0;6;13;4;11.75;0;12.4;0.5;1.79;Dropout;540;E;data uji;Berjuang secara akademik
MHS3862;1;18;1;9773;1;1;167.0;1;38;38;6;7;153.0;1;0;0;1;1;1;18;0;0;6;6;1;11.0;0;0;6;0;0;0.0;0;8.9;1.4;3.51;Dropout;601;C;data latih;Tidak dipanggil
MHS3863;1;1;1;9773;1;1;140.0;1;19;38;9;9;132.0;0;0;0;1;1;1;18;0;0;6;6;5;12.0;0;0;6;6;6;12.833333333333334;0;12.7;3.7;-1.7;Graduate;697;A;data latih;Tidak dipanggil
MHS3864;1;1;2;9238;1;1;124.0;1;38;19;9;7;129.6;1;0;0;1;1;0;19;0;0;6;10;6;11.125;0;0;6;7;6;11.857142857142858;0;7.6;2.6;0.32;Graduate;683;B;data latih;Tidak dipanggil
MHS3865;1;43;1;9085;1;1;110.0;1;3;19;4;6;105.0;0;0;1;0;1;0;34;0;2;6;13;3;11.333333333333334;0;0;6;8;2;11.5;0;13.9;-0.3;0.79;Dropout;468;E;data uji;Terhalang biaya
MHS3866;1;17;2;9773;1;1;150.0;1;1;1;4;5;130.8;0;0;0;1;1;0;20;0;0;6;15;2;12.0;0;0;6;12;0;0.0;0;10.8;1.4;1.74;Dropout;588;D;data uji;Berjuang secara akademik
MHS3867;1;1;1;9500;1;1;123.0;1;37;37;7;7;119.7;0;0;0;1;1;0;20;0;0;7;8;0;0.0;1;0;7;7;0;0.0;0;13.9;-0.3;0.79;Dropout;569;D;data latih;Menghilang dari kelas
MHS3868;1;17;1;9500;1;1;152.0;1;19;19;4;9;132.5;0;0;0;1;1;0;21;0;0;8;8;7;14.54;0;0;8;8;7;14.54;0;10.8;1.4;1.74;Graduate;695;A;data uji;Tidak dipanggil
MHS3869;1;44;1;9003;1;39;130.0;1;1;19;3;10;130.0;1;0;0;1;1;0;19;0;0;6;9;6;12.166666666666666;0;0;6;14;4;13.0;0;12.4;0.5;1.79;Graduate;638;C;data latih;Tidak dipanggil
MHS3870;1;39;1;9085;1;1;133.1;1;1;1;4;4;120.0;0;0;1;0;1;0;31;0;0;5;13;4;13.5;1;0;5;12;3;11.666666666666666;1;9.4;-0.8;-3.12;Dropout;469;E;data latih;Terhalang biaya
MHS3871;1;17;1;9670;1;1;133.1;1;1;37;4;5;150.0;0;0;0;1;1;0;21;0;0;6;8;6;14.75;0;0;6;9;5;14.333333333333334;0;11.1;0.6;2.02;Graduate;650;C;data latih;Tidak dipanggil
MHS3872;1;1;1;9147;1;1;124.0;1;38;38;9;9;115.6;0;0;0;1;1;1;20;0;0;5;8;5;12.375;0;0;5;7;5;11.666666666666666;0;13.9;-0.3;0.79;Graduate;626;C;data latih;Tidak dipanggil
MHS3873;1;43;2;9500;1;6;119.1;1;1;19;4;10;119.1;0;0;0;1;1;0;22;0;0;7;7;6;12.733333333333334;0;0;7;7;6;12.733333333333334;0;7.6;2.6;0.32;Graduate;667;B;data latih;Tidak dipanggil
MHS3874;1;1;2;9070;1;1;128.0;1;19;19;3;3;123.5;1;1;0;0;1;0;19;0;0;6;9;4;12.5;0;0;6;6;0;0.0;0;9.4;-0.8;-3.12;Dropout;529;E;data latih;Terhalang biaya
MHS3875;1;39;1;9130;1;1;133.1;1;1;1;90;1;120.0;1;0;1;0;1;0;41;0;0;5;5;0;0.0;1;0;5;5;0;0.0;5;12.7;3.7;-1.7;Dropout;415;E;data latih;Terhalang biaya
MHS3876;1;43;1;9500;1;19;133.1;1;34;34;0;0;110.0;1;0;0;1;1;0;27;0;0;7;7;0;0.0;6;0;7;7;0;0.0;6;7.6;2.6;0.32;Dropout;547;E;data latih;Menghilang dari kelas
MHS3877;1;17;1;9500;1;1;145.0;1;1;1;4;10;131.4;0;0;0;1;0;0;19;0;0;7;7;7;13.44285714285714;0;0;8;8;7;13.771428571428572;0;13.9;-0.3;0.79;Dropout;690;B;data latih;Tidak dipanggil
MHS3878;1;18;2;9500;1;1;141.0;24;1;1;4;3;126.8;1;0;0;1;0;1;20;1;0;8;8;8;14.2;0;0;8;8;8;14.2;0;9.4;-0.8;-3.12;Graduate;722;A;data latih;Tidak dipanggil
MHS3879;1;43;4;9500;1;6;118.9;1;38;37;5;9;118.9;1;0;0;1;0;1;19;0;0;7;7;6;13.55;0;0;7;7;6;13.55;0;7.6;2.6;0.32;Graduate;715;A;data latih;Tidak dipanggil
MHS3880;2;39;1;9991;0;1;160.0;1;37;37;9;9;160.0;0;0;0;1;0;0;35;0;0;5;5;5;11.6;0;0;5;6;5;11.166666666666666;0;15.5;2.8;-4.06;Graduate;553;D;data latih;Berjuang secara akademik
MHS3881;1;17;5;9773;1;1;111.0;1;19;12;7;3;115.9;1;0;0;1;0;0;22;0;0;6;7;6;13.571428571428571;0;0;6;7;6;15.285714285714286;0;13.9;-0.3;0.79;Graduate;679;B;data uji;Tidak dipanggil
MHS3882;1;1;2;9254;1;1;111.0;1;1;19;5;7;109.3;1;0;0;1;0;1;20;0;0;6;6;6;13.833333333333334;0;0;6;6;6;15.0;0;11.1;0.6;2.02;Graduate;723;A;data latih;Tidak dipanggil
MHS3883;1;1;1;9670;1;1;123.0;1;37;38;9;9;113.9;1;0;1;0;0;0;18;0;0;6;7;4;11.25;0;0;6;9;4;10.857142857142858;0;10.8;1.4;1.74;Dropout;493;E;data latih;Terhalang biaya
MHS3884;1;1;1;9238;1;1;133.0;1;37;37;9;9;121.8;1;0;0;1;0;1;18;0;0;6;7;5;10.2;0;0;6;9;4;11.25;0;12.4;0.5;1.79;Graduate;619;C;data latih;Tidak dipanggil
MHS3885;1;7;1;9500;1;3;140.0;1;1;37;9;5;140.0;0;0;0;1;0;0;30;0;0;8;8;7;15.675714285714283;0;0;8;8;7;15.675714285714283;0;10.8;1.4;1.74;Graduate;668;B;data latih;Tidak dipanggil
MHS3886;1;18;1;9238;1;1;122.0;1;38;38;9;7;114.7;0;0;1;1;0;1;18;0;0;6;9;6;10.833333333333334;0;0;6;8;6;12.0;0;11.1;0.6;2.02;Graduate;679;B;data latih;Tidak dipanggil
MHS3887;1;1;1;9254;1;1;128.0;1;19;19;7;8;120.0;1;0;0;1;0;1;20;0;0;6;6;6;14.5;0;0;6;7;5;15.0;0;12.4;0.5;1.79;Enrolled;686;B;mahasiswa aktif;Tidak dipanggil
MHS3888;1;1;1;9238;1;1;108.0;1;19;38;9;9;107.3;0;1;0;1;0;1;19;0;0;6;12;4;10.4;0;0;6;11;4;10.75;0;12.4;0.5;1.79;Enrolled;632;C;mahasiswa aktif;Tidak dipanggil
MHS3889;1;17;1;9085;1;1;139.0;1;38;38;5;3;136.2;0;0;0;1;0;0;19;0;0;5;7;5;13.0;1;0;5;7;5;13.333333333333334;0;7.6;2.6;0.32;Graduate;632;C;data uji;Tidak dipanggil
MHS3890;1;1;2;9556;1;1;130.0;1;1;38;3;8;119.5;1;0;0;1;0;1;21;0;0;7;7;7;12.242857142857144;0;0;8;8;8;14.125;0;15.5;2.8;-4.06;Graduate;713;A;data latih;Tidak dipanggil
MHS3891;1;18;1;9853;1;1;133.1;1;1;19;141;182;106.0;1;0;1;1;0;0;21;0;0;7;7;7;13.0;0;0;7;8;6;12.5;0;8.9;1.4;3.51;Enrolled;641;C;mahasiswa aktif;Tidak dipanggil
MHS3892;1;1;4;9670;1;1;130.0;1;1;1;9;9;124.1;1;0;0;1;0;0;18;0;0;6;6;6;14.166666666666666;0;0;6;7;6;13.428571428571429;0;8.9;1.4;3.51;Enrolled;693;B;mahasiswa aktif;Tidak dipanggil
MHS3893;1;1;3;9147;1;1;143.0;1;1;1;5;7;133.2;1;0;0;1;0;1;18;0;0;5;11;4;14.25;0;0;5;7;4;12.5;0;12.7;3.7;-1.7;Graduate;662;B;data latih;Tidak dipanggil
MHS3894;4;39;1;9085;1;1;110.0;1;37;37;90;90;110.0;0;0;0;0;0;0;35;0;0;5;14;1;12.0;2;0;5;11;2;10.5;1;9.4;-0.8;-3.12;Dropout;467;E;data uji;Terhalang biaya
MHS3895;1;1;6;9500;1;1;120.0;41;1;1;9;6;114.8;1;0;0;1;0;0;21;1;0;7;11;4;13.25;0;0;7;9;5;13.82;0;11.1;0.6;2.02;Enrolled;649;C;mahasiswa aktif;Tidak dipanggil
MHS3896;1;1;1;9500;1;1;140.0;1;38;37;9;7;130.0;1;0;0;1;1;1;18;0;0;7;7;6;13.183333333333332;0;0;7;7;6;13.183333333333332;0;7.6;2.6;0.32;Graduate;730;A;data uji;Tidak dipanggil
MHS3897;1;17;5;9070;1;1;125.0;1;19;1;5;5;122.6;1;0;0;1;1;0;22;0;0;6;6;1;11.0;0;0;6;6;0;0.0;0;9.4;-0.8;-3.12;Enrolled;563;D;mahasiswa aktif;Menghilang dari kelas
MHS3898;1;17;1;9500;1;1;134.0;1;38;1;9;6;133.5;1;0;0;1;1;1;20;0;0;7;8;7;11.9725;0;0;8;8;8;12.65125;0;15.5;2.8;-4.06;Graduate;702;A;data latih;Tidak dipanggil
MHS3899;2;39;1;9254;1;1;130.0;1;37;37;4;7;120.0;1;0;0;1;0;0;34;0;0;6;7;5;12.4;0;0;6;8;5;12.8;0;9.4;-0.8;-3.12;Graduate;593;D;data latih;Berjuang secara akademik
MHS3900;2;7;1;9147;1;3;120.0;1;37;37;9;9;120.0;0;0;0;1;0;0;33;0;3;8;9;5;12.6;2;2;7;13;5;11.25;0;10.8;1.4;1.74;Enrolled;563;D;mahasiswa aktif;Berjuang secara akademik
MHS3901;1;1;3;9500;1;1;142.0;1;37;38;9;9;137.3;1;0;0;1;0;1;22;0;0;7;7;6;13.9;0;0;7;7;6;13.9;0;7.6;2.6;0.32;Graduate;724;A;data uji;Tidak dipanggil
MHS3902;1;17;3;9254;1;1;127.0;1;37;37;9;6;123.5;1;0;0;1;0;1;20;0;0;6;11;4;11.5;0;0;6;12;3;11.0;0;7.6;2.6;0.32;Enrolled;614;C;mahasiswa aktif;Tidak dipanggil
MHS3903;2;39;1;9147;1;1;140.0;1;37;37;6;10;131.8;0;0;0;1;0;0;35;0;0;5;6;4;14.2;0;0;5;10;4;11.857142857142858;0;10.8;1.4;1.74;Enrolled;596;D;mahasiswa aktif;Berjuang secara akademik
MHS3904;2;39;1;9147;1;1;140.0;1;38;37;4;7;130.0;1;0;0;0;0;0;39;0;0;5;12;3;10.666666666666666;2;0;5;15;3;10.666666666666666;0;9.4;-0.8;-3.12;Dropout;480;E;data latih;Terhalang biaya
MHS3905;1;18;6;9500;1;1;142.0;1;38;37;9;5;128.0;1;0;0;0;0;0;19;0;0;7;14;0;0.0;0;0;8;0;0;0.0;0;11.1;0.6;2.02;Dropout;485;E;data latih;Terhalang biaya
MHS3906;4;39;1;9254;1;1;120.0;1;37;37;9;8;95.0;0;0;0;1;0;1;36;0;0;6;10;6;11.0;0;0;6;14;3;11.333333333333334;0;10.8;1.4;1.74;Graduate;604;C;data latih;Tidak dipanggil
MHS3907;1;1;2;9500;1;1;124.0;1;37;37;9;9;116.0;1;0;0;1;0;1;21;0;0;8;8;7;13.957142857142856;0;0;8;8;7;13.957142857142856;0;12.7;3.7;-1.7;Graduate;731;A;data latih;Tidak dipanggil
MHS3908;1;1;1;9238;1;1;157.0;1;3;38;1;5;136.7;1;0;0;1;0;0;22;0;0;6;11;4;12.5;1;0;6;13;3;13.666666666666666;0;9.4;-0.8;-3.12;Enrolled;631;C;mahasiswa aktif;Tidak dipanggil
MHS3909;2;39;1;9238;1;1;126.6;1;38;38;9;7;107.5;0;0;1;1;0;1;42;0;0;6;8;6;13.333333333333334;0;0;6;7;6;15.285714285714286;0;11.1;0.6;2.02;Graduate;671;B;data latih;Tidak dipanggil
MHS3910;1;39;1;9119;1;1;110.0;1;37;37;90;90;108.4;1;0;0;1;0;0;34;0;0;5;5;0;0.0;0;0;5;6;0;0.0;0;10.8;1.4;1.74;Dropout;508;E;data uji;Menghilang dari kelas
MHS3911;1;17;1;9773;1;1;144.0;1;19;19;4;4;130.7;1;0;0;1;0;0;20;0;0;6;9;6;11.666666666666666;0;0;6;8;5;11.6;0;7.6;2.6;0.32;Enrolled;604;C;mahasiswa aktif;Tidak dipanggil
MHS3912;2;44;1;8014;0;39;160.0;1;37;19;9;10;155.9;0;0;0;1;0;0;33;0;3;6;7;6;15.714285714285714;0;2;6;7;6;15.5;0;13.9;-0.3;0.79;Graduate;678;B;data latih;Tidak dipanggil
MHS3913;1;1;4;9254;1;1;105.0;1;1;19;9;6;106.1;1;0;0;1;0;0;20;0;0;6;8;5;11.0;0;0;6;9;5;11.4;0;13.9;-0.3;0.79;Graduate;592;D;data latih;Berjuang secara akademik
MHS3914;1;1;2;9670;1;1;130.0;1;26;30;0;5;128.6;1;0;1;1;0;0;19;0;0;5;8;4;12.25;0;0;5;7;4;12.75;2;7.6;2.6;0.32;Graduate;602;C;data latih;Tidak dipanggil
MHS3915;2;43;1;9991;0;3;140.0;1;37;19;9;4;140.0;0;0;1;1;0;0;34;0;4;10;25;5;12.2;0;3;9;18;8;12.22222222222222;0;16.2;0.3;-0.92;Dropout;605;C;data latih;Tidak dipanggil
MHS3916;1;1;1;9147;1;1;138.0;1;37;37;9;6;145.0;1;0;0;1;0;0;18;0;0;5;6;5;13.0;0;0;5;5;5;14.0;0;7.6;2.6;0.32;Graduate;641;C;data latih;Tidak dipanggil
MHS3917;1;17;1;8014;0;1;120.0;1;38;37;6;6;113.0;0;0;0;1;0;1;24;0;0;6;11;4;12.0;0;0;6;7;6;13.0;0;10.8;1.4;1.74;Graduate;677;B;data latih;Tidak dipanggil
MHS3918;1;1;1;9853;1;1;135.0;1;19;12;9;7;137.1;1;0;0;1;0;0;18;0;0;6;6;6;13.333333333333334;0;0;6;7;6;12.333333333333334;0;7.6;2.6;0.32;Graduate;680;B;data latih;Tidak dipanggil
MHS3919;1;1;1;9670;1;1;119.0;1;37;37;10;6;119.7;1;0;0;1;0;0;20;0;0;5;6;3;13.0;0;0;5;7;3;13.0;1;7.6;2.6;0.32;Enrolled;634;C;mahasiswa aktif;Tidak dipanggil
MHS3920;1;17;1;9500;1;1;121.0;1;1;1;4;3;120.5;1;0;0;1;0;0;21;0;0;8;8;7;12.91;0;0;8;8;7;12.91;0;10.8;1.4;1.74;Graduate;688;B;data uji;Tidak dipanggil
MHS3921;1;1;5;9238;1;1;126.0;1;38;1;9;5;125.7;1;0;0;1;0;1;19;0;0;6;8;6;11.0;0;0;6;13;3;11.0;0;9.4;-0.8;-3.12;Graduate;648;C;data latih;Tidak dipanggil
MHS3922;1;17;4;9500;1;1;132.0;1;38;19;5;7;125.5;0;0;0;1;0;1;19;0;0;7;8;6;13.579999999999998;0;0;8;8;8;12.93625;0;15.5;2.8;-4.06;Graduate;719;A;data latih;Tidak dipanggil
MHS3923;1;1;1;9238;1;1;128.0;1;19;19;5;5;124.5;1;0;0;1;0;1;18;0;0;6;10;4;12.4;0;0;6;8;6;12.5;0;12.4;0.5;1.79;Graduate;705;A;data uji;Tidak dipanggil
MHS3924;4;39;1;8014;0;1;160.0;1;37;37;5;5;126.0;0;0;0;1;0;1;38;0;4;9;13;8;12.88888888888889;0;2;7;9;7;13.0;0;13.9;-0.3;0.79;Graduate;684;B;data latih;Tidak dipanggil
MHS3925;1;1;1;171;1;1;125.0;1;19;19;5;4;136.2;1;0;1;1;1;0;21;0;6;12;12;11;11.545454545454543;0;4;11;18;9;11.7;1;8.9;1.4;3.51;Enrolled;616;C;mahasiswa aktif;Tidak dipanggil
MHS3926;1;43;1;9147;1;1;127.0;25;1;5;9;10;124.2;1;0;0;1;1;0;23;1;0;5;6;1;10.0;0;0;5;5;0;0.0;0;15.5;2.8;-4.06;Enrolled;535;E;mahasiswa aktif;Menghilang dari kelas
MHS3927;1;17;5;9500;1;1;147.0;1;19;1;4;3;138.5;1;0;0;1;0;0;19;0;0;8;8;8;14.34125;0;0;8;8;8;14.34125;0;9.4;-0.8;-3.12;Graduate;697;A;data latih;Tidak dipanggil
MHS3928;1;1;2;9773;1;1;130.0;1;38;37;5;3;122.3;1;0;1;0;0;0;18;0;0;6;8;6;14.142857142857142;0;0;6;6;5;12.0;0;13.9;-0.3;0.79;Dropout;551;D;data latih;Terhalang biaya
MHS3929;1;1;6;171;1;1;134.0;1;19;37;5;5;126.0;1;0;0;1;0;1;18;0;0;0;0;0;0.0;0;0;0;0;0;0.0;0;9.4;-0.8;-3.12;Graduate;591;D;data uji;Menghilang dari kelas
MHS3930;1;39;1;9003;1;1;140.0;1;19;19;9;6;135.4;1;0;0;1;0;0;24;0;0;6;10;5;11.8;0;0;6;13;4;11.25;0;12.4;0.5;1.79;Enrolled;558;D;mahasiswa aktif;Berjuang secara akademik
MHS3931;1;1;1;9773;1;1;151.0;2;1;1;5;9;146.5;0;0;0;1;0;1;18;1;0;6;6;6;13.333333333333334;0;0;6;6;6;14.166666666666666;0;12.7;3.7;-1.7;Graduate;728;A;data latih;Tidak dipanggil
MHS3932;1;1;1;9130;1;1;132.0;1;3;1;4;9;121.9;1;0;0;1;0;0;18;0;0;6;8;6;14.5;0;0;6;9;6;12.857142857142858;0;13.9;-0.3;0.79;Graduate;685;B;data latih;Tidak dipanggil
MHS3933;1;7;1;9991;0;40;130.0;1;19;19;7;3;130.0;0;0;0;1;0;0;26;0;5;10;13;8;12.666666666666666;0;5;10;12;10;13.4;0;11.1;0.6;2.02;Graduate;644;C;data latih;Tidak dipanggil
MHS3934;1;1;1;9147;1;1;126.0;1;19;19;9;9;115.2;0;0;1;1;0;0;19;0;0;5;13;1;10.0;0;0;5;8;2;10.0;0;12.4;0.5;1.79;Enrolled;533;E;mahasiswa aktif;Berjuang secara akademik
MHS3935;1;18;3;9670;1;1;119.0;1;38;38;9;9;115.2;1;0;0;1;0;1;19;0;0;6;10;0;0.0;0;0;6;6;0;0.0;0;12.7;3.7;-1.7;Dropout;581;D;data latih;Menghilang dari kelas
MHS3936;1;1;1;9254;1;1;123.0;1;38;37;5;5;125.1;0;0;0;1;0;0;19;0;0;6;12;4;11.0;0;0;6;6;4;12.5;0;16.2;0.3;-0.92;Enrolled;621;C;mahasiswa aktif;Tidak dipanggil
MHS3937;1;1;1;9130;1;1;106.0;1;37;37;9;9;108.0;1;0;1;1;0;0;20;0;0;5;10;2;12.0;2;0;5;9;4;11.0;0;9.4;-0.8;-3.12;Dropout;558;D;data latih;Berjuang secara akademik
MHS3938;1;1;3;9254;1;1;121.0;1;19;19;9;9;125.9;1;0;0;1;0;0;22;0;0;6;10;4;10.0;0;0;6;12;2;13.5;0;9.4;-0.8;-3.12;Enrolled;600;C;mahasiswa aktif;Tidak dipanggil
MHS3939;1;1;2;9500;1;1;138.0;1;19;1;5;5;128.0;1;0;0;1;0;0;19;0;0;7;7;7;14.20857142857143;0;0;8;9;8;15.127777777777778;0;11.1;0.6;2.02;Graduate;704;A;data latih;Tidak dipanggil
MHS3940;1;1;5;9500;1;1;118.0;1;3;1;5;10;113.5;1;0;0;1;0;0;20;0;0;7;7;7;14.30714285714286;0;0;8;8;8;15.0125;0;12.4;0.5;1.79;Graduate;702;A;data latih;Tidak dipanggil
MHS3941;2;39;1;9147;1;1;120.0;1;37;37;5;5;124.6;0;0;0;1;0;0;36;0;0;5;8;3;11.0;0;0;5;12;4;13.375;0;10.8;1.4;1.74;Enrolled;589;D;mahasiswa aktif;Berjuang secara akademik
MHS3942;1;39;1;9853;1;19;133.1;1;19;4;9;4;116.0;1;0;0;1;0;0;29;0;0;7;14;0;0.0;0;0;6;6;0;0.0;0;11.1;0.6;2.02;Dropout;520;E;data latih;Berjuang secara akademik
MHS3943;1;17;3;9238;1;1;141.0;1;3;3;2;2;124.9;1;0;0;1;0;0;19;0;0;6;10;6;12.0;0;0;6;12;4;11.0;0;12.7;3.7;-1.7;Graduate;612;C;data uji;Tidak dipanggil
MHS3944;5;39;1;9147;1;1;180.0;1;1;1;4;8;140.5;0;0;1;0;0;0;24;0;0;5;0;0;0.0;0;0;5;0;0;0.0;0;13.9;-0.3;0.79;Dropout;423;E;data latih;Menghilang dari kelas
MHS3945;5;39;1;9003;1;1;180.0;1;1;1;4;8;179.6;0;0;1;0;0;0;27;0;0;6;6;0;0.0;0;0;6;7;0;0.0;0;8.9;1.4;3.51;Dropout;422;E;data latih;Terhalang biaya
MHS3946;1;17;1;9773;1;1;115.0;1;37;37;9;8;116.1;1;0;0;1;0;1;18;0;0;6;7;6;13.857142857142858;0;0;6;7;6;14.285714285714286;0;13.9;-0.3;0.79;Graduate;723;A;data latih;Tidak dipanggil
MHS3947;1;17;2;171;1;1;142.0;1;3;1;2;6;139.4;1;0;0;1;0;1;18;0;0;0;0;0;0.0;0;0;0;0;0;0.0;0;15.5;2.8;-4.06;Graduate;584;D;data latih;Menghilang dari kelas
MHS3948;1;17;4;9556;1;1;135.0;1;38;37;3;7;129.0;1;0;0;1;0;0;21;0;0;7;0;0;0.0;0;0;7;0;0;0.0;0;12.7;3.7;-1.7;Dropout;549;E;data latih;Menghilang dari kelas
MHS3949;2;39;1;9670;1;1;150.0;1;37;19;9;4;135.6;0;0;0;1;0;1;43;0;0;6;8;5;11.0;0;0;6;9;5;13.0;0;12.4;0.5;1.79;Graduate;620;C;data latih;Tidak dipanggil
MHS3950;1;43;1;9147;1;1;153.0;1;1;19;9;10;147.8;0;0;0;1;0;1;18;0;0;5;9;5;13.2;0;0;5;13;5;14.4;5;16.2;0.3;-0.92;Graduate;657;B;data latih;Tidak dipanggil
MHS3951;1;18;1;9085;1;1;153.0;1;37;37;9;9;138.0;1;0;0;1;0;1;21;0;0;6;7;6;13.5;0;0;6;6;3;15.333333333333334;0;8.9;1.4;3.51;Dropout;678;B;data latih;Tidak dipanggil
MHS3952;1;7;1;9147;1;3;150.0;1;6;27;1;7;150.0;0;0;0;1;0;0;26;0;0;5;5;0;0.0;0;0;5;0;0;0.0;0;9.4;-0.8;-3.12;Dropout;525;E;data uji;Menghilang dari kelas
MHS3953;1;1;6;9500;1;1;144.0;1;1;19;9;4;130.8;1;0;0;1;0;1;19;0;0;8;8;7;14.214285714285714;0;0;8;8;7;14.214285714285714;0;12.7;3.7;-1.7;Graduate;733;A;data latih;Tidak dipanggil
MHS3954;1;1;1;9085;1;1;130.0;1;37;11;90;90;122.6;0;0;0;1;0;0;18;0;0;5;5;5;13.0;0;0;5;5;5;12.4;0;7.6;2.6;0.32;Graduate;636;C;data latih;Tidak dipanggil
MHS3955;1;1;1;9773;1;1;125.0;1;3;2;2;1;119.1;1;0;0;1;0;0;22;0;0;6;13;2;12.0;0;0;6;14;1;10.0;0;9.4;-0.8;-3.12;Dropout;586;D;data latih;Berjuang secara akademik
MHS3956;1;39;1;9500;1;19;133.1;1;1;19;4;10;111.8;1;0;0;1;0;0;27;0;0;7;0;0;0.0;0;0;8;0;0;0.0;0;11.1;0.6;2.02;Dropout;538;E;data latih;Menghilang dari kelas
MHS3957;1;1;3;9147;1;1;133.0;1;38;19;9;10;125.0;1;0;0;1;0;0;18;0;0;5;6;5;12.8;1;0;5;6;5;12.6;0;9.4;-0.8;-3.12;Graduate;628;C;data latih;Tidak dipanggil
MHS3958;1;17;1;9085;1;1;140.0;1;37;38;7;9;129.9;0;0;0;1;0;0;19;0;0;5;11;4;13.6;2;0;5;9;4;12.2;0;9.4;-0.8;-3.12;Graduate;627;C;data latih;Tidak dipanggil
MHS3959;1;17;4;9500;1;1;133.0;1;19;19;3;10;131.1;1;0;0;1;0;0;18;0;0;7;7;7;13.971428571428572;0;0;8;8;8;15.75;0;13.9;-0.3;0.79;Graduate;699;A;data latih;Tidak dipanggil
MHS3960;1;1;1;9085;1;1;154.0;1;38;37;4;4;141.4;0;0;0;1;0;1;19;0;0;6;8;6;15.0;0;0;6;9;6;14.857142857142858;0;11.1;0.6;2.02;Graduate;728;A;data latih;Tidak dipanggil
MHS3961;1;39;1;9085;1;1;133.1;1;37;37;9;9;120.0;0;0;0;0;0;0;32;0;0;6;0;0;0.0;0;0;6;0;0;0.0;0;11.1;0.6;2.02;Dropout;452;E;data latih;Menghilang dari kelas
MHS3962;1;42;1;9500;1;1;168.0;1;37;1;9;4;133.4;1;0;0;1;0;0;23;0;20;26;27;26;15.07777777777778;0;14;17;17;17;15.023529411764704;0;15.5;2.8;-4.06;Graduate;684;B;data latih;Tidak dipanggil
MHS3963;1;17;3;9500;1;1;132.0;1;37;37;4;3;127.3;1;0;0;1;0;0;20;0;0;7;7;6;13.383333333333333;0;0;7;7;6;13.383333333333333;0;7.6;2.6;0.32;Graduate;690;B;data latih;Tidak dipanggil
MHS3964;1;1;1;171;1;1;133.1;1;19;38;5;5;131.8;1;0;1;1;0;0;20;0;6;12;12;12;13.25;0;4;11;16;10;13.090909090909092;0;8.9;1.4;3.51;Graduate;658;B;data latih;Tidak dipanggil
MHS3965;1;17;1;9238;1;1;120.0;1;19;19;4;5;114.8;1;0;1;0;0;0;19;0;0;6;10;5;11.714285714285714;0;0;6;13;2;10.666666666666666;0;16.2;0.3;-0.92;Dropout;493;E;data latih;Terhalang biaya
MHS3966;1;1;3;9500;1;1;150.0;1;19;19;5;5;132.8;1;0;0;1;0;1;18;0;0;8;8;8;13.01125;0;0;8;8;8;13.01125;0;9.4;-0.8;-3.12;Graduate;728;A;data latih;Tidak dipanggil
MHS3967;1;44;1;9003;1;39;140.0;1;19;19;9;4;140.0;0;0;0;1;0;0;21;0;0;6;12;3;10.666666666666666;2;0;6;12;4;12.0;0;15.5;2.8;-4.06;Dropout;608;C;data latih;Tidak dipanggil
MHS3968;1;1;1;9500;1;1;103.0;1;1;19;9;9;108.3;0;0;0;1;0;1;20;0;0;7;14;0;0.0;0;0;7;15;0;0.0;0;11.1;0.6;2.02;Enrolled;598;D;mahasiswa aktif;Berjuang secara akademik
MHS3969;1;44;1;9085;1;39;150.0;1;3;19;2;4;150.0;1;0;0;1;0;0;22;0;1;6;9;6;13.0;0;1;6;18;3;12.666666666666666;0;12.4;0.5;1.79;Graduate;631;C;data latih;Tidak dipanggil
MHS3970;1;44;1;9991;0;39;160.0;1;37;37;9;9;160.0;0;0;0;1;0;0;26;0;0;5;5;5;12.0;0;0;5;7;5;11.4;0;12.7;3.7;-1.7;Graduate;569;D;data latih;Berjuang secara akademik
MHS3971;1;1;1;9070;1;1;131.0;1;37;37;3;3;131.7;1;0;0;1;0;0;20;0;0;6;6;6;12.166666666666666;0;0;6;7;5;13.8;0;12.7;3.7;-1.7;Graduate;657;B;data latih;Tidak dipanggil
MHS3972;1;1;1;9500;1;1;114.0;1;19;38;5;3;112.6;1;0;0;1;0;0;19;0;0;7;10;6;11.85;0;0;8;10;7;13.65;0;16.2;0.3;-0.92;Graduate;687;B;data uji;Tidak dipanggil
MHS3973;1;39;1;9991;0;1;120.0;1;37;37;9;9;111.1;0;0;0;1;0;0;31;0;0;5;8;4;11.0;0;0;5;6;5;11.2;0;7.6;2.6;0.32;Graduate;553;D;data latih;Berjuang secara akademik
MHS3974;1;43;3;9500;1;1;140.0;1;1;19;9;7;127.5;1;0;1;1;0;1;20;0;0;7;9;7;12.327777777777778;0;0;8;10;8;11.736;0;15.5;2.8;-4.06;Graduate;650;C;data latih;Tidak dipanggil
MHS3975;1;43;1;9085;1;1;130.0;1;19;38;7;7;120.2;1;0;0;1;0;0;20;0;0;5;9;4;12.0;0;0;5;10;5;13.428571428571429;1;10.8;1.4;1.74;Graduate;614;C;data latih;Tidak dipanggil
MHS3976;1;17;4;9500;1;1;121.0;1;37;37;5;5;118.9;1;0;0;1;0;0;21;0;0;7;7;7;14.428571428571429;0;0;8;9;8;14.511111111111113;0;16.2;0.3;-0.92;Graduate;695;A;data latih;Tidak dipanggil
MHS3977;1;1;4;9500;1;1;130.0;1;19;19;9;7;119.9;1;0;0;1;0;0;18;0;0;7;7;7;13.78;0;0;8;8;8;12.6125;0;12.4;0.5;1.79;Graduate;696;A;data uji;Tidak dipanggil
MHS3978;1;17;2;9500;1;1;141.0;1;37;1;9;4;127.3;1;0;0;1;0;1;19;0;0;7;7;6;13.8;0;0;7;7;6;13.8;0;7.6;2.6;0.32;Graduate;728;A;data latih;Tidak dipanggil
MHS3979;1;1;1;9853;1;1;131.0;1;19;19;3;7;127.9;1;0;0;1;0;1;18;0;0;7;7;7;14.857142857142858;0;0;7;7;7;15.142857142857142;0;13.9;-0.3;0.79;Graduate;719;A;data latih;Tidak dipanggil
MHS3980;4;39;1;9773;1;38;133.1;1;19;19;7;9;133.0;0;0;0;1;0;0;40;0;0;6;8;5;13.0;0;0;6;7;5;12.6;0;16.2;0.3;-0.92;Enrolled;599;C;mahasiswa aktif;Tidak dipanggil
MHS3981;1;17;6;9238;1;1;117.0;1;1;38;4;7;114.6;0;0;0;1;0;1;18;0;0;6;7;6;12.142857142857142;0;0;6;6;6;13.333333333333334;0;13.9;-0.3;0.79;Graduate;719;A;data latih;Tidak dipanggil
MHS3982;1;1;2;9085;1;1;151.0;1;40;4;2;2;144.5;1;0;0;1;0;0;18;0;0;6;7;6;15.666666666666666;0;0;6;6;6;14.833333333333334;0;8.9;1.4;3.51;Graduate;701;A;data latih;Tidak dipanggil
MHS3983;1;17;1;9500;1;1;131.0;1;1;19;4;3;125.4;1;0;0;1;0;0;19;0;0;7;13;5;12.5;0;0;8;14;7;12.166666666666666;0;15.5;2.8;-4.06;Graduate;666;B;data latih;Tidak dipanggil
MHS3984;1;17;1;9238;1;1;145.0;1;38;38;9;7;145.0;0;0;0;1;0;1;19;0;0;6;7;6;12.833333333333334;0;0;6;6;6;13.166666666666666;0;12.4;0.5;1.79;Graduate;720;A;data latih;Tidak dipanggil
MHS3985;1;39;1;9003;1;1;135.0;1;38;38;9;6;138.1;0;0;1;0;0;0;28;0;0;6;6;0;0.0;0;0;6;7;0;0.0;0;8.9;1.4;3.51;Dropout;422;E;data latih;Terhalang biaya
MHS3986;1;17;1;9070;1;1;119.0;1;37;38;9;8;124.6;1;0;0;1;0;0;20;0;0;6;6;6;12.5;0;0;6;6;6;12.666666666666666;0;7.6;2.6;0.32;Graduate;677;B;data latih;Tidak dipanggil
MHS3987;1;1;2;9773;1;1;122.0;1;37;37;9;9;130.8;1;0;0;1;0;0;18;0;0;6;14;4;11.25;0;0;6;9;5;13.0;0;9.4;-0.8;-3.12;Graduate;631;C;data uji;Tidak dipanggil
MHS3988;1;1;2;9500;1;1;155.0;1;1;1;4;3;140.5;1;0;0;1;0;0;18;0;0;7;7;6;15.25;0;0;7;7;6;15.25;0;7.6;2.6;0.32;Graduate;708;A;data latih;Tidak dipanggil
MHS3989;1;1;1;9085;1;1;123.0;1;19;37;9;9;124.1;1;0;0;1;0;1;20;0;0;5;13;5;14.0;2;0;5;10;3;12.0;1;9.4;-0.8;-3.12;Graduate;663;B;data uji;Tidak dipanggil
MHS3990;1;43;1;9238;1;1;130.0;1;38;19;9;4;118.4;0;0;1;1;0;0;28;0;15;16;16;13;12.076923076923077;0;13;13;13;11;12.090909090909092;0;16.2;0.3;-0.92;Graduate;638;C;data latih;Tidak dipanggil
MHS3991;1;15;1;9853;1;1;133.1;41;43;1;153;135;128.2;0;0;0;1;0;0;23;1;11;16;17;16;14.625;0;6;10;12;9;14.88888888888889;0;8.9;1.4;3.51;Graduate;668;B;data latih;Tidak dipanggil
MHS3992;1;1;1;9853;1;1;114.0;1;19;37;5;5;109.5;1;0;0;1;0;0;19;0;0;7;10;4;10.5;0;0;7;7;2;10.5;0;16.2;0.3;-0.92;Dropout;588;D;data latih;Berjuang secara akademik
MHS3993;1;17;1;9238;1;1;137.0;1;38;19;152;171;131.1;1;0;0;1;0;1;18;0;0;6;8;6;12.833333333333334;0;0;6;6;6;12.166666666666666;0;8.9;1.4;3.51;Graduate;717;A;data latih;Tidak dipanggil
MHS3994;1;1;3;9773;1;1;161.0;22;37;37;9;9;137.9;0;0;1;0;0;1;20;1;0;6;6;6;12.5;0;0;6;7;5;11.8;0;10.8;1.4;1.74;Graduate;544;E;data latih;Terhalang biaya
MHS3995;1;1;1;171;1;1;133.1;1;3;1;2;4;128.2;1;0;0;1;0;0;20;0;5;12;13;12;11.23076923076923;0;3;11;18;9;12.77777777777778;0;11.1;0.6;2.02;Graduate;669;B;data latih;Tidak dipanggil
MHS3996;2;39;1;9991;0;1;133.1;1;37;37;9;9;126.5;0;0;0;1;0;0;27;0;0;5;5;2;10.5;0;0;5;5;0;0.0;0;7.6;2.6;0.32;Dropout;555;D;data latih;Menghilang dari kelas
MHS3997;1;1;1;9853;1;1;128.0;1;1;1;9;9;120.0;1;0;0;1;0;0;18;0;0;6;11;3;12.0;0;0;6;13;2;12.0;0;12.7;3.7;-1.7;Dropout;617;C;data latih;Tidak dipanggil
MHS3998;4;39;2;9556;1;19;133.1;1;19;19;4;6;123.0;0;0;0;1;0;1;37;0;0;7;10;7;10.985714285714286;0;0;8;11;8;12.3;0;10.8;1.4;1.74;Graduate;663;B;data latih;Tidak dipanggil
MHS3999;4;7;1;9500;1;40;130.0;1;19;19;4;6;130.0;0;0;0;0;0;0;42;0;2;7;10;5;12.62;0;3;7;11;3;14.166666666666666;0;12.4;0.5;1.79;Dropout;535;E;data latih;Terhalang biaya
MHS4000;1;17;6;9500;1;1;147.0;1;1;38;4;8;141.1;1;0;0;1;0;0;20;0;0;7;9;6;13.0;0;0;8;8;8;14.2125;0;13.9;-0.3;0.79;Dropout;693;B;data latih;Tidak dipanggil
MHS4001;2;39;1;9119;1;1;140.0;1;34;34;9;9;140.0;0;0;0;0;1;0;34;0;0;5;5;0;0.0;0;0;5;5;0;0.0;0;15.5;2.8;-4.06;Dropout;431;E;data latih;Terhalang biaya
MHS4002;1;42;1;9119;1;1;140.0;1;3;3;3;2;133.6;1;0;0;1;1;0;22;0;0;5;0;0;0.0;0;0;5;0;0;0.0;0;10.8;1.4;1.74;Dropout;523;E;data uji;Menghilang dari kelas
MHS4003;2;39;2;9254;1;19;133.1;1;19;19;9;5;123.5;0;0;0;1;1;0;39;0;0;6;6;6;13.5;0;0;6;6;6;13.333333333333334;0;12.4;0.5;1.79;Graduate;654;C;data latih;Tidak dipanggil
MHS4004;1;1;1;9500;1;1;141.0;1;37;37;9;9;136.3;1;0;0;1;1;1;18;0;0;7;7;6;13.516666666666666;0;0;7;7;6;13.516666666666666;0;7.6;2.6;0.32;Graduate;730;A;data uji;Tidak dipanggil
MHS4005;1;1;2;9070;1;1;128.0;1;37;37;9;9;123.5;1;0;0;1;1;1;21;0;0;6;6;6;13.166666666666666;0;0;6;8;6;13.285714285714286;0;8.9;1.4;3.51;Graduate;721;A;data latih;Tidak dipanggil
MHS4006;2;39;1;9085;1;1;150.0;1;37;37;90;10;112.0;0;0;0;1;1;0;34;0;0;6;0;0;0.0;0;0;6;0;0;0.0;0;10.8;1.4;1.74;Dropout;529;E;data latih;Menghilang dari kelas
MHS4007;1;44;1;9003;1;39;160.0;1;37;37;9;9;160.0;0;0;0;1;1;1;22;0;0;6;8;6;13.125;0;0;6;10;6;13.0;0;16.2;0.3;-0.92;Graduate;696;A;data uji;Tidak dipanggil
MHS4008;1;39;1;9003;1;1;133.1;1;1;37;4;7;110.0;0;0;0;1;1;0;31;0;0;6;15;3;14.4;0;0;6;20;0;0.0;0;16.2;0.3;-0.92;Dropout;568;D;data latih;Berjuang secara akademik
MHS4009;1;18;3;9853;1;1;128.0;1;38;37;5;9;116.8;1;0;0;0;1;0;19;0;0;6;10;4;12.0;0;0;6;12;0;0.0;0;10.8;1.4;1.74;Dropout;502;E;data latih;Terhalang biaya
MHS4010;1;17;5;9254;1;1;114.0;1;38;1;5;9;109.5;0;0;0;1;1;0;19;0;0;5;5;0;0.0;0;0;5;10;0;0.0;0;10.8;1.4;1.74;Dropout;554;D;data latih;Berjuang secara akademik
MHS4011;1;39;1;9556;1;19;133.1;1;37;37;9;10;100.0;0;0;0;1;1;0;31;0;0;7;7;0;0.0;0;0;7;7;0;0.0;0;15.5;2.8;-4.06;Dropout;523;E;data uji;Menghilang dari kelas
MHS4012;1;5;1;9147;1;1;126.0;1;19;38;5;6;117.3;1;0;0;1;0;0;19;0;0;5;15;3;10.8;0;0;5;6;3;10.5;0;13.9;-0.3;0.79;Enrolled;583;D;mahasiswa aktif;Berjuang secara akademik
MHS4013;2;39;2;9670;1;1;133.1;41;37;19;9;9;130.0;0;0;0;1;0;0;30;1;0;6;0;0;0.0;0;0;6;0;0;0.0;0;9.4;-0.8;-3.12;Dropout;526;E;data latih;Menghilang dari kelas
MHS4014;1;51;1;9500;1;1;129.0;1;37;38;3;3;137.8;1;0;0;1;0;1;20;0;2;7;7;7;16.13142857142857;0;0;8;9;8;15.52222222222222;0;11.1;0.6;2.02;Graduate;722;A;data latih;Tidak dipanggil
MHS4015;1;17;1;9500;1;1;140.0;1;19;38;7;7;136.5;1;0;0;1;0;1;18;0;0;7;7;7;14.838571428571427;0;0;8;9;8;14.8;0;12.4;0.5;1.79;Graduate;728;A;data uji;Tidak dipanggil
MHS4016;4;39;1;9991;0;1;133.1;1;37;37;5;5;138.7;0;0;0;1;0;0;31;0;0;5;7;3;10.333333333333334;0;0;5;6;3;12.0;0;10.8;1.4;1.74;Dropout;565;D;data latih;Berjuang secara akademik
MHS4017;1;17;1;9254;1;1;134.0;1;19;1;9;4;124.9;1;0;0;1;0;0;19;0;0;6;11;3;12.0;0;0;6;11;4;11.25;0;7.6;2.6;0.32;Dropout;587;D;data latih;Berjuang secara akademik
MHS4018;4;39;1;8014;0;1;133.1;1;37;37;9;7;140.0;0;0;0;1;0;1;43;0;0;6;6;0;0.0;0;0;5;5;0;0.0;0;8.9;1.4;3.51;Dropout;558;D;data uji;Menghilang dari kelas
MHS4019;1;17;2;9254;1;1;132.0;1;38;38;9;8;122.6;1;0;0;1;0;1;20;0;0;6;6;6;13.166666666666666;0;0;6;6;6;14.0;0;13.9;-0.3;0.79;Graduate;714;A;data latih;Tidak dipanggil
MHS4020;1;1;2;9500;1;1;131.0;1;1;1;5;9;129.5;1;0;0;1;0;1;19;0;0;8;8;8;13.9475;0;0;8;8;8;13.9475;0;9.4;-0.8;-3.12;Graduate;733;A;data latih;Tidak dipanggil
MHS4021;1;1;1;9670;1;1;133.1;1;3;1;1;7;155.0;0;0;0;1;0;0;22;0;0;5;6;3;11.333333333333334;0;0;5;5;0;0.0;0;9.4;-0.8;-3.12;Dropout;583;D;data latih;Berjuang secara akademik
MHS4022;1;1;1;8014;0;1;133.1;1;3;1;1;7;100.0;0;0;0;1;0;0;26;0;2;8;11;7;12.75;0;2;7;7;7;12.285714285714286;0;16.2;0.3;-0.92;Graduate;671;B;data latih;Tidak dipanggil
MHS4023;1;18;1;9147;1;1;160.0;1;19;19;5;8;137.6;1;0;0;1;0;1;19;0;0;5;6;5;12.6;0;0;5;8;5;11.25;0;10.8;1.4;1.74;Graduate;619;C;data uji;Tidak dipanggil
MHS4024;1;7;1;9500;1;3;120.0;1;19;3;4;2;120.0;1;0;0;1;0;0;29;0;0;8;8;6;12.25;1;0;8;8;6;12.25;1;12.7;3.7;-1.7;Dropout;655;C;data latih;Tidak dipanggil
MHS4025;1;15;1;9556;1;1;114.0;26;3;19;122;144;114.0;0;0;0;1;0;0;20;1;0;7;14;0;0.0;6;0;7;12;2;11.666666666666666;0;8.9;1.4;3.51;Enrolled;547;E;mahasiswa aktif;Berjuang secara akademik
MHS4026;4;1;1;9991;0;1;140.0;1;37;37;9;7;139.0;0;0;0;1;0;1;38;0;0;5;8;5;11.0;0;0;5;7;5;11.4;0;9.4;-0.8;-3.12;Enrolled;604;C;mahasiswa aktif;Tidak dipanggil
MHS4027;1;39;1;9003;1;1;100.0;1;37;37;9;5;110.0;0;0;0;1;0;0;41;0;8;12;17;12;11.833333333333334;0;3;12;22;9;12.7;0;15.5;2.8;-4.06;Graduate;634;C;data latih;Tidak dipanggil
MHS4028;1;1;6;9500;1;1;139.0;1;19;38;4;9;128.5;1;0;0;1;0;0;19;0;0;8;10;6;13.066666666666668;0;0;8;10;6;13.066666666666668;0;12.7;3.7;-1.7;Dropout;699;A;data latih;Tidak dipanggil
MHS4029;1;1;1;9070;1;1;136.0;1;1;38;4;5;132.2;0;0;1;1;0;0;19;0;0;6;6;6;13.833333333333334;0;0;6;8;6;13.875;0;10.8;1.4;1.74;Graduate;675;B;data latih;Tidak dipanggil
MHS4030;4;7;1;9500;1;3;130.0;1;3;19;2;3;130.0;0;0;0;1;0;0;43;0;0;7;7;3;13.833333333333334;1;0;7;7;0;0.0;0;16.2;0.3;-0.92;Dropout;580;D;data latih;Berjuang secara akademik
MHS4031;1;17;1;9130;1;1;145.0;1;38;37;9;7;129.3;1;0;0;1;0;0;19;0;0;5;5;5;11.8;0;0;5;5;5;13.2;0;10.8;1.4;1.74;Graduate;611;C;data latih;Tidak dipanggil
MHS4032;1;1;1;171;1;1;133.1;1;19;38;9;8;128.2;1;0;0;1;1;1;19;0;6;12;12;12;13.333333333333334;0;4;11;15;10;12.818181818181818;0;8.9;1.4;3.51;Enrolled;715;A;mahasiswa aktif;Tidak dipanggil
MHS4033;1;1;6;9500;1;1;146.0;1;2;19;3;9;130.3;1;0;0;1;1;0;18;0;0;8;8;8;13.74625;0;0;8;8;8;13.74625;0;9.4;-0.8;-3.12;Graduate;701;A;data latih;Tidak dipanggil
MHS4034;1;1;1;171;1;1;159.0;1;3;3;2;2;162.5;1;0;0;1;1;0;19;0;0;0;0;0;0.0;0;0;0;0;0;0.0;0;16.2;0.3;-0.92;Dropout;560;D;data uji;Menghilang dari kelas
MHS4035;2;39;1;8014;0;19;133.1;1;34;34;0;0;130.0;0;0;0;1;1;0;38;0;0;6;0;0;0.0;0;0;6;0;0;0.0;0;9.4;-0.8;-3.12;Dropout;529;E;data uji;Menghilang dari kelas
MHS4036;2;7;1;9130;1;2;110.0;1;19;19;4;8;110.0;1;0;0;1;1;0;37;0;0;6;9;0;0.0;0;0;6;6;0;0.0;0;16.2;0.3;-0.92;Dropout;517;E;data latih;Berjuang secara akademik
MHS4037;1;39;1;9670;1;1;120.0;1;1;19;4;10;142.3;1;0;0;1;0;1;26;0;0;6;6;6;13.333333333333334;0;0;6;10;5;14.5;0;10.8;1.4;1.74;Graduate;653;C;data latih;Tidak dipanggil
MHS4038;1;17;1;9238;1;1;130.0;1;37;37;9;9;122.0;1;0;0;1;0;1;21;0;0;6;8;1;10.0;0;0;6;13;5;11.4;0;12.7;3.7;-1.7;Enrolled;590;D;mahasiswa aktif;Berjuang secara akademik
MHS4039;1;1;3;9085;1;1;158.0;1;1;19;9;9;153.6;1;0;0;1;0;1;18;0;0;6;7;6;15.666666666666666;0;0;6;8;6;15.285714285714286;0;8.9;1.4;3.51;Graduate;730;A;data latih;Tidak dipanggil
MHS4040;1;1;1;9853;1;1;122.0;1;3;19;2;3;112.9;0;0;0;1;0;0;18;0;0;7;9;7;11.857142857142858;0;0;7;7;7;11.857142857142858;0;16.2;0.3;-0.92;Graduate;668;B;data latih;Tidak dipanggil
MHS4041;1;1;1;9085;1;1;140.0;1;3;1;2;4;124.1;0;0;0;1;0;0;18;0;0;5;12;5;14.5;2;0;5;5;5;13.6;0;9.4;-0.8;-3.12;Graduate;643;C;data latih;Tidak dipanggil
MHS4042;1;17;1;9238;1;1;136.0;1;38;1;9;4;129.7;0;0;0;1;0;0;19;0;0;6;6;6;12.166666666666666;0;0;6;7;6;13.714285714285714;0;15.5;2.8;-4.06;Graduate;688;B;data latih;Tidak dipanggil
MHS4043;1;1;1;9773;1;1;111.0;1;19;19;9;9;110.0;1;0;0;1;0;0;18;0;0;6;6;5;12.6;0;0;6;8;6;12.0;0;11.1;0.6;2.02;Graduate;670;B;data latih;Tidak dipanggil
MHS4044;1;17;2;9500;1;1;145.0;1;2;38;3;8;136.3;1;0;0;1;0;0;18;0;0;8;12;7;12.285714285714286;0;0;8;12;7;12.285714285714286;0;12.7;3.7;-1.7;Enrolled;684;B;mahasiswa aktif;Tidak dipanggil
MHS4045;1;17;1;9238;1;1;133.1;1;38;38;191;193;146.0;0;0;1;1;0;1;19;0;0;6;6;6;12.666666666666666;0;0;6;7;6;13.0;0;8.9;1.4;3.51;Graduate;691;B;data latih;Tidak dipanggil
MHS4046;1;1;1;9500;1;1;140.0;1;19;38;7;8;129.9;0;0;0;1;0;0;19;0;0;7;0;0;0.0;0;0;8;0;0;0.0;0;16.2;0.3;-0.92;Dropout;571;D;data latih;Menghilang dari kelas
MHS4047;1;1;1;9254;1;1;140.0;1;19;1;9;8;140.9;1;0;0;1;0;1;18;0;0;6;7;6;12.857142857142858;0;0;6;10;4;13.0;0;12.7;3.7;-1.7;Graduate;683;B;data latih;Tidak dipanggil
MHS4048;2;1;1;9500;1;1;156.0;1;1;1;9;10;135.5;0;0;0;1;0;0;18;0;0;8;8;7;13.9;0;0;8;8;7;13.9;0;12.7;3.7;-1.7;Graduate;706;A;data uji;Tidak dipanggil
MHS4049;1;1;1;9500;1;1;132.0;1;38;37;9;7;122.0;1;0;0;1;0;1;20;0;0;8;8;7;13.817142857142857;0;0;8;8;7;13.817142857142857;0;10.8;1.4;1.74;Graduate;731;A;data uji;Tidak dipanggil
MHS4050;1;53;1;9556;1;42;140.0;1;1;19;4;5;140.0;0;0;0;1;0;1;22;0;1;7;10;6;13.314285714285717;0;2;8;10;7;12.875;0;8.9;1.4;3.51;Graduate;693;B;data latih;Tidak dipanggil
MHS4051;1;1;1;9130;1;1;164.0;1;34;1;0;0;163.0;0;0;0;1;0;0;18;0;0;6;0;0;0.0;0;0;6;0;0;0.0;0;7.6;2.6;0.32;Dropout;555;D;data latih;Menghilang dari kelas
MHS4052;1;17;4;9254;1;1;113.0;1;38;19;7;7;107.4;1;0;0;1;0;1;19;0;0;6;6;6;12.166666666666666;0;0;6;6;6;12.166666666666666;0;12.4;0.5;1.79;Graduate;703;A;data uji;Tidak dipanggil
MHS4053;1;1;1;9254;1;1;122.0;1;37;37;9;9;114.3;1;0;0;0;0;1;20;0;0;6;12;4;11.25;0;0;6;12;3;11.333333333333334;0;7.6;2.6;0.32;Dropout;544;E;data latih;Berjuang secara akademik
MHS4054;1;43;1;9070;1;1;150.0;1;2;3;3;2;140.8;0;0;0;1;0;0;19;0;1;6;6;5;12.4;0;0;6;8;6;12.75;0;10.8;1.4;1.74;Enrolled;657;B;mahasiswa aktif;Tidak dipanggil
MHS4055;1;1;2;9773;1;1;135.0;1;37;37;5;5;126.3;1;1;0;1;0;1;20;0;0;6;6;6;14.666666666666666;0;0;6;7;6;14.571428571428571;0;8.9;1.4;3.51;Graduate;726;A;data uji;Tidak dipanggil
MHS4056;1;39;1;9085;1;1;133.1;1;3;19;2;9;110.0;0;0;0;1;0;0;28;0;0;6;15;4;12.0;0;0;6;14;4;12.0;0;11.1;0.6;2.02;Dropout;591;D;data uji;Berjuang secara akademik
MHS4057;1;1;2;9085;1;1;122.0;1;1;1;193;101;126.2;0;0;0;1;0;0;19;0;0;6;8;6;14.0;0;0;6;18;3;12.666666666666666;0;12.4;0.5;1.79;Graduate;652;C;data latih;Tidak dipanggil
MHS4058;1;42;1;9003;1;39;140.0;1;19;1;5;5;140.0;0;0;0;1;0;0;22;0;0;6;10;6;12.571428571428571;0;0;6;12;4;13.666666666666666;0;15.5;2.8;-4.06;Enrolled;626;C;mahasiswa aktif;Tidak dipanggil
MHS4059;1;1;1;9085;1;1;138.0;1;1;3;9;1;123.0;1;0;0;1;0;0;19;0;1;6;14;6;15.538461538461538;0;0;6;9;6;12.625;0;15.5;2.8;-4.06;Graduate;689;B;data latih;Tidak dipanggil
MHS4060;1;1;3;9773;1;1;130.0;1;19;19;5;5;157.0;1;0;0;0;0;0;18;0;0;6;0;0;0.0;0;0;6;0;0;0.0;0;13.9;-0.3;0.79;Dropout;489;E;data latih;Menghilang dari kelas
MHS4061;1;5;1;9130;1;1;157.0;1;5;43;2;2;149.7;1;0;0;1;0;0;18;0;0;6;6;6;15.0;0;0;6;6;6;14.833333333333334;0;8.9;1.4;3.51;Graduate;681;B;data latih;Tidak dipanggil
MHS4062;1;43;1;9130;1;1;140.0;1;2;1;2;3;140.0;1;0;0;1;0;0;22;0;0;5;11;4;12.25;0;0;5;9;5;13.285714285714286;0;12.7;3.7;-1.7;Graduate;601;C;data latih;Tidak dipanggil
MHS4063;1;53;1;9085;1;42;170.0;1;1;19;4;7;170.0;0;0;0;1;0;0;20;0;7;11;13;11;15.692307692307692;0;4;9;9;9;15.555555555555555;0;8.9;1.4;3.51;Graduate;686;B;data latih;Tidak dipanggil
MHS4064;1;39;1;9991;0;1;150.0;1;1;37;9;7;130.2;0;0;0;1;0;1;24;0;0;5;7;5;12.285714285714286;0;0;5;9;5;12.75;1;16.2;0.3;-0.92;Graduate;618;C;data latih;Tidak dipanggil
MHS4065;1;17;1;171;1;1;146.0;1;1;38;9;9;135.5;1;0;1;1;0;0;22;0;12;17;19;12;11.833333333333334;0;10;17;22;11;11.25;0;11.1;0.6;2.02;Enrolled;600;C;mahasiswa aktif;Tidak dipanggil
MHS4066;1;43;1;8014;0;1;120.0;1;38;19;5;4;118.3;0;0;0;1;0;0;20;0;2;6;6;6;12.166666666666666;0;0;6;7;5;14.0;0;12.7;3.7;-1.7;Enrolled;642;C;mahasiswa aktif;Tidak dipanggil
MHS4067;1;1;1;9556;1;1;118.0;1;19;38;9;9;116.3;1;0;0;1;0;1;20;0;0;7;10;7;11.88888888888889;0;0;8;10;8;11.95625;0;12.7;3.7;-1.7;Graduate;696;A;data latih;Tidak dipanggil
MHS4068;2;7;1;8014;0;3;120.0;1;38;1;9;9;120.0;0;0;0;0;0;0;35;0;0;6;0;0;0.0;0;0;6;0;0;0.0;0;10.8;1.4;1.74;Dropout;451;E;data latih;Menghilang dari kelas
MHS4069;1;1;1;9670;1;1;154.0;1;1;1;5;7;154.7;0;0;0;1;0;1;18;0;0;5;6;5;11.8;0;0;5;5;5;12.6;0;9.4;-0.8;-3.12;Graduate;652;C;data latih;Tidak dipanggil
MHS4070;1;17;2;9238;1;1;139.0;1;2;3;3;3;132.7;1;0;0;1;0;0;19;0;0;6;7;6;11.166666666666666;0;0;6;9;6;11.666666666666666;0;9.4;-0.8;-3.12;Graduate;649;C;data latih;Tidak dipanggil
MHS4071;1;18;1;9500;1;1;136.0;1;3;3;3;3;130.8;0;0;0;1;0;0;18;0;0;7;7;7;14.05714285714286;0;0;8;9;8;14.6;0;16.2;0.3;-0.92;Graduate;697;A;data latih;Tidak dipanggil
MHS4072;1;1;2;9254;1;1;130.0;1;1;38;4;9;122.7;1;0;0;1;0;0;18;0;0;6;10;4;11.75;0;0;6;13;4;10.0;0;7.6;2.6;0.32;Dropout;596;D;data latih;Berjuang secara akademik
MHS4073;2;39;1;9238;1;19;133.1;1;1;2;4;6;130.0;0;0;0;1;0;0;31;0;0;6;6;6;13.166666666666666;0;0;6;8;6;13.0;0;9.4;-0.8;-3.12;Enrolled;663;B;mahasiswa aktif;Tidak dipanggil
MHS4074;1;17;1;9238;1;1;133.0;1;19;19;5;7;123.6;0;0;0;1;0;1;19;0;0;6;7;6;13.5;0;0;6;7;6;14.0;0;15.5;2.8;-4.06;Graduate;725;A;data latih;Tidak dipanggil
MHS4075;1;18;1;9500;1;1;143.0;1;38;37;4;9;116.5;1;0;0;1;0;1;20;0;0;7;10;7;12.625;0;0;8;8;8;13.0625;0;15.5;2.8;-4.06;Graduate;712;A;data latih;Tidak dipanggil
MHS4076;1;17;3;9085;1;1;117.0;1;19;38;5;7;111.1;0;0;0;1;0;0;21;0;0;6;0;0;0.0;0;0;6;0;0;0.0;0;15.5;2.8;-4.06;Dropout;555;D;data latih;Menghilang dari kelas
MHS4077;1;1;3;9500;1;1;145.0;1;19;38;9;7;136.3;1;0;0;1;0;1;18;0;0;8;8;7;13.971428571428572;0;0;8;8;7;13.971428571428572;0;12.7;3.7;-1.7;Graduate;735;A;data uji;Tidak dipanggil
MHS4078;1;1;5;9070;1;1;134.0;1;34;1;5;7;129.8;1;0;0;1;0;0;18;0;0;6;7;2;11.0;0;0;6;0;0;0.0;0;9.4;-0.8;-3.12;Dropout;601;C;data uji;Tidak dipanggil
MHS4079;2;39;1;9991;0;1;170.0;1;38;19;4;8;134.7;0;0;0;1;0;0;33;0;0;5;5;5;12.8;0;0;5;6;5;15.333333333333334;0;10.8;1.4;1.74;Graduate;597;D;data latih;Berjuang secara akademik
MHS4080;1;1;2;9670;1;1;143.0;1;37;37;9;7;131.8;1;0;0;1;0;1;18;0;0;6;8;6;13.571428571428571;0;0;6;6;5;12.8;0;12.4;0.5;1.79;Enrolled;678;B;mahasiswa aktif;Tidak dipanggil
MHS4081;1;1;1;171;1;1;140.0;1;37;37;7;9;126.8;1;0;0;0;0;1;18;0;0;0;0;0;0.0;0;0;0;0;0;0.0;0;12.7;3.7;-1.7;Dropout;514;E;data latih;Menghilang dari kelas
MHS4082;1;1;1;9085;1;1;131.0;1;37;37;9;6;130.7;0;0;1;1;0;0;21;0;0;5;9;2;11.5;0;0;5;13;4;11.0;1;10.8;1.4;1.74;Enrolled;569;D;mahasiswa aktif;Berjuang secara akademik
MHS4083;1;17;3;9254;1;1;115.0;1;37;19;5;5;109.8;1;0;0;1;0;0;19;0;0;6;8;4;11.25;0;0;6;8;4;12.0;0;10.8;1.4;1.74;Enrolled;614;C;mahasiswa aktif;Tidak dipanggil
MHS4084;1;7;1;9991;0;3;130.0;1;3;19;2;3;133.9;0;0;0;1;0;0;28;0;0;5;7;5;13.714285714285714;0;0;5;7;5;13.142857142857142;0;16.2;0.3;-0.92;Graduate;596;D;data latih;Berjuang secara akademik
MHS4085;2;39;1;9147;1;1;130.0;1;1;19;9;9;109.9;0;0;0;0;0;0;29;0;0;4;4;0;0.0;0;0;5;0;0;0.0;0;12.7;3.7;-1.7;Dropout;447;E;data latih;Menghilang dari kelas
MHS4086;1;44;1;9130;1;39;160.0;1;1;37;3;3;160.0;1;0;1;0;0;0;36;0;2;6;9;6;12.0;0;1;6;8;3;14.666666666666666;0;12.4;0.5;1.79;Dropout;515;E;data latih;Terhalang biaya
MHS4087;1;39;1;8014;0;19;133.1;1;37;37;9;7;106.5;0;0;0;1;0;1;32;0;0;6;7;6;12.666666666666666;0;0;6;7;6;13.333333333333334;0;12.7;3.7;-1.7;Graduate;683;B;data latih;Tidak dipanggil
MHS4088;1;39;1;9500;1;1;130.0;1;38;37;5;7;120.0;1;0;0;1;0;1;25;0;0;8;11;7;13.29;3;0;8;11;7;13.29;3;9.4;-0.8;-3.12;Enrolled;693;B;mahasiswa aktif;Tidak dipanggil
MHS4089;2;43;1;9991;0;1;140.0;1;37;37;3;10;107.8;0;0;0;1;0;0;33;0;8;10;15;8;10.375;0;7;10;13;9;10.444444444444445;0;7.6;2.6;0.32;Enrolled;613;C;mahasiswa aktif;Tidak dipanggil
MHS4090;2;43;1;8014;0;14;133.1;1;34;34;0;0;100.0;0;0;0;0;0;0;34;0;3;7;13;3;12.0;0;2;7;15;1;13.0;1;9.4;-0.8;-3.12;Dropout;526;E;data latih;Terhalang biaya
MHS4091;2;39;1;8014;0;1;150.0;1;34;34;0;0;112.5;0;0;0;1;0;0;33;0;0;6;10;5;11.4;0;1;6;7;6;11.166666666666666;0;7.6;2.6;0.32;Graduate;599;C;data latih;Tidak dipanggil
MHS4092;1;43;1;9991;0;1;140.0;1;37;38;9;8;135.5;0;0;1;0;0;0;29;0;0;5;15;2;13.25;0;0;5;12;3;12.6;3;16.2;0.3;-0.92;Dropout;496;E;data latih;Terhalang biaya
MHS4093;1;1;1;9500;1;1;145.0;1;1;1;4;10;145.0;0;0;0;1;0;0;18;0;0;7;7;6;13.861666666666666;0;0;8;16;0;0.0;1;12.4;0.5;1.79;Dropout;634;C;data latih;Tidak dipanggil
MHS4094;1;1;1;9773;1;1;126.0;1;37;38;7;7;119.0;0;0;0;1;0;1;18;0;0;6;6;6;12.166666666666666;0;0;6;7;6;12.142857142857142;0;15.5;2.8;-4.06;Graduate;715;A;data uji;Tidak dipanggil
MHS4095;2;7;1;9238;1;3;130.0;1;37;19;4;5;130.0;0;0;0;1;0;0;38;0;0;6;17;4;13.75;0;0;6;15;6;14.5;0;16.2;0.3;-0.92;Graduate;653;C;data latih;Tidak dipanggil
MHS4096;1;1;4;9500;1;1;135.0;1;38;37;9;8;126.3;1;0;0;1;0;1;19;0;0;7;7;6;15.433333333333332;0;0;7;7;6;15.433333333333332;0;7.6;2.6;0.32;Graduate;735;A;data uji;Tidak dipanggil
MHS4097;4;39;1;8014;0;19;133.1;1;37;37;9;9;113.5;0;0;0;1;0;1;39;0;0;6;6;6;13.833333333333334;0;0;6;6;6;15.5;0;11.1;0.6;2.02;Graduate;693;B;data latih;Tidak dipanggil
MHS4098;1;43;1;9991;0;3;120.0;1;37;37;9;9;120.0;0;0;0;1;0;0;37;0;7;14;21;12;11.833333333333334;0;11;12;15;11;11.363636363636363;0;12.7;3.7;-1.7;Graduate;613;C;data latih;Tidak dipanggil
MHS4099;1;17;2;9556;1;1;120.0;1;37;37;5;5;111.3;1;0;0;1;0;0;32;0;0;7;7;0;0.0;0;0;8;8;0;0.0;0;16.2;0.3;-0.92;Dropout;538;E;data uji;Menghilang dari kelas
MHS4100;1;18;1;9238;1;1;147.0;1;38;34;4;0;130.2;0;0;0;1;0;0;18;0;0;1;1;0;0.0;1;0;6;0;0;0.0;0;10.8;1.4;1.74;Dropout;563;D;data latih;Menghilang dari kelas
MHS4101;1;43;1;9556;1;1;149.0;1;1;1;4;8;140.2;1;1;0;1;0;0;20;0;1;7;9;7;12.333333333333334;0;0;8;8;8;12.625;0;12.7;3.7;-1.7;Enrolled;661;B;mahasiswa aktif;Tidak dipanggil
MHS4102;1;1;5;9070;1;1;124.0;1;37;37;9;9;113.9;1;0;0;1;0;0;20;0;0;6;6;6;11.166666666666666;0;0;6;6;6;12.166666666666666;0;7.6;2.6;0.32;Graduate;677;B;data uji;Tidak dipanggil
MHS4103;1;17;1;9085;1;1;133.1;1;37;37;9;9;99.0;1;0;0;1;0;1;23;0;0;6;6;6;14.666666666666666;0;0;6;8;6;12.428571428571429;0;8.9;1.4;3.51;Graduate;700;A;data latih;Tidak dipanggil
MHS4104;1;1;2;9147;1;1;125.0;1;1;19;4;9;124.0;1;0;0;1;0;0;19;0;0;5;5;5;11.2;0;0;5;11;4;11.75;0;10.8;1.4;1.74;Enrolled;592;D;mahasiswa aktif;Berjuang secara akademik
MHS4105;1;1;1;9238;1;1;141.0;1;37;38;9;10;138.9;0;0;0;1;0;0;18;0;0;6;9;6;13.714285714285714;0;0;6;6;6;14.166666666666666;0;13.9;-0.3;0.79;Graduate;705;A;data latih;Tidak dipanggil
MHS4106;1;1;1;9147;1;1;131.0;1;38;19;9;9;130.0;1;0;0;1;1;0;19;0;0;5;5;5;12.8;0;0;5;10;5;11.444444444444445;0;10.8;1.4;1.74;Graduate;599;C;data latih;Tidak dipanggil
MHS4107;1;17;4;9773;1;1;118.0;1;1;38;5;7;120.8;1;0;0;1;0;0;20;0;0;6;9;4;13.25;0;0;6;11;5;11.8;0;12.4;0.5;1.79;Graduate;598;D;data latih;Berjuang secara akademik
MHS4108;1;1;6;9500;1;1;129.0;1;37;19;9;7;127.8;1;0;0;1;0;0;19;0;0;8;10;6;13.78;1;0;8;10;6;13.78;1;9.4;-0.8;-3.12;Dropout;701;A;data latih;Tidak dipanggil
MHS4109;1;17;3;9500;1;1;136.0;1;37;38;4;5;126.0;1;0;0;1;0;0;19;0;0;8;8;7;15.11;0;0;8;8;7;15.11;0;10.8;1.4;1.74;Graduate;697;A;data latih;Tidak dipanggil
MHS4110;1;1;2;9238;1;1;134.0;1;1;19;4;5;126.0;0;0;0;1;0;0;18;0;0;6;10;4;11.0;0;0;6;8;5;11.2;0;10.8;1.4;1.74;Graduate;605;C;data latih;Tidak dipanggil
MHS4111;1;1;1;9500;1;1;153.0;1;38;19;9;5;138.5;1;0;0;1;0;1;20;0;0;8;8;7;15.798571428571426;0;0;8;8;7;15.798571428571426;0;10.8;1.4;1.74;Graduate;731;A;data latih;Tidak dipanggil
MHS4112;1;1;3;9500;1;1;119.0;1;19;37;9;9;119.4;1;0;0;1;0;0;20;0;0;7;7;7;13.775714285714288;0;0;8;8;8;15.599999999999998;0;12.4;0.5;1.79;Graduate;702;A;data uji;Tidak dipanggil
MHS4113;4;39;1;9500;1;1;140.0;1;38;37;7;7;101.5;1;0;0;1;0;0;24;0;0;8;11;7;12.16;0;0;8;11;7;12.16;0;10.8;1.4;1.74;Graduate;656;C;data latih;Tidak dipanggil
MHS4114;4;39;2;9556;1;1;133.1;1;38;37;7;7;101.5;1;0;0;1;0;0;24;0;0;7;0;0;0.0;0;0;7;0;0;0.0;0;10.8;1.4;1.74;Dropout;525;E;data latih;Menghilang dari kelas
MHS4115;1;17;2;9773;1;1;130.0;1;2;1;2;7;126.2;1;0;0;1;0;0;20;0;0;6;6;6;14.333333333333334;0;0;6;6;6;15.5;0;12.4;0.5;1.79;Graduate;690;B;data latih;Tidak dipanggil
MHS4116;1;1;3;9070;1;1;128.0;1;19;19;3;3;129.8;1;0;0;1;0;0;20;0;0;6;6;6;11.833333333333334;0;0;6;6;3;13.333333333333334;0;9.4;-0.8;-3.12;Enrolled;645;C;mahasiswa aktif;Tidak dipanggil
MHS4117;1;1;1;9085;1;1;145.0;1;38;37;3;9;138.4;1;0;0;0;0;0;18;0;0;6;7;6;14.833333333333334;0;0;6;8;6;12.5;0;8.9;1.4;3.51;Enrolled;614;C;mahasiswa aktif;Tidak dipanggil
MHS4118;1;1;1;9500;1;1;146.0;1;1;37;9;9;129.3;0;0;0;1;0;0;18;0;0;8;8;7;14.2;0;0;8;8;7;14.2;0;12.7;3.7;-1.7;Graduate;706;A;data latih;Tidak dipanggil
MHS4119;1;1;1;9085;1;1;119.0;1;2;1;4;3;113.1;1;0;0;1;0;0;21;0;0;5;6;5;12.2;0;0;5;5;5;13.2;0;10.8;1.4;1.74;Graduate;634;C;data latih;Tidak dipanggil
MHS4120;1;17;1;9853;1;1;160.0;1;1;38;4;10;144.3;1;0;0;1;0;0;18;0;0;6;10;4;13.0;0;0;6;9;5;13.666666666666666;0;9.4;-0.8;-3.12;Graduate;625;C;data latih;Tidak dipanggil
MHS4121;1;17;5;9500;1;1;144.0;1;19;1;5;3;141.0;1;0;0;1;0;1;19;0;0;8;8;7;12.485714285714286;0;0;8;8;7;12.485714285714286;0;12.7;3.7;-1.7;Graduate;711;A;data latih;Tidak dipanggil
MHS4122;1;7;1;9085;1;40;130.0;1;1;1;4;4;130.0;1;0;0;1;0;0;22;0;0;6;7;6;17.0;0;0;6;7;6;16.285714285714285;0;11.1;0.6;2.02;Graduate;665;B;data latih;Tidak dipanggil
MHS4123;1;17;3;9238;1;1;122.0;1;19;19;7;7;117.5;1;0;0;1;0;0;19;0;0;6;7;5;10.8;0;0;6;9;6;10.166666666666666;0;8.9;1.4;3.51;Graduate;633;C;data latih;Tidak dipanggil
MHS4124;1;1;3;9500;1;1;153.0;6;37;37;9;9;131.8;1;0;0;1;0;0;18;1;0;7;7;6;14.716666666666669;0;0;7;7;6;14.716666666666669;0;7.6;2.6;0.32;Graduate;708;A;data latih;Tidak dipanggil
MHS4125;1;1;1;9085;1;1;147.0;1;37;19;9;5;133.7;1;0;0;1;0;1;19;0;0;5;10;2;13.5;0;0;5;11;5;11.4;1;10.8;1.4;1.74;Enrolled;636;C;mahasiswa aktif;Tidak dipanggil
MHS4126;1;43;1;9500;1;1;121.0;1;38;19;5;5;115.4;1;0;0;1;0;1;24;0;0;8;8;7;11.971428571428572;0;0;8;8;7;11.971428571428572;0;12.7;3.7;-1.7;Enrolled;687;B;mahasiswa aktif;Tidak dipanggil
MHS4127;1;1;3;9085;1;1;134.0;1;38;19;9;5;129.1;0;0;0;1;0;0;19;0;0;5;7;3;12.0;0;0;5;7;4;13.5;0;7.6;2.6;0.32;Enrolled;629;C;mahasiswa aktif;Tidak dipanggil
MHS4128;1;1;1;8014;0;1;133.0;1;38;38;5;2;135.5;0;0;0;1;0;0;34;0;0;6;7;6;12.333333333333334;0;0;6;6;6;11.666666666666666;0;10.8;1.4;1.74;Graduate;644;C;data latih;Tidak dipanggil
MHS4129;1;17;5;9085;1;1;118.0;1;38;38;9;9;112.4;1;0;0;1;0;0;19;0;0;12;22;6;15.307692307692308;0;0;10;13;6;13.875;0;15.5;2.8;-4.06;Graduate;692;B;data latih;Tidak dipanggil
MHS4130;1;1;1;9500;1;1;137.0;1;37;37;7;9;130.8;1;0;0;1;0;1;18;0;0;7;7;6;12.666666666666666;0;0;7;7;6;12.666666666666666;0;7.6;2.6;0.32;Graduate;722;A;data uji;Tidak dipanggil
MHS4131;1;1;5;9500;1;1;143.0;1;37;37;9;5;131.6;1;0;0;1;0;1;19;0;0;7;10;7;14.368;0;0;8;8;8;14.44875;0;15.5;2.8;-4.06;Graduate;733;A;data uji;Tidak dipanggil
MHS4132;1;39;1;9500;1;1;123.0;1;19;1;1;1;140.8;0;0;0;1;0;0;25;0;0;8;8;7;12.084285714285716;0;0;8;8;7;12.084285714285716;0;10.8;1.4;1.74;Graduate;656;C;data latih;Tidak dipanggil
MHS4133;1;44;1;9085;1;39;140.0;1;3;38;2;9;140.0;1;0;0;1;0;0;21;0;7;12;18;8;12.25;0;4;12;27;8;12.2;0;12.4;0.5;1.79;Enrolled;672;B;mahasiswa aktif;Tidak dipanggil
MHS4134;1;1;1;9254;1;1;118.0;1;37;37;7;7;114.2;0;0;0;1;0;0;18;0;0;6;10;5;12.2;0;0;6;10;5;11.6;0;16.2;0.3;-0.92;Enrolled;603;C;mahasiswa aktif;Tidak dipanggil
MHS4135;1;1;1;9238;1;1;142.0;1;34;38;4;7;127.3;0;0;0;1;0;1;18;0;0;6;12;4;11.0;0;0;6;9;6;11.5;0;9.4;-0.8;-3.12;Graduate;671;B;data latih;Tidak dipanggil
MHS4136;1;1;1;8014;0;1;115.0;1;38;38;9;7;115.0;1;0;0;1;0;0;28;0;0;6;8;5;12.8;0;0;6;8;5;11.0;0;9.4;-0.8;-3.12;Graduate;593;D;data latih;Berjuang secara akademik
MHS4137;5;43;1;9500;1;1;131.0;1;1;38;5;5;118.8;0;0;0;1;0;1;18;0;0;8;8;7;11.857142857142858;0;0;8;8;7;11.857142857142858;0;12.7;3.7;-1.7;Graduate;700;A;data latih;Tidak dipanggil
MHS4138;2;39;1;9254;1;1;130.0;1;37;37;9;9;125.0;0;0;0;1;0;0;41;0;0;6;8;6;12.285714285714286;0;0;6;10;5;13.0;0;8.9;1.4;3.51;Graduate;614;C;data latih;Tidak dipanggil
MHS4139;1;17;2;9853;1;1;133.1;1;37;37;5;0;111.5;0;0;0;1;0;0;18;0;0;6;11;3;12.333333333333334;0;0;6;11;4;13.5;0;7.6;2.6;0.32;Dropout;622;C;data latih;Tidak dipanggil
MHS4140;1;17;1;9238;1;1;134.0;1;38;19;7;7;124.2;0;0;0;1;0;1;21;0;0;6;11;4;11.25;0;0;6;12;4;11.4;0;15.5;2.8;-4.06;Graduate;623;C;data latih;Tidak dipanggil
MHS4141;4;7;1;9238;1;40;130.0;1;34;34;99;99;130.0;0;0;1;1;0;0;41;0;0;6;0;0;0.0;0;0;6;0;0;0.0;0;11.1;0.6;2.02;Dropout;508;E;data latih;Menghilang dari kelas
MHS4142;1;7;1;9070;1;3;133.1;1;3;5;2;2;120.0;1;0;0;1;0;0;32;0;0;3;3;2;16.0;0;0;3;3;1;16.0;0;7.6;2.6;0.32;Dropout;612;C;data latih;Tidak dipanggil
MHS4143;1;43;1;8014;0;12;114.0;1;34;34;0;99;110.0;0;0;0;1;0;0;29;0;0;6;10;6;11.666666666666666;0;0;6;7;6;11.0;0;7.6;2.6;0.32;Graduate;624;C;data uji;Tidak dipanggil
MHS4144;1;39;1;9556;1;1;130.0;1;19;38;9;8;113.3;0;0;0;1;0;0;24;0;0;7;15;5;12.4;0;0;8;14;7;12.15;0;12.4;0.5;1.79;Enrolled;627;C;mahasiswa aktif;Tidak dipanggil
MHS4145;1;43;1;9556;1;1;128.0;1;38;38;7;8;123.5;1;0;0;1;0;0;22;0;0;7;14;6;10.744444444444444;1;0;8;10;8;11.8375;0;12.7;3.7;-1.7;Enrolled;645;C;mahasiswa aktif;Tidak dipanggil
MHS4146;1;1;1;9238;1;1;133.1;1;19;1;1;3;101.0;0;0;0;1;0;0;21;0;0;6;0;0;0.0;0;0;6;0;0;0.0;0;15.5;2.8;-4.06;Dropout;568;D;data latih;Menghilang dari kelas
MHS4147;2;39;1;9500;1;19;133.1;1;37;38;9;10;120.9;1;0;0;1;0;0;39;0;0;7;12;4;12.0;0;0;7;13;4;12.5625;0;11.1;0.6;2.02;Dropout;596;D;data uji;Berjuang secara akademik
MHS4148;4;39;1;9085;1;1;140.0;1;37;37;9;9;154.6;0;0;0;0;0;1;44;0;0;6;12;4;12.75;0;0;6;15;2;10.0;0;8.9;1.4;3.51;Enrolled;521;E;mahasiswa aktif;Berjuang secara akademik
MHS4149;1;1;1;9147;1;1;117.0;1;37;37;9;9;120.2;1;0;0;1;0;0;20;0;0;5;9;2;10.0;0;0;5;10;2;11.0;0;7.6;2.6;0.32;Enrolled;575;D;mahasiswa aktif;Berjuang secara akademik
MHS4150;1;43;3;9500;1;1;139.0;1;38;37;9;8;146.5;0;0;0;1;0;0;21;0;11;14;26;12;13.417391304347827;1;11;14;26;12;13.417391304347827;1;7.6;2.6;0.32;Graduate;682;B;data latih;Tidak dipanggil
MHS4151;1;1;1;9773;1;1;159.0;1;34;26;0;6;160.1;1;0;0;1;0;0;18;0;0;6;6;6;15.166666666666666;0;0;6;7;6;14.857142857142858;0;7.6;2.6;0.32;Graduate;701;A;data latih;Tidak dipanggil
MHS4152;1;39;1;9003;1;1;140.0;1;37;37;5;5;150.0;0;0;1;1;0;0;34;0;0;6;10;5;13.833333333333334;0;0;6;13;5;12.5;0;16.2;0.3;-0.92;Graduate;569;D;data latih;Berjuang secara akademik
MHS4153;1;1;3;9085;1;1;140.0;1;10;19;90;90;135.8;1;0;0;1;0;0;18;0;0;5;6;5;13.333333333333334;0;0;5;7;4;14.8;0;7.6;2.6;0.32;Graduate;646;C;data latih;Tidak dipanggil
MHS4154;1;1;1;171;1;1;135.0;1;19;4;9;2;143.8;1;0;1;1;0;0;19;0;0;0;0;0;0.0;0;0;0;0;0;0.0;0;12.7;3.7;-1.7;Enrolled;534;E;mahasiswa aktif;Menghilang dari kelas
MHS4155;1;1;1;9853;1;1;121.0;1;37;19;6;7;116.8;1;0;0;1;0;0;18;0;0;6;11;3;11.666666666666666;0;0;6;11;3;10.666666666666666;0;9.4;-0.8;-3.12;Dropout;590;D;data latih;Berjuang secara akademik
MHS4156;1;1;5;9085;1;1;124.0;1;3;19;2;3;113.9;1;0;0;1;0;0;19;0;0;6;12;5;15.0;0;0;6;9;6;13.428571428571429;0;16.2;0.3;-0.92;Graduate;678;B;data latih;Tidak dipanggil
MHS4157;1;1;3;9500;1;1;131.0;1;37;37;9;9;118.0;1;0;0;1;0;1;18;0;0;8;8;7;13.242857142857144;0;0;8;8;7;13.242857142857144;0;12.7;3.7;-1.7;Enrolled;728;A;mahasiswa aktif;Tidak dipanggil
MHS4158;1;1;5;9130;1;1;160.0;1;3;1;2;9;150.2;1;0;0;1;0;0;19;0;0;5;13;1;13.0;0;0;5;7;2;12.5;0;12.7;3.7;-1.7;Dropout;605;C;data latih;Tidak dipanggil
MHS4159;1;1;2;9500;1;1;120.0;1;3;37;4;7;115.1;1;0;0;1;0;1;19;0;0;7;8;6;13.075;0;0;8;10;7;12.05;0;12.4;0.5;1.79;Graduate;721;A;data uji;Tidak dipanggil
MHS4160;1;1;1;9670;1;1;140.0;1;19;19;5;9;131.3;1;0;0;1;0;1;18;0;0;6;6;6;13.5;0;0;6;9;6;13.666666666666666;0;10.8;1.4;1.74;Graduate;720;A;data latih;Tidak dipanggil
MHS4161;1;44;1;9991;0;39;120.0;1;37;37;7;7;120.0;1;0;0;1;0;1;23;0;2;6;8;5;11.8;0;2;6;8;6;12.333333333333334;0;9.4;-0.8;-3.12;Graduate;662;B;data latih;Tidak dipanggil
MHS4162;1;17;2;9254;1;1;118.0;22;19;37;9;9;110.3;1;0;0;0;0;0;18;1;0;6;7;5;12.6;0;0;6;6;5;11.8;0;11.1;0.6;2.02;Enrolled;519;E;mahasiswa aktif;Terhalang biaya
MHS4163;4;43;1;9853;1;1;133.1;100;19;22;90;90;100.0;0;0;0;1;0;0;33;1;0;6;6;6;12.166666666666666;0;0;6;9;3;11.0;0;7.6;2.6;0.32;Dropout;585;D;data latih;Berjuang secara akademik
MHS4164;1;17;2;9238;1;1;111.0;1;19;38;9;9;110.7;1;0;0;1;0;0;19;0;0;6;9;6;12.166666666666666;0;0;6;9;6;11.0;0;8.9;1.4;3.51;Graduate;656;C;data latih;Tidak dipanggil
MHS4165;1;43;3;171;1;1;140.0;1;37;38;7;7;143.4;1;0;0;1;0;0;21;0;0;0;0;0;0.0;0;0;0;0;0;0.0;0;9.4;-0.8;-3.12;Dropout;545;E;data latih;Menghilang dari kelas
MHS4166;1;1;6;9500;1;1;125.0;1;19;19;9;9;115.9;0;0;0;1;0;0;18;0;0;7;7;7;13.557142857142855;0;0;8;9;8;13.2;0;12.4;0.5;1.79;Graduate;699;A;data latih;Tidak dipanggil
MHS4167;1;18;1;9991;0;1;133.1;1;38;38;5;5;145.0;0;0;0;1;0;1;21;0;0;5;6;4;12.25;0;0;5;8;4;11.8;0;10.8;1.4;1.74;Enrolled;613;C;mahasiswa aktif;Tidak dipanggil
MHS4168;1;17;2;9070;1;1;136.0;1;19;38;4;7;140.9;1;0;0;1;0;0;19;0;0;6;6;6;14.333333333333334;0;0;6;6;6;13.5;0;9.4;-0.8;-3.12;Graduate;689;B;data latih;Tidak dipanggil
MHS4169;1;1;2;9773;1;1;115.0;1;34;38;0;5;108.4;1;0;0;1;0;0;20;0;0;6;10;4;10.5;0;0;6;8;4;11.75;0;7.6;2.6;0.32;Graduate;595;D;data latih;Berjuang secara akademik
MHS4170;1;1;1;9773;1;1;116.0;1;37;37;0;5;114.3;1;0;0;1;0;0;20;0;0;4;8;0;0.0;0;0;4;8;0;0.0;0;7.6;2.6;0.32;Dropout;562;D;data latih;Berjuang secara akademik
MHS4171;1;18;5;9853;1;1;110.0;1;19;37;7;7;110.0;1;0;0;1;0;0;20;0;0;6;10;4;12.75;0;0;6;14;3;11.333333333333334;0;10.8;1.4;1.74;Enrolled;584;D;mahasiswa aktif;Berjuang secara akademik
MHS4172;1;1;1;9238;1;1;135.0;1;38;38;4;7;121.7;1;0;0;1;0;1;18;0;0;6;14;0;0.0;0;0;6;9;4;11.0;0;7.6;2.6;0.32;Enrolled;601;C;mahasiswa aktif;Tidak dipanggil
MHS4173;1;43;2;9147;1;1;131.0;1;19;37;5;9;123.7;1;0;0;1;0;0;18;0;0;5;10;1;14.0;0;0;5;10;1;14.0;0;7.6;2.6;0.32;Enrolled;612;C;mahasiswa aktif;Tidak dipanggil
MHS4174;1;1;2;9500;1;1;124.0;1;37;37;7;7;116.5;1;0;0;1;0;1;20;0;0;7;9;7;14.093333333333332;0;0;8;8;8;15.0;0;11.1;0.6;2.02;Graduate;731;A;data latih;Tidak dipanggil
MHS4175;1;1;1;9238;1;1;163.0;1;37;37;5;6;155.0;0;0;0;1;0;1;21;0;0;6;6;6;13.333333333333334;0;0;6;8;6;13.166666666666666;0;9.4;-0.8;-3.12;Graduate;725;A;data latih;Tidak dipanggil
MHS4176;1;43;1;9500;1;1;137.0;1;38;19;9;5;129.3;1;0;0;1;0;0;19;0;0;8;12;7;12.071428571428571;0;0;8;12;7;12.071428571428571;0;12.7;3.7;-1.7;Graduate;676;B;data latih;Tidak dipanggil
MHS4177;1;1;3;9254;1;1;128.0;1;19;1;7;9;121.7;1;0;0;1;0;1;18;0;0;6;6;6;12.666666666666666;0;0;6;6;6;12.5;0;12.4;0.5;1.79;Graduate;712;A;data latih;Tidak dipanggil
MHS4178;1;39;1;9085;1;1;133.1;1;37;37;9;9;148.2;1;0;1;1;0;0;27;0;0;6;11;6;12.125;0;0;6;16;5;12.0;0;12.4;0.5;1.79;Enrolled;588;D;mahasiswa aktif;Berjuang secara akademik
MHS4179;1;1;2;9500;1;1;133.1;1;19;38;7;9;125.5;1;0;0;1;0;1;21;0;0;7;9;7;13.2;0;0;8;9;7;13.2575;0;15.5;2.8;-4.06;Graduate;724;A;data latih;Tidak dipanggil
MHS4180;1;17;4;9500;1;1;148.0;1;3;19;4;7;131.9;1;0;0;1;0;1;18;0;0;7;8;7;14.15;0;0;8;8;8;14.51125;0;15.5;2.8;-4.06;Graduate;728;A;data latih;Tidak dipanggil
MHS4181;1;17;1;9853;1;1;127.0;1;38;37;5;7;121.8;1;0;1;1;0;0;18;0;0;6;12;4;13.5;0;0;6;14;3;10.666666666666666;0;10.8;1.4;1.74;Enrolled;567;D;mahasiswa aktif;Berjuang secara akademik
MHS4182;1;43;1;9853;1;1;110.0;1;37;37;9;9;107.7;0;0;1;0;0;0;28;0;0;6;0;0;0.0;0;0;5;10;0;0.0;0;10.8;1.4;1.74;Dropout;428;E;data latih;Terhalang biaya
MHS4183;1;39;1;9556;1;1;133.1;1;44;40;2;2;115.5;0;0;0;1;0;0;36;0;0;7;13;5;12.2;0;0;7;14;3;11.4;0;11.1;0.6;2.02;Dropout;563;D;data uji;Berjuang secara akademik
MHS4184;1;1;1;9085;1;1;145.0;1;38;38;9;10;139.8;1;0;0;1;0;0;20;0;0;5;6;5;14.8;1;0;5;6;5;14.0;0;12.7;3.7;-1.7;Graduate;644;C;data latih;Tidak dipanggil
MHS4185;1;1;1;9238;1;1;136.0;1;38;38;0;7;133.2;1;0;0;1;0;0;19;0;0;6;8;5;11.0;0;0;6;13;5;11.4;0;7.6;2.6;0.32;Graduate;603;C;data latih;Tidak dipanggil
MHS4186;1;1;1;9991;0;1;131.0;1;19;37;9;9;118.4;1;0;0;1;0;0;20;0;0;5;10;0;0.0;0;0;5;10;0;0.0;3;7.6;2.6;0.32;Enrolled;553;D;mahasiswa aktif;Berjuang secara akademik
MHS4187;1;17;2;9085;1;1;138.0;1;37;37;9;7;123.3;1;0;0;1;0;0;19;0;0;5;15;3;14.0;3;0;5;10;4;11.75;1;9.4;-0.8;-3.12;Enrolled;602;C;mahasiswa aktif;Tidak dipanggil
MHS4188;2;39;1;8014;0;1;150.0;1;37;38;3;7;134.5;0;0;0;1;0;0;28;0;0;6;8;5;11.833333333333334;0;0;6;6;6;13.0;0;16.2;0.3;-0.92;Graduate;633;C;data latih;Tidak dipanggil
MHS4189;1;1;1;9670;1;1;112.0;1;37;1;7;0;110.6;0;0;0;1;0;0;20;0;0;5;7;4;11.75;0;0;5;7;5;11.8;1;7.6;2.6;0.32;Graduate;592;D;data latih;Berjuang secara akademik
MHS4190;1;42;1;9254;1;1;154.0;1;38;37;1;1;154.0;1;0;0;1;0;0;28;0;8;14;22;12;12.333333333333334;0;3;12;20;8;12.0;0;9.4;-0.8;-3.12;Graduate;659;B;data latih;Tidak dipanggil
MHS4191;1;43;1;9991;0;39;160.0;1;37;37;9;9;160.0;0;0;0;1;0;0;24;0;3;10;16;3;11.666666666666666;0;3;10;24;6;11.833333333333334;0;9.4;-0.8;-3.12;Dropout;628;C;data latih;Tidak dipanggil
MHS4192;1;44;1;9085;1;39;140.0;1;1;39;3;9;140.0;1;0;0;1;0;0;20;0;1;6;9;6;12.666666666666666;0;1;6;10;4;11.5;0;13.9;-0.3;0.79;Enrolled;610;C;mahasiswa aktif;Tidak dipanggil
MHS4193;1;17;2;9853;1;1;150.0;1;37;37;5;6;132.5;1;0;0;1;0;0;22;0;0;6;9;4;12.25;0;0;6;8;5;11.6;0;10.8;1.4;1.74;Enrolled;577;D;mahasiswa aktif;Berjuang secara akademik
MHS4194;1;17;2;9254;1;1;141.0;1;1;4;4;4;127.7;0;0;0;1;0;1;18;0;0;6;7;6;11.285714285714286;0;0;6;9;4;13.5;0;16.2;0.3;-0.92;Graduate;666;B;data latih;Tidak dipanggil
MHS4195;1;1;5;9147;1;1;122.0;1;38;38;9;9;117.5;1;0;1;0;0;0;22;0;0;5;12;2;11.5;0;0;5;12;0;0.0;0;12.7;3.7;-1.7;Dropout;478;E;data uji;Terhalang biaya
MHS4196;1;1;5;9254;1;1;120.0;1;37;37;9;7;127.0;1;0;0;1;0;1;18;0;0;6;10;6;11.666666666666666;0;0;6;10;4;12.25;0;9.4;-0.8;-3.12;Graduate;668;B;data uji;Tidak dipanggil
MHS4197;1;1;1;9500;1;1;139.0;1;19;37;5;5;125.5;0;0;0;1;0;1;21;0;0;8;8;7;13.514285714285714;0;0;8;8;7;13.514285714285714;0;12.7;3.7;-1.7;Graduate;724;A;data latih;Tidak dipanggil
MHS4198;1;17;6;9773;1;1;138.0;1;1;1;4;2;140.5;1;0;0;1;0;0;19;0;0;6;7;6;13.0;0;0;6;9;6;13.714285714285714;0;7.6;2.6;0.32;Graduate;685;B;data latih;Tidak dipanggil
MHS4199;1;5;1;9853;1;1;119.0;1;1;38;5;8;118.3;1;0;0;1;0;0;22;0;0;6;11;3;15.0;0;0;6;11;4;10.25;0;9.4;-0.8;-3.12;Enrolled;580;D;mahasiswa aktif;Berjuang secara akademik
MHS4200;1;1;1;9500;1;1;129.0;1;38;38;5;5;120.8;1;0;0;1;0;1;20;0;0;8;8;7;12.744285714285716;0;0;8;8;7;12.744285714285716;0;10.8;1.4;1.74;Graduate;716;A;data latih;Tidak dipanggil
MHS4201;1;1;1;9147;1;1;133.1;1;37;37;191;154;95.0;0;0;0;1;0;0;20;0;0;5;10;4;11.75;0;0;5;8;5;11.8;0;11.1;0.6;2.02;Graduate;590;D;data latih;Berjuang secara akademik
MHS4202;1;17;1;8014;0;1;125.0;1;37;37;5;6;122.2;1;0;1;1;0;0;19;0;0;6;6;6;12.166666666666666;0;0;6;7;6;11.666666666666666;0;10.8;1.4;1.74;Graduate;624;C;data latih;Tidak dipanggil
MHS4203;1;17;1;171;1;1;125.0;1;1;1;7;3;143.9;1;0;0;1;0;0;20;0;0;0;0;0;0.0;0;0;0;0;0;0.0;0;15.5;2.8;-4.06;Enrolled;551;D;mahasiswa aktif;Menghilang dari kelas
MHS4204;1;1;2;9070;1;1;137.0;1;19;38;9;9;127.2;1;0;0;1;0;1;20;0;1;6;9;5;13.4;1;0;6;9;6;12.375;0;13.9;-0.3;0.79;Graduate;700;A;data uji;Tidak dipanggil
MHS4205;1;1;1;9238;1;1;123.0;1;34;38;0;7;120.2;1;0;0;1;0;0;20;0;0;6;9;5;11.8;0;0;6;10;4;11.5;0;7.6;2.6;0.32;Dropout;601;C;data latih;Tidak dipanggil
MHS4206;1;1;3;9500;1;1;154.0;1;1;37;4;9;134.8;1;0;0;1;0;0;19;0;0;7;7;6;13.533333333333331;0;0;7;7;6;13.533333333333331;0;7.6;2.6;0.32;Graduate;699;A;data latih;Tidak dipanggil
MHS4207;1;1;1;9254;1;1;144.0;1;19;19;9;9;142.6;1;0;0;1;0;1;18;0;0;6;7;6;14.166666666666666;0;0;6;10;4;14.0;0;15.5;2.8;-4.06;Graduate;690;B;data latih;Tidak dipanggil
MHS4208;1;1;1;9500;1;1;153.0;1;38;37;7;8;147.9;0;0;0;1;0;1;18;0;0;7;7;7;14.652857142857142;0;0;8;9;8;14.755555555555556;0;12.4;0.5;1.79;Graduate;735;A;data latih;Tidak dipanggil
MHS4209;1;1;1;171;1;1;152.0;1;1;38;4;9;160.4;1;0;0;0;0;0;19;0;0;0;0;0;0.0;0;0;0;0;0;0.0;0;7.6;2.6;0.32;Dropout;483;E;data latih;Menghilang dari kelas
MHS4210;1;1;1;9147;1;1;150.0;103;37;37;9;9;134.6;0;0;0;1;1;0;20;1;0;5;5;5;13.6;0;0;5;7;5;13.0;0;9.4;-0.8;-3.12;Graduate;632;C;data latih;Tidak dipanggil
MHS4211;1;1;1;9254;1;1;129.0;1;19;1;3;7;121.0;0;0;0;1;0;1;22;0;0;6;9;6;12.833333333333334;0;0;6;6;4;13.25;0;16.2;0.3;-0.92;Graduate;670;B;data latih;Tidak dipanggil
MHS4212;1;1;1;9238;1;1;150.0;1;19;37;5;4;142.7;1;0;0;1;0;1;18;0;0;6;6;6;14.666666666666666;0;0;6;6;6;15.166666666666666;0;9.4;-0.8;-3.12;Graduate;736;A;data latih;Tidak dipanggil
MHS4213;1;17;2;9773;1;1;125.0;1;1;1;4;8;115.6;1;0;0;1;0;0;19;0;0;6;6;6;13.333333333333334;0;0;6;6;6;14.666666666666666;0;12.4;0.5;1.79;Graduate;690;B;data latih;Tidak dipanggil
MHS4214;1;1;1;9238;1;1;133.1;1;19;37;9;9;130.0;0;0;0;0;0;1;20;0;0;6;10;5;13.4;0;0;6;9;5;11.4;0;10.8;1.4;1.74;Graduate;563;D;data latih;Berjuang secara akademik
MHS4215;1;1;2;9500;1;1;140.0;1;38;37;5;6;124.3;1;0;0;1;0;1;19;0;0;7;9;7;13.3125;0;0;8;8;8;15.6375;0;13.9;-0.3;0.79;Graduate;731;A;data latih;Tidak dipanggil
MHS4216;1;1;1;171;1;1;140.0;1;19;37;5;6;137.9;1;0;1;0;0;0;18;0;0;0;0;0;0.0;0;0;0;0;0;0.0;0;8.9;1.4;3.51;Dropout;459;E;data uji;Menghilang dari kelas
MHS4217;1;1;6;9773;1;1;133.1;1;1;37;3;3;100.0;1;0;1;0;0;0;20;0;0;4;4;0;0.0;0;0;5;5;0;0.0;0;12.4;0.5;1.79;Dropout;459;E;data latih;Terhalang biaya
MHS4218;1;1;2;9773;1;1;132.0;1;1;2;9;3;128.2;1;0;0;1;0;1;19;0;0;6;7;6;12.333333333333334;0;0;6;6;6;13.5;0;9.4;-0.8;-3.12;Graduate;718;A;data latih;Tidak dipanggil
MHS4219;1;17;3;9773;1;1;135.0;1;1;19;5;7;135.0;0;0;0;1;0;0;18;0;0;6;6;6;13.5;0;0;6;6;6;13.333333333333334;0;12.4;0.5;1.79;Enrolled;687;B;mahasiswa aktif;Tidak dipanggil
MHS4220;1;16;4;9238;1;1;135.0;1;37;37;9;9;121.0;1;0;0;1;0;0;18;0;0;6;8;5;13.0;0;0;6;7;6;11.833333333333334;0;10.8;1.4;1.74;Graduate;670;B;data latih;Tidak dipanggil
MHS4221;1;1;1;9670;1;1;133.1;1;34;38;0;4;147.0;0;0;0;1;0;0;22;0;0;5;6;2;12.5;0;0;5;5;0;0.0;0;9.4;-0.8;-3.12;Dropout;590;D;data uji;Berjuang secara akademik
MHS4222;1;1;1;9238;1;1;168.0;1;37;37;9;9;149.5;0;0;0;1;0;0;18;0;0;6;10;6;17.0;0;0;6;11;6;16.0;0;12.4;0.5;1.79;Graduate;707;A;data uji;Tidak dipanggil
MHS4223;1;1;1;9238;1;1;143.0;1;19;1;9;9;144.4;1;0;0;1;0;0;20;0;0;6;7;6;13.5;0;0;6;6;6;13.0;0;10.8;1.4;1.74;Graduate;696;A;data uji;Tidak dipanggil
MHS4224;1;17;2;9254;1;1;116.0;1;19;38;5;5;116.0;1;0;0;1;0;0;19;0;0;6;7;6;12.714285714285714;0;0;6;6;6;11.833333333333334;0;8.9;1.4;3.51;Graduate;674;B;data latih;Tidak dipanggil
MHS4225;1;43;1;9500;1;1;134.0;1;38;19;5;8;120.7;0;0;0;1;0;1;19;0;0;7;9;6;13.0;0;0;8;11;8;13.927272727272726;0;16.2;0.3;-0.92;Graduate;718;A;data latih;Tidak dipanggil
MHS4226;1;44;1;9238;1;39;140.0;1;38;19;5;0;141.8;0;0;0;1;0;0;21;0;3;6;7;6;12.571428571428571;0;2;6;6;6;13.5;0;12.4;0.5;1.79;Graduate;685;B;data latih;Tidak dipanggil
MHS4227;1;17;2;8014;0;1;133.0;1;19;1;5;5;119.7;1;0;0;1;0;1;19;0;0;6;10;4;11.5;0;0;6;11;6;11.5;0;9.4;-0.8;-3.12;Dropout;656;C;data latih;Tidak dipanggil
MHS4228;1;1;6;9238;1;1;125.0;1;38;1;7;4;118.4;1;0;0;1;0;1;19;0;0;6;6;6;13.5;0;0;6;7;6;13.285714285714286;0;11.1;0.6;2.02;Graduate;727;A;data latih;Tidak dipanggil
MHS4229;2;39;1;8014;0;1;133.1;1;37;37;5;4;134.5;0;0;0;1;0;0;45;0;0;6;8;5;13.6;0;0;6;7;5;13.0;0;15.5;2.8;-4.06;Enrolled;604;C;mahasiswa aktif;Tidak dipanggil
MHS4230;2;39;1;9085;1;1;133.1;1;36;36;99;5;128.2;0;0;0;0;0;1;28;0;0;5;14;1;12.0;3;0;5;5;0;0.0;5;9.4;-0.8;-3.12;Dropout;498;E;data latih;Berjuang secara akademik
MHS4231;2;43;1;9500;1;1;137.0;1;3;3;2;2;115.0;0;0;0;1;0;0;28;0;0;7;8;7;14.95;0;0;8;8;8;14.7375;0;13.9;-0.3;0.79;Graduate;680;B;data latih;Tidak dipanggil
MHS4232;1;39;1;9991;0;1;140.0;1;38;19;9;5;130.0;0;0;1;1;0;0;25;0;0;5;10;4;11.25;0;0;5;9;4;12.0;0;12.7;3.7;-1.7;Enrolled;556;D;mahasiswa aktif;Berjuang secara akademik
MHS4233;1;43;1;9670;1;1;134.0;1;1;38;4;4;120.7;0;0;1;0;0;0;19;0;0;6;13;3;10.666666666666666;0;0;6;6;4;12.25;0;15.5;2.8;-4.06;Dropout;505;E;data latih;Terhalang biaya
MHS4234;1;1;5;9500;1;1;139.0;1;38;38;9;5;130.5;1;0;0;1;0;0;19;0;0;8;8;7;14.992857142857142;0;0;8;8;7;14.992857142857142;0;10.8;1.4;1.74;Graduate;704;A;data uji;Tidak dipanggil
MHS4235;1;1;2;9147;1;1;113.0;1;38;38;9;5;107.4;1;0;0;1;1;0;20;0;0;5;12;3;10.5;0;0;5;10;4;11.25;0;12.4;0.5;1.79;Enrolled;590;D;mahasiswa aktif;Berjuang secara akademik
MHS4236;1;1;3;9238;1;1;133.1;1;1;1;9;9;100.0;1;0;0;1;1;0;22;0;0;6;6;4;11.25;0;0;6;7;3;11.0;0;8.9;1.4;3.51;Enrolled;592;D;mahasiswa aktif;Berjuang secara akademik
MHS4237;1;43;1;9773;1;1;132.0;1;38;19;9;9;125.0;1;0;0;1;1;1;20;0;0;6;6;6;12.333333333333334;0;0;6;7;6;14.0;0;12.4;0.5;1.79;Graduate;708;A;data latih;Tidak dipanggil
MHS4238;1;1;4;9500;1;1;127.0;1;19;37;7;7;121.5;1;0;0;1;1;0;20;0;0;7;7;6;13.016666666666666;0;0;7;7;6;13.016666666666666;0;7.6;2.6;0.32;Enrolled;697;A;mahasiswa aktif;Tidak dipanggil
MHS4239;1;1;1;9085;1;1;123.0;1;38;19;4;90;127.2;0;0;1;0;1;0;20;0;0;5;7;3;11.333333333333334;0;0;5;8;2;11.5;0;7.6;2.6;0.32;Dropout;492;E;data latih;Terhalang biaya
MHS4240;1;39;1;9085;1;40;130.0;1;3;2;3;2;160.0;1;0;0;1;0;0;27;0;0;6;7;6;16.142857142857142;0;0;6;7;6;14.666666666666666;0;13.9;-0.3;0.79;Graduate;666;B;data latih;Tidak dipanggil
MHS4241;1;51;1;9085;1;1;125.0;1;1;1;9;4;120.0;0;0;0;1;0;0;22;0;0;6;8;6;14.833333333333334;0;0;6;10;5;13.833333333333334;0;11.1;0.6;2.02;Graduate;642;C;data uji;Tidak dipanggil
MHS4242;1;1;3;9500;1;1;140.0;1;37;37;9;9;141.5;1;0;1;0;0;0;19;0;0;8;8;7;13.327142857142857;0;0;8;8;7;13.327142857142857;0;10.8;1.4;1.74;Dropout;594;D;data latih;Terhalang biaya
MHS4243;1;17;1;9238;1;1;111.0;1;19;38;3;3;111.4;1;0;0;0;0;0;19;0;0;6;13;4;11.0;0;0;6;13;2;11.5;0;12.7;3.7;-1.7;Dropout;519;E;data latih;Terhalang biaya
MHS4244;1;1;1;9070;1;1;132.0;1;4;39;2;2;136.6;1;0;0;1;0;0;18;0;1;6;10;6;11.714285714285714;1;0;6;15;6;10.375;0;13.9;-0.3;0.79;Enrolled;654;C;mahasiswa aktif;Tidak dipanggil
MHS4245;1;1;1;171;1;1;150.0;1;3;3;2;5;154.6;1;0;0;1;0;0;19;0;6;12;13;12;12.333333333333334;0;4;11;12;10;12.727272727272728;0;8.9;1.4;3.51;Dropout;678;B;data uji;Tidak dipanggil
MHS4246;1;18;4;9853;1;1;118.0;1;19;37;9;6;111.4;1;0;1;0;0;0;20;0;0;7;9;0;0.0;0;0;6;6;0;0.0;0;11.1;0.6;2.02;Dropout;441;E;data latih;Terhalang biaya
MHS4247;2;43;1;9991;0;1;150.0;1;38;19;3;3;120.1;0;0;0;0;0;0;39;0;11;15;15;12;11.916666666666666;0;8;13;14;8;11.25;0;10.8;1.4;1.74;Dropout;536;E;data latih;Terhalang biaya
MHS4248;2;39;2;8014;0;19;100.0;1;37;37;4;7;100.0;0;0;1;1;0;0;37;0;0;6;9;6;11.833333333333334;0;0;6;7;6;11.0;0;7.6;2.6;0.32;Graduate;589;D;data latih;Berjuang secara akademik
MHS4249;2;39;1;9500;1;3;130.0;1;1;1;4;6;140.0;0;0;1;0;0;0;30;0;3;7;11;3;12.333333333333334;0;3;7;9;3;11.666666666666666;0;13.9;-0.3;0.79;Dropout;473;E;data latih;Terhalang biaya
MHS4250;2;43;1;9991;0;3;130.0;1;37;37;9;9;130.0;0;0;0;1;0;0;41;0;5;10;11;10;14.3;0;5;10;10;10;14.2;0;12.7;3.7;-1.7;Graduate;662;B;data latih;Tidak dipanggil
MHS4251;4;39;1;9500;1;19;133.1;1;37;37;5;7;100.0;0;0;0;0;0;0;40;0;0;8;11;5;11.832;4;0;8;11;5;11.832;4;9.4;-0.8;-3.12;Dropout;519;E;data latih;Terhalang biaya
MHS4252;1;1;1;9147;1;1;112.0;1;9;22;4;3;106.1;0;0;0;1;0;0;20;0;0;5;13;2;10.0;1;0;5;10;0;0.0;0;9.4;-0.8;-3.12;Dropout;575;D;data latih;Berjuang secara akademik
MHS4253;2;1;1;9991;0;1;144.0;1;19;19;9;9;151.4;0;0;0;1;0;0;28;0;0;5;5;5;12.0;0;0;5;6;5;11.6;0;7.6;2.6;0.32;Graduate;577;D;data latih;Berjuang secara akademik
MHS4254;1;18;2;9853;1;1;120.0;1;19;37;9;4;113.7;1;0;1;0;0;0;19;0;0;7;11;5;12.2;0;0;7;13;0;0.0;0;12.4;0.5;1.79;Dropout;483;E;data uji;Terhalang biaya
MHS4255;1;1;1;9670;1;1;121.0;1;37;37;5;9;116.5;1;0;0;1;0;0;23;0;0;5;7;3;11.333333333333334;0;0;5;5;4;11.25;0;7.6;2.6;0.32;Dropout;583;D;data latih;Berjuang secara akademik
MHS4256;1;7;1;8014;0;4;120.0;1;2;3;2;2;120.0;0;0;0;1;0;0;18;0;10;16;24;13;13.846153846153848;0;7;11;15;9;12.555555555555555;0;15.5;2.8;-4.06;Dropout;666;B;data latih;Tidak dipanggil
MHS4257;1;39;1;9500;1;1;100.0;1;1;19;4;8;122.0;0;0;0;1;0;0;24;0;0;8;8;7;12.412857142857144;0;0;8;8;7;12.412857142857144;0;10.8;1.4;1.74;Graduate;656;C;data latih;Tidak dipanggil
MHS4258;1;17;5;9670;1;1;115.0;1;1;19;5;5;117.1;0;0;0;1;0;0;21;0;0;5;7;3;12.666666666666666;0;0;5;6;4;12.75;1;7.6;2.6;0.32;Enrolled;619;C;mahasiswa aktif;Tidak dipanggil
MHS4259;1;1;2;9500;1;1;123.0;1;19;19;7;7;120.8;1;0;0;1;0;0;19;0;0;8;11;7;12.545714285714286;0;0;8;11;7;12.545714285714286;0;10.8;1.4;1.74;Graduate;689;B;data latih;Tidak dipanggil
MHS4260;1;1;1;9773;1;1;134.0;1;37;19;9;10;141.4;1;0;0;1;0;0;19;0;0;6;12;3;13.0;0;0;6;13;2;14.0;0;9.4;-0.8;-3.12;Dropout;644;C;data latih;Tidak dipanggil
MHS4261;1;39;1;9003;1;1;123.0;1;37;37;9;9;110.0;0;0;1;0;0;0;48;0;0;6;6;0;0.0;0;0;6;6;0;0.0;0;11.1;0.6;2.02;Dropout;420;E;data latih;Terhalang biaya
MHS4262;2;43;1;9991;0;2;120.0;1;37;37;9;9;120.0;0;0;0;0;0;0;38;0;9;12;12;9;12.22222222222222;2;9;12;12;9;13.0;0;9.4;-0.8;-3.12;Dropout;575;D;data latih;Terhalang biaya
MHS4263;1;17;1;9147;1;1;131.0;1;1;37;3;7;120.2;0;0;0;1;0;0;19;0;0;5;10;5;13.285714285714286;0;0;5;8;5;13.0;0;12.7;3.7;-1.7;Graduate;627;C;data latih;Tidak dipanggil
MHS4264;2;39;1;9991;0;12;133.1;1;37;1;9;4;138.4;0;0;0;1;1;0;30;0;0;5;7;3;11.666666666666666;0;0;5;8;1;11.0;0;7.6;2.6;0.32;Dropout;553;D;data latih;Berjuang secara akademik
MHS4265;1;44;1;9003;1;39;150.0;1;37;19;9;9;150.0;0;0;0;1;1;1;24;0;0;6;9;6;13.555555555555555;0;0;6;7;6;12.666666666666666;0;13.9;-0.3;0.79;Graduate;691;B;data latih;Tidak dipanggil
MHS4266;1;17;5;9773;1;1;134.0;1;1;19;9;5;121.8;1;0;0;1;1;0;19;0;0;6;6;6;13.166666666666666;0;0;6;8;6;12.428571428571429;0;16.2;0.3;-0.92;Graduate;680;B;data latih;Tidak dipanggil
MHS4267;1;44;1;171;1;39;140.0;1;1;1;9;9;140.0;0;0;0;1;1;0;21;0;0;0;0;0;0.0;0;0;0;0;0;0.0;0;15.5;2.8;-4.06;Enrolled;550;D;mahasiswa aktif;Menghilang dari kelas
MHS4268;1;1;1;9254;1;1;117.0;1;1;1;5;5;116.3;1;0;0;1;1;1;21;0;0;6;6;6;11.666666666666666;0;0;6;7;5;12.2;0;10.8;1.4;1.74;Graduate;664;B;data latih;Tidak dipanggil
MHS4269;1;1;2;9991;0;1;143.0;1;5;1;4;4;131.5;0;0;0;1;1;0;19;0;0;5;11;4;11.0;0;0;5;8;4;12.25;0;15.5;2.8;-4.06;Dropout;615;C;data latih;Tidak dipanggil
MHS4270;1;17;2;9070;1;1;142.0;1;3;1;2;4;141.0;1;0;0;1;1;0;18;0;0;6;6;6;13.0;0;0;6;8;1;10.0;0;10.8;1.4;1.74;Enrolled;620;C;mahasiswa aktif;Tidak dipanggil
MHS4271;1;17;1;9070;1;1;132.0;1;37;38;9;7;138.0;0;0;0;1;1;1;18;0;0;6;6;6;13.666666666666666;0;0;6;6;6;12.0;0;12.4;0.5;1.79;Graduate;713;A;data latih;Tidak dipanggil
MHS4272;1;17;4;9119;1;1;138.0;1;1;3;1;4;127.5;1;0;0;1;1;0;19;0;0;5;6;5;14.6;0;0;5;5;5;15.2;0;8.9;1.4;3.51;Dropout;618;C;data latih;Tidak dipanggil
MHS4273;1;1;1;9500;1;1;131.0;1;1;19;9;9;127.0;0;0;0;1;1;1;19;0;0;8;8;7;12.514285714285714;0;0;8;8;7;12.514285714285714;0;12.7;3.7;-1.7;Graduate;718;A;data latih;Tidak dipanggil
MHS4274;1;17;2;9085;1;1;123.0;1;3;19;2;9;118.9;0;0;0;1;1;0;18;0;0;5;5;3;14.0;0;0;5;7;3;12.666666666666666;0;7.6;2.6;0.32;Enrolled;631;C;mahasiswa aktif;Tidak dipanggil
MHS4275;1;1;1;9254;1;1;131.0;1;37;19;9;9;134.5;1;0;0;1;1;0;25;0;0;6;8;6;13.166666666666666;0;0;6;8;5;12.6;0;7.6;2.6;0.32;Enrolled;636;C;mahasiswa aktif;Tidak dipanggil
MHS4276;1;17;1;9119;1;1;141.0;1;37;1;9;2;133.0;1;0;0;1;1;0;18;0;0;5;10;4;13.0;0;0;5;10;3;12.333333333333334;3;7.6;2.6;0.32;Enrolled;608;C;mahasiswa aktif;Tidak dipanggil
MHS4277;5;39;1;9147;1;1;133.1;1;1;19;4;7;114.0;0;0;0;0;1;0;29;0;0;5;5;1;13.0;0;0;5;5;0;0.0;0;8.9;1.4;3.51;Dropout;472;E;data uji;Terhalang biaya
MHS4278;1;17;1;9119;1;1;116.0;1;19;37;90;5;116.7;1;0;0;1;1;0;21;0;0;5;10;1;10.0;0;0;5;8;3;13.666666666666666;3;7.6;2.6;0.32;Dropout;566;D;data latih;Berjuang secara akademik
MHS4279;1;1;3;9773;1;1;123.0;1;1;1;4;7;125.1;1;0;1;1;1;1;18;0;0;6;6;6;14.333333333333334;0;0;6;6;6;15.333333333333334;0;11.1;0.6;2.02;Graduate;704;A;data latih;Tidak dipanggil
MHS4280;1;17;1;9254;1;1;133.0;1;19;1;9;9;137.2;0;0;0;1;1;1;20;0;0;6;6;0;0.0;0;0;6;12;0;0.0;0;10.8;1.4;1.74;Dropout;581;D;data latih;Berjuang secara akademik
MHS4281;1;39;1;9991;0;1;133.1;1;19;37;9;7;111.4;0;0;0;1;1;0;27;0;0;5;7;1;11.0;0;0;5;7;0;0.0;0;13.9;-0.3;0.79;Dropout;537;E;data latih;Berjuang secara akademik
MHS4282;1;1;1;9085;1;1;133.1;1;3;1;4;9;105.0;1;0;0;1;1;0;21;0;0;6;15;3;11.25;0;0;6;9;0;0.0;0;12.4;0.5;1.79;Enrolled;595;D;mahasiswa aktif;Berjuang secara akademik
MHS4283;1;18;2;9147;1;1;140.0;1;37;37;5;9;124.3;1;0;0;1;1;0;20;0;0;5;7;4;10.75;0;0;5;12;3;10.571428571428571;0;10.8;1.4;1.74;Dropout;581;D;data latih;Berjuang secara akademik
MHS4284;1;39;1;9147;1;19;100.0;1;38;19;7;9;132.0;0;0;1;0;1;0;28;0;0;5;7;1;11.0;0;0;5;9;0;0.0;0;10.8;1.4;1.74;Dropout;438;E;data uji;Terhalang biaya
MHS4285;1;39;2;9556;1;1;130.0;1;37;19;9;8;110.0;0;0;0;1;1;1;24;0;0;7;13;6;10.857142857142858;0;0;7;7;7;11.857142857142858;0;12.7;3.7;-1.7;Enrolled;665;B;mahasiswa aktif;Tidak dipanggil
MHS4286;1;1;5;9147;1;1;134.0;1;3;2;2;2;134.7;0;0;0;1;1;0;22;0;1;5;10;4;11.75;0;0;5;10;3;11.0;0;7.6;2.6;0.32;Enrolled;581;D;mahasiswa aktif;Berjuang secara akademik
MHS4287;1;1;1;9085;1;1;134.0;1;37;19;9;9;136.8;1;0;0;1;1;0;20;0;0;5;8;5;12.8;0;0;5;9;4;13.666666666666666;1;10.8;1.4;1.74;Graduate;634;C;data latih;Tidak dipanggil
MHS4288;1;44;1;9085;1;39;160.0;1;1;1;4;4;160.0;0;0;0;1;1;0;21;0;1;5;15;3;12.333333333333334;2;0;5;7;5;11.4;0;9.4;-0.8;-3.12;Graduate;594;D;data latih;Berjuang secara akademik
MHS4289;1;44;1;9003;1;39;130.0;1;1;3;9;2;130.0;1;0;1;0;1;0;23;0;0;6;12;2;11.333333333333334;0;0;6;8;2;13.0;0;13.9;-0.3;0.79;Dropout;501;E;data uji;Terhalang biaya
MHS4290;1;1;1;9238;1;1;141.0;1;19;1;7;3;128.8;1;0;0;1;1;0;18;0;0;6;10;5;11.6;0;0;6;6;6;11.166666666666666;0;10.8;1.4;1.74;Graduate;642;C;data latih;Tidak dipanggil
MHS4291;1;1;1;171;1;1;147.0;1;1;12;4;4;148.4;1;0;0;1;1;1;20;0;8;14;15;12;10.923076923076923;0;7;13;14;11;12.181818181818182;0;11.1;0.6;2.02;Graduate;698;A;data latih;Tidak dipanggil
MHS4292;1;1;1;171;1;1;137.0;1;1;38;4;5;130.4;1;0;0;1;1;0;19;0;0;0;0;0;0.0;0;0;0;0;0;0.0;0;15.5;2.8;-4.06;Graduate;560;D;data latih;Menghilang dari kelas
MHS4293;2;39;1;9500;1;3;130.0;1;1;1;4;6;126.0;0;0;0;1;1;0;32;0;0;7;7;7;13.62857142857143;0;0;8;8;8;13.9125;0;13.9;-0.3;0.79;Graduate;667;B;data latih;Tidak dipanggil
MHS4294;1;1;6;9254;1;1;119.0;1;19;19;9;9;118.7;1;0;0;1;1;0;20;0;0;6;16;3;10.333333333333334;0;0;6;16;1;11.0;0;10.8;1.4;1.74;Dropout;577;D;data latih;Berjuang secara akademik
MHS4295;1;39;1;9003;1;1;130.0;1;38;37;7;7;120.0;0;0;0;1;1;0;32;0;12;18;25;18;13.736842105263158;0;10;13;15;12;13.75;1;15.5;2.8;-4.06;Graduate;651;C;data uji;Tidak dipanggil
MHS4296;1;39;1;9003;1;1;130.0;1;38;19;9;6;120.0;1;0;0;1;1;0;28;0;7;13;19;8;11.625;0;5;10;17;6;11.0;0;15.5;2.8;-4.06;Enrolled;611;C;mahasiswa aktif;Tidak dipanggil
MHS4297;1;44;1;9070;1;39;120.0;1;1;38;5;5;116.3;1;1;0;1;1;1;21;0;2;7;7;4;11.5;0;5;9;10;7;12.142857142857142;0;12.4;0.5;1.79;Graduate;680;B;data latih;Tidak dipanggil
MHS4298;1;1;1;9773;1;1;130.0;1;38;37;9;6;133.9;0;0;0;1;1;1;19;0;0;6;8;5;14.0;0;0;6;8;6;13.0;0;10.8;1.4;1.74;Graduate;707;A;data latih;Tidak dipanggil
MHS4299;1;39;1;9991;0;39;150.0;1;19;19;9;9;150.3;0;0;0;1;1;0;24;0;0;5;7;3;11.333333333333334;0;0;5;6;0;0.0;0;10.8;1.4;1.74;Dropout;555;D;data latih;Berjuang secara akademik
MHS4300;1;17;1;9147;1;1;120.0;1;38;38;9;8;118.3;0;0;0;1;1;0;18;0;0;5;13;1;10.0;0;0;5;5;1;10.0;0;12.7;3.7;-1.7;Dropout;554;D;data latih;Berjuang secara akademik
MHS4301;1;44;1;9003;1;39;130.0;1;1;37;6;6;130.0;1;0;0;1;1;0;20;0;0;6;14;5;11.714285714285714;0;0;6;15;5;12.0;0;16.2;0.3;-0.92;Graduate;608;C;data latih;Tidak dipanggil
MHS4302;1;43;1;171;1;39;140.0;1;38;37;9;7;140.0;0;0;0;0;1;0;25;0;0;0;0;0;0.0;0;0;0;0;0;0.0;0;15.5;2.8;-4.06;Dropout;459;E;data latih;Menghilang dari kelas
MHS4303;1;17;6;9147;1;1;130.0;1;37;37;9;9;110.4;1;0;0;1;1;0;25;0;13;15;15;13;10.76923076923077;0;11;14;15;12;11.833333333333334;0;7.6;2.6;0.32;Dropout;652;C;data latih;Tidak dipanggil
MHS4304;1;17;4;9773;1;1;147.0;1;1;1;4;5;139.7;1;0;0;1;1;0;18;0;0;6;10;5;11.6;0;0;6;6;6;12.0;0;9.4;-0.8;-3.12;Dropout;656;C;data latih;Tidak dipanggil
MHS4305;1;1;1;9147;1;1;148.0;1;19;1;7;5;138.3;1;0;0;1;1;0;19;0;0;5;6;4;13.75;0;0;5;5;0;0.0;0;12.4;0.5;1.79;Dropout;604;C;data uji;Tidak dipanggil
MHS4306;1;1;5;9147;1;1;133.0;1;19;3;9;9;123.2;1;0;0;1;1;0;18;0;0;5;14;4;11.0;0;0;5;9;5;10.5;0;13.9;-0.3;0.79;Dropout;594;D;data latih;Berjuang secara akademik
MHS4307;1;42;1;9147;1;1;135.0;1;19;1;4;4;120.0;0;0;0;0;1;0;25;0;0;5;6;0;0.0;0;0;5;5;0;0.0;0;15.5;2.8;-4.06;Dropout;462;E;data latih;Terhalang biaya
MHS4308;1;39;1;171;1;1;116.0;1;34;34;0;0;127.0;1;0;0;1;1;0;38;0;0;0;0;0;0.0;0;0;0;0;0;0.0;0;7.6;2.6;0.32;Dropout;525;E;data latih;Menghilang dari kelas
MHS4309;1;44;1;171;1;39;110.0;1;1;1;1;7;114.2;0;0;0;1;1;0;19;0;0;0;0;0;0.0;0;0;0;0;0;0.0;0;12.4;0.5;1.79;Dropout;552;D;data latih;Menghilang dari kelas
MHS4310;1;1;4;9773;1;1;133.0;1;1;19;9;9;119.7;1;0;0;1;1;0;19;0;0;6;7;6;12.333333333333334;0;0;6;10;5;13.2;0;16.2;0.3;-0.92;Graduate;652;C;data latih;Tidak dipanggil
MHS4311;1;44;1;9085;1;39;150.0;1;38;37;9;4;150.0;1;0;0;1;1;1;22;0;0;6;9;6;13.428571428571429;0;1;6;12;6;13.625;0;12.4;0.5;1.79;Graduate;702;A;data latih;Tidak dipanggil
MHS4312;1;1;6;9119;1;1;135.0;1;2;1;3;5;123.5;1;0;0;1;1;0;18;0;0;5;10;0;0.0;0;0;5;10;1;10.0;3;7.6;2.6;0.32;Enrolled;545;E;mahasiswa aktif;Berjuang secara akademik
MHS4313;1;7;1;9991;0;3;130.0;1;19;19;3;9;130.0;0;0;0;0;1;0;32;0;0;5;12;4;14.75;0;0;5;9;2;15.0;0;16.2;0.3;-0.92;Dropout;524;E;data latih;Terhalang biaya
MHS4314;1;43;1;9853;1;1;130.0;1;2;39;2;5;124.6;0;0;0;1;1;0;37;0;19;21;21;21;12.476190476190476;0;13;19;19;19;12.210526315789474;0;12.4;0.5;1.79;Graduate;647;C;data latih;Tidak dipanggil
MHS4315;1;17;1;9119;1;1;132.0;1;37;37;9;6;119.4;1;0;0;1;1;0;21;0;0;5;8;0;0.0;0;0;5;5;0;0.0;0;7.6;2.6;0.32;Dropout;534;E;data latih;Menghilang dari kelas
MHS4316;1;1;1;9254;1;1;125.0;1;1;3;4;1;121.9;1;0;0;1;1;0;18;0;0;6;15;3;11.666666666666666;0;0;6;14;2;12.5;0;10.8;1.4;1.74;Dropout;623;C;data latih;Tidak dipanggil
MHS4317;1;1;3;9070;1;1;118.0;1;43;3;123;123;110.0;1;0;1;1;1;0;19;0;0;6;6;6;12.0;0;0;6;7;6;13.571428571428571;0;8.9;1.4;3.51;Graduate;658;B;data latih;Tidak dipanggil
MHS4318;1;17;1;9670;1;1;118.0;1;1;19;4;8;118.7;0;0;0;1;1;1;19;0;0;6;7;6;12.0;0;0;6;6;6;14.0;0;12.4;0.5;1.79;Graduate;706;A;data latih;Tidak dipanggil
MHS4319;1;1;1;171;1;1;161.0;41;1;1;9;7;163.1;1;0;0;0;0;0;19;1;6;12;12;12;15.25;0;4;11;12;11;15.0;0;8.9;1.4;3.51;Graduate;616;C;data latih;Tidak dipanggil
MHS4320;1;17;1;9773;1;1;136.0;1;19;38;9;9;121.7;1;0;0;1;1;1;19;0;0;6;9;5;12.4;0;0;6;6;6;13.166666666666666;0;12.7;3.7;-1.7;Graduate;695;A;data latih;Tidak dipanggil
MHS4321;1;15;1;9147;1;1;135.0;26;1;1;9;7;135.0;0;0;1;1;1;0;21;1;0;5;9;3;12.333333333333334;0;0;5;8;4;11.25;0;8.9;1.4;3.51;Enrolled;562;D;mahasiswa aktif;Berjuang secara akademik
MHS4322;4;39;1;9991;0;1;147.0;1;19;19;7;8;147.9;0;0;0;1;0;0;28;0;0;5;8;4;11.5;0;0;5;7;4;12.0;0;10.8;1.4;1.74;Enrolled;582;D;mahasiswa aktif;Berjuang secara akademik
MHS4323;1;1;1;9773;1;1;124.0;17;1;1;3;5;118.1;1;0;1;0;0;0;19;1;0;6;8;5;12.2;0;0;6;6;4;11.75;0;16.2;0.3;-0.92;Dropout;501;E;data latih;Terhalang biaya
MHS4324;1;39;1;9991;0;19;133.1;1;37;37;9;6;105.3;0;0;1;1;0;0;28;0;0;5;14;2;10.5;0;0;5;6;0;0.0;0;12.4;0.5;1.79;Dropout;529;E;data latih;Berjuang secara akademik
MHS4325;1;1;1;9500;1;1;141.0;1;19;19;7;9;139.8;0;0;0;1;0;1;19;0;0;8;8;7;14.4;0;0;8;8;7;14.4;0;12.7;3.7;-1.7;Graduate;733;A;data latih;Tidak dipanggil
MHS4326;2;7;1;8014;0;3;130.0;1;19;38;3;7;130.0;0;0;0;1;0;0;32;0;8;14;18;13;12.846153846153848;0;7;11;19;10;12.8;0;10.8;1.4;1.74;Graduate;649;C;data latih;Tidak dipanggil
MHS4327;1;39;1;8014;0;39;110.0;1;19;37;9;8;127.5;0;0;1;0;0;0;26;0;0;6;13;4;12.0;0;0;6;7;5;13.2;0;16.2;0.3;-0.92;Dropout;493;E;data latih;Terhalang biaya
MHS4328;2;39;1;9147;1;12;133.1;1;37;37;9;9;120.0;0;0;0;1;0;0;25;0;0;5;0;0;0.0;0;0;5;0;0;0.0;0;9.4;-0.8;-3.12;Dropout;526;E;data latih;Menghilang dari kelas
MHS4329;2;43;2;9853;1;1;130.0;1;38;31;4;1;124.2;0;0;0;1;0;0;31;0;3;7;8;6;13.666666666666666;0;1;6;8;5;13.5;0;9.4;-0.8;-3.12;Dropout;620;C;data latih;Tidak dipanggil
MHS4330;1;17;1;9238;1;1;120.0;1;37;1;9;5;113.4;1;0;0;1;0;1;20;0;0;6;10;5;11.857142857142858;0;0;6;8;6;11.666666666666666;0;12.7;3.7;-1.7;Graduate;660;B;data latih;Tidak dipanggil
MHS4331;1;1;4;9238;1;1;133.1;1;1;37;8;9;118.0;1;0;0;1;0;0;19;0;0;6;0;0;0.0;0;0;6;0;0;0.0;0;12.7;3.7;-1.7;Dropout;570;D;data latih;Menghilang dari kelas
MHS4332;1;17;1;171;1;1;145.0;1;37;19;5;9;130.0;1;0;0;1;0;0;23;0;0;0;0;0;0.0;0;0;0;0;0;0.0;0;11.1;0.6;2.02;Dropout;542;E;data latih;Menghilang dari kelas
MHS4333;1;1;1;9238;1;1;131.0;1;37;1;9;9;135.9;1;0;0;1;0;0;18;0;0;6;8;5;13.2;0;0;6;6;6;11.333333333333334;0;9.4;-0.8;-3.12;Graduate;652;C;data latih;Tidak dipanggil
MHS4334;1;1;2;9238;1;1;147.0;1;19;38;9;8;135.8;1;0;0;1;0;1;19;0;0;6;8;6;12.714285714285714;0;0;6;12;5;11.0;0;13.9;-0.3;0.79;Dropout;655;C;data latih;Tidak dipanggil
MHS4335;1;1;1;9254;1;1;138.0;1;38;19;9;10;133.1;0;0;0;1;0;0;18;0;0;6;6;6;12.5;0;0;6;6;6;12.666666666666666;0;15.5;2.8;-4.06;Graduate;683;B;data latih;Tidak dipanggil
MHS4336;1;1;1;9147;1;1;123.0;1;1;1;4;6;118.8;1;0;0;1;0;0;21;0;0;5;9;3;10.666666666666666;0;0;5;13;2;12.5;0;7.6;2.6;0.32;Enrolled;617;C;mahasiswa aktif;Tidak dipanggil
MHS4337;1;1;2;9773;1;1;129.0;1;37;37;9;7;117.1;1;0;0;1;0;0;20;0;0;6;12;1;17.0;0;0;6;12;1;17.0;0;9.4;-0.8;-3.12;Enrolled;626;C;mahasiswa aktif;Tidak dipanggil
MHS4338;1;1;1;9085;1;1;125.0;1;1;19;4;9;114.5;1;0;0;1;0;0;24;0;0;5;6;5;13.0;1;0;5;9;4;13.25;0;12.7;3.7;-1.7;Graduate;628;C;data latih;Tidak dipanggil
MHS4339;1;1;1;9670;1;1;131.0;1;37;37;9;6;127.2;0;0;0;1;0;1;18;0;0;5;7;3;12.666666666666666;0;0;5;5;4;12.5;0;9.4;-0.8;-3.12;Enrolled;659;B;mahasiswa aktif;Tidak dipanggil
MHS4340;1;42;1;9500;1;1;100.0;1;3;37;2;6;130.0;1;0;0;1;0;0;25;0;0;14;14;12;13.291666666666666;1;0;14;14;12;13.291666666666666;1;7.6;2.6;0.32;Graduate;677;B;data latih;Tidak dipanggil
MHS4341;1;17;1;9085;1;1;120.0;1;2;3;2;2;116.1;0;0;0;1;0;0;20;0;0;5;12;3;11.666666666666666;2;0;5;11;4;11.5;1;9.4;-0.8;-3.12;Graduate;588;D;data uji;Berjuang secara akademik
MHS4342;1;17;2;9500;1;1;145.0;1;19;37;5;9;130.5;1;0;0;1;0;0;18;0;0;8;8;7;14.24;0;0;8;8;7;14.24;0;10.8;1.4;1.74;Graduate;699;A;data latih;Tidak dipanggil
MHS4343;1;39;1;9670;1;1;120.0;1;34;34;0;0;104.0;1;0;0;1;0;0;24;0;0;5;10;3;13.0;0;0;5;11;3;11.333333333333334;0;7.6;2.6;0.32;Dropout;571;D;data latih;Berjuang secara akademik
MHS4344;1;17;2;9500;1;1;140.0;1;1;1;5;10;128.5;1;0;0;1;0;0;18;0;0;7;9;5;14.06;0;0;7;9;6;12.571428571428571;0;12.4;0.5;1.79;Enrolled;675;B;mahasiswa aktif;Tidak dipanggil
MHS4345;1;17;5;9238;1;1;134.0;1;38;37;9;9;126.0;0;0;1;0;0;0;21;0;0;6;10;5;11.833333333333334;0;0;6;10;5;13.2;0;13.9;-0.3;0.79;Dropout;523;E;data uji;Terhalang biaya
MHS4346;1;1;1;9773;1;1;140.0;1;1;19;5;10;141.1;1;0;0;1;0;0;18;0;0;6;6;6;12.833333333333334;0;0;6;6;6;13.333333333333334;0;9.4;-0.8;-3.12;Graduate;694;B;data latih;Tidak dipanggil
MHS4347;1;17;2;9254;1;1;107.0;1;12;19;5;5;102.8;1;0;0;1;0;0;20;0;0;6;16;1;10.0;0;0;6;12;0;0.0;0;10.8;1.4;1.74;Dropout;552;D;data latih;Berjuang secara akademik
MHS4348;1;17;5;9147;1;1;133.0;1;1;1;4;4;129.2;1;0;0;1;0;0;19;0;0;5;9;2;11.0;0;0;5;12;2;10.0;0;7.6;2.6;0.32;Dropout;585;D;data latih;Berjuang secara akademik
MHS4349;1;1;1;9500;1;1;127.0;1;3;1;2;9;119.3;1;0;0;1;0;0;20;0;0;7;7;7;14.105714285714289;0;0;8;8;8;13.6625;0;11.1;0.6;2.02;Graduate;697;A;data uji;Tidak dipanggil
MHS4350;1;1;5;9500;1;1;141.0;1;38;19;9;6;126.3;1;0;0;1;0;0;20;0;0;8;12;7;12.471428571428572;0;0;8;12;7;12.471428571428572;0;12.7;3.7;-1.7;Graduate;687;B;data latih;Tidak dipanggil
MHS4351;1;44;1;9085;1;39;140.0;1;3;1;4;3;140.0;1;0;0;1;0;1;20;0;2;6;11;6;11.833333333333334;0;1;6;17;5;11.857142857142858;0;12.4;0.5;1.79;Graduate;659;B;data latih;Tidak dipanggil
MHS4352;1;1;3;9070;1;1;150.0;1;1;1;4;8;131.5;1;0;0;1;0;0;20;0;0;6;6;6;12.5;0;0;6;6;6;12.833333333333334;0;7.6;2.6;0.32;Graduate;689;B;data latih;Tidak dipanggil
MHS4353;1;1;6;9853;1;1;140.0;1;38;38;9;7;137.6;1;0;0;1;0;0;18;0;0;6;7;6;11.666666666666666;0;0;6;7;6;12.333333333333334;0;10.8;1.4;1.74;Dropout;670;B;data latih;Tidak dipanggil
MHS4354;1;1;1;171;1;1;141.0;1;3;1;4;4;142.8;1;0;0;1;0;0;18;0;0;0;0;0;0.0;0;0;0;0;0;0.0;0;12.4;0.5;1.79;Graduate;562;D;data latih;Menghilang dari kelas
MHS4355;4;39;1;9991;0;1;150.0;1;37;38;9;9;146.2;0;0;0;1;0;0;30;0;0;5;11;3;10.333333333333334;0;0;5;10;4;12.8;0;12.4;0.5;1.79;Enrolled;565;D;mahasiswa aktif;Berjuang secara akademik
MHS4356;1;1;2;9085;1;1;160.0;1;4;19;2;5;162.1;1;0;0;1;0;0;18;0;0;5;8;5;16.166666666666668;2;0;5;9;5;14.285714285714286;1;9.4;-0.8;-3.12;Graduate;648;C;data latih;Tidak dipanggil
MHS4357;1;39;1;9085;1;19;133.1;1;37;37;4;8;140.0;0;0;0;1;0;0;35;0;0;6;11;3;12.666666666666666;0;0;6;7;0;0.0;0;11.1;0.6;2.02;Dropout;569;D;data latih;Berjuang secara akademik
MHS4358;1;39;1;8014;0;1;133.1;1;19;37;7;8;120.0;0;0;1;0;0;0;31;0;0;6;14;2;10.5;0;0;6;6;3;12.333333333333334;0;11.1;0.6;2.02;Dropout;486;E;data latih;Terhalang biaya
MHS4359;1;43;1;9254;1;1;134.0;1;37;37;9;9;133.3;1;0;1;1;0;0;19;0;0;6;13;2;11.5;0;0;6;13;1;11.0;0;7.6;2.6;0.32;Dropout;555;D;data latih;Berjuang secara akademik
MHS4360;1;1;4;9238;1;1;130.0;1;1;19;4;5;124.8;1;0;0;1;0;0;19;0;0;6;6;6;13.0;0;0;6;8;5;13.4;0;8.9;1.4;3.51;Graduate;661;B;data latih;Tidak dipanggil
MHS4361;1;17;4;9500;1;1;140.0;1;19;37;4;8;133.3;1;0;0;1;0;0;19;0;0;7;7;6;11.966666666666669;0;0;7;7;6;11.966666666666669;0;7.6;2.6;0.32;Graduate;677;B;data uji;Tidak dipanggil
MHS4362;1;17;1;9500;1;1;145.0;1;3;3;2;3;141.8;0;0;0;1;0;0;19;0;0;8;8;8;13.3475;0;0;8;8;8;13.3475;0;9.4;-0.8;-3.12;Graduate;690;B;data latih;Tidak dipanggil
MHS4363;1;1;3;9085;1;1;133.0;1;1;38;9;90;128.2;0;0;0;1;0;0;21;0;0;5;7;5;12.0;0;0;5;7;4;12.5;0;7.6;2.6;0.32;Graduate;622;C;data latih;Tidak dipanggil
MHS4364;1;17;3;9853;1;1;133.1;1;34;34;0;0;115.0;0;0;0;1;0;0;18;0;0;6;10;2;10.5;0;0;6;13;0;0.0;0;7.6;2.6;0.32;Dropout;583;D;data latih;Berjuang secara akademik
MHS4365;1;17;1;9238;1;1;132.0;1;37;37;9;9;123.6;1;0;0;1;0;0;18;0;0;6;9;4;11.5;0;0;6;10;4;10.75;0;7.6;2.6;0.32;Enrolled;598;D;mahasiswa aktif;Berjuang secara akademik
MHS4366;1;1;2;171;1;1;117.0;1;38;38;4;9;120.2;1;0;0;1;1;0;19;0;0;0;0;0;0.0;0;0;0;0;0;0.0;0;7.6;2.6;0.32;Graduate;560;D;data latih;Menghilang dari kelas
MHS4367;1;1;1;9670;1;1;127.0;1;3;19;3;9;127.0;1;0;0;1;1;0;18;0;0;6;9;6;13.571428571428571;0;0;6;11;4;14.0;0;12.4;0.5;1.79;Graduate;659;B;data uji;Tidak dipanggil
MHS4368;1;17;1;9085;1;1;134.0;1;19;19;1;1;120.4;1;0;0;1;1;0;18;0;0;6;10;6;14.7;0;0;6;10;6;12.0;0;16.2;0.3;-0.92;Graduate;684;B;data uji;Tidak dipanggil
MHS4369;1;39;1;9991;0;1;120.0;1;37;37;9;9;120.0;1;0;0;0;1;0;25;0;0;5;5;0;0.0;0;0;5;5;0;0.0;0;9.4;-0.8;-3.12;Dropout;445;E;data latih;Terhalang biaya
MHS4370;1;1;1;9500;1;1;136.0;1;2;2;3;3;120.0;1;0;0;1;1;0;18;0;0;7;8;6;11.833333333333334;0;0;7;8;6;11.833333333333334;0;7.6;2.6;0.32;Enrolled;686;B;mahasiswa aktif;Tidak dipanggil
MHS4371;1;1;3;171;1;1;137.0;1;1;3;5;2;133.9;1;0;0;1;1;0;19;0;0;0;0;0;0.0;0;0;0;0;0;0.0;0;12.7;3.7;-1.7;Graduate;560;D;data latih;Menghilang dari kelas
MHS4372;1;1;6;9500;1;1;118.0;1;38;19;3;3;113.5;1;0;0;1;1;0;18;0;0;7;7;7;13.175714285714289;0;0;8;8;8;14.925;0;12.4;0.5;1.79;Graduate;704;A;data latih;Tidak dipanggil
MHS4373;1;39;1;9003;1;1;130.0;1;12;12;9;9;126.1;0;0;0;1;1;0;24;0;0;6;7;0;0.0;0;0;6;10;0;0.0;0;12.4;0.5;1.79;Dropout;525;E;data uji;Berjuang secara akademik
MHS4374;1;1;1;9238;1;1;124.0;1;37;37;7;9;121.2;0;0;0;1;0;0;19;0;0;6;12;2;13.0;0;0;6;9;6;10.833333333333334;0;7.6;2.6;0.32;Enrolled;650;C;mahasiswa aktif;Tidak dipanggil
MHS4375;5;7;1;9500;1;40;150.0;1;37;37;4;9;150.0;0;0;0;1;0;0;29;0;1;8;11;7;13.742857142857144;0;1;8;11;7;13.742857142857144;0;12.7;3.7;-1.7;Graduate;663;B;data latih;Tidak dipanggil
MHS4376;1;43;1;9991;0;1;161.0;1;37;37;9;9;100.0;1;0;0;1;0;0;27;0;0;5;5;0;0.0;0;0;5;5;0;0.0;0;7.6;2.6;0.32;Dropout;531;E;data latih;Menghilang dari kelas
MHS4377;1;17;6;9500;1;1;143.0;1;38;1;9;10;127.3;1;0;0;1;0;0;18;0;0;7;8;7;12.217142857142855;0;0;8;11;7;12.11875;0;11.1;0.6;2.02;Graduate;684;B;data latih;Tidak dipanggil
MHS4378;2;43;1;9991;0;1;130.0;1;37;37;9;9;103.8;0;0;0;1;0;0;28;0;14;15;15;14;11.071428571428571;0;12;14;16;12;11.333333333333334;1;9.4;-0.8;-3.12;Dropout;615;C;data uji;Tidak dipanggil
MHS4379;2;39;1;9853;1;19;133.1;1;37;37;9;9;131.0;0;0;0;1;0;1;32;0;0;7;10;7;13.428571428571429;0;2;8;8;8;13.25;0;13.9;-0.3;0.79;Graduate;675;B;data uji;Tidak dipanggil
MHS4380;1;39;1;9991;0;1;110.0;1;37;37;7;7;133.9;0;0;0;1;0;0;30;0;0;5;7;5;11.4;0;0;5;6;5;13.666666666666666;0;10.8;1.4;1.74;Dropout;585;D;data uji;Berjuang secara akademik
MHS4381;1;7;1;9500;1;2;140.0;1;38;37;7;8;140.0;0;0;0;1;0;0;29;0;0;8;14;4;11.325;1;0;8;14;4;11.325;1;12.7;3.7;-1.7;Dropout;568;D;data latih;Berjuang secara akademik
MHS4382;1;1;2;9238;1;1;145.0;1;1;19;4;8;121.4;0;0;0;1;0;0;20;0;0;6;13;0;0.0;0;0;5;11;0;0.0;0;9.4;-0.8;-3.12;Enrolled;568;D;mahasiswa aktif;Berjuang secara akademik
MHS4383;1;1;1;9500;1;1;131.0;1;1;1;9;9;122.0;0;0;0;1;0;0;19;0;0;8;8;7;15.0;0;0;8;8;7;15.0;0;12.7;3.7;-1.7;Graduate;704;A;data uji;Tidak dipanggil
MHS4384;1;39;2;8014;0;1;141.0;1;37;37;9;9;150.5;0;0;0;1;0;0;29;0;0;6;7;6;13.166666666666666;0;0;6;8;6;15.625;0;12.4;0.5;1.79;Graduate;662;B;data latih;Tidak dipanggil
MHS4385;2;1;1;9238;1;1;145.0;1;37;34;9;7;139.4;0;0;0;0;0;0;27;0;0;6;12;2;11.0;0;0;6;14;4;10.5;0;9.4;-0.8;-3.12;Dropout;515;E;data latih;Terhalang biaya
MHS4386;1;1;1;9238;1;1;122.0;1;19;19;193;194;112.6;0;0;0;1;0;0;19;0;0;6;0;0;0.0;0;0;6;0;0;0.0;0;12.4;0.5;1.79;Dropout;570;D;data uji;Menghilang dari kelas
MHS4387;1;17;1;9670;1;1;118.0;1;37;38;8;7;115.2;1;0;0;1;0;1;21;0;0;5;7;3;12.333333333333334;0;0;5;5;2;12.5;0;7.6;2.6;0.32;Dropout;648;C;data latih;Tidak dipanggil
MHS4388;2;1;1;9991;0;1;150.0;1;37;37;9;9;131.8;0;0;0;0;0;0;29;0;0;5;6;4;12.25;0;0;5;6;5;10.166666666666666;0;10.8;1.4;1.74;Dropout;505;E;data latih;Terhalang biaya
MHS4389;2;43;1;9147;1;2;120.0;1;37;37;9;9;122.8;0;0;1;0;0;0;42;0;13;13;13;13;11.923076923076923;0;12;12;12;12;12.5;0;15.5;2.8;-4.06;Dropout;541;E;data latih;Terhalang biaya
MHS4390;1;1;1;9238;1;1;167.0;1;19;19;9;7;156.2;0;0;0;1;0;1;18;0;0;6;6;6;14.333333333333334;0;0;6;7;6;14.142857142857142;0;15.5;2.8;-4.06;Graduate;736;A;data uji;Tidak dipanggil
MHS4391;1;39;1;9085;1;1;150.0;1;38;38;9;9;132.0;1;0;0;1;0;0;24;0;0;5;6;5;12.0;0;0;5;5;5;13.0;0;10.8;1.4;1.74;Graduate;596;D;data latih;Berjuang secara akademik
MHS4392;2;7;1;9500;1;3;130.0;1;37;37;9;5;130.0;0;0;0;1;0;0;32;0;0;7;9;7;13.761111111111113;0;1;8;11;7;12.06375;0;15.5;2.8;-4.06;Enrolled;658;B;mahasiswa aktif;Tidak dipanggil
MHS4393;1;1;1;9147;1;1;151.0;1;37;1;4;10;138.4;0;0;0;1;0;0;18;0;0;5;6;4;11.25;0;0;5;8;5;11.0;0;10.8;1.4;1.74;Enrolled;594;D;mahasiswa aktif;Berjuang secara akademik
MHS4394;1;39;1;9991;0;1;120.0;1;38;38;5;7;146.2;0;0;0;1;0;0;27;0;0;5;10;3;12.333333333333334;0;0;5;10;3;10.666666666666666;0;11.1;0.6;2.02;Graduate;562;D;data latih;Berjuang secara akademik
MHS4395;1;1;4;9500;1;1;168.0;1;38;1;9;10;166.0;1;0;0;1;0;0;18;0;0;8;8;8;14.88875;0;0;8;8;8;14.88875;0;9.4;-0.8;-3.12;Graduate;706;A;data latih;Tidak dipanggil
MHS4396;1;17;3;9773;1;1;153.0;1;34;34;99;99;133.1;1;0;1;1;0;1;19;0;0;6;8;6;12.166666666666666;0;0;6;8;5;12.4;0;9.4;-0.8;-3.12;Dropout;643;C;data latih;Tidak dipanggil
MHS4397;1;1;2;9773;1;1;131.0;1;19;37;9;10;121.9;1;0;0;1;0;1;18;0;0;6;7;6;12.666666666666666;0;0;6;6;6;13.333333333333334;0;11.1;0.6;2.02;Graduate;720;A;data uji;Tidak dipanggil
MHS4398;1;5;4;9853;1;1;116.0;1;3;38;3;8;110.4;1;0;0;1;0;0;21;0;0;6;9;5;12.6;0;0;6;9;3;11.666666666666666;0;9.4;-0.8;-3.12;Enrolled;584;D;mahasiswa aktif;Berjuang secara akademik
MHS4399;1;39;1;9147;1;1;160.0;1;38;38;7;9;121.4;0;1;0;1;0;1;26;0;0;5;8;4;13.0;0;0;5;10;4;12.25;2;16.2;0.3;-0.92;Graduate;625;C;data latih;Tidak dipanggil
MHS4400;1;1;1;9254;1;1;152.0;1;37;19;9;9;137.0;1;0;0;1;0;1;22;0;0;6;9;6;13.875;0;0;6;6;6;14.333333333333334;0;9.4;-0.8;-3.12;Graduate;714;A;data uji;Tidak dipanggil
MHS4401;2;39;1;9991;0;1;133.1;1;37;37;6;3;140.0;0;0;1;1;1;0;37;0;0;5;10;4;10.75;0;0;5;12;3;13.333333333333334;0;9.4;-0.8;-3.12;Dropout;559;D;data uji;Berjuang secara akademik
MHS4402;1;7;1;9085;1;3;150.0;1;19;37;90;90;140.0;0;0;0;1;1;0;24;0;3;5;10;3;14.666666666666666;1;0;5;5;0;0.0;0;7.6;2.6;0.32;Dropout;575;D;data latih;Berjuang secara akademik
MHS4403;1;18;2;9853;1;1;168.0;1;1;19;3;9;126.8;1;0;0;1;1;0;18;0;0;6;7;5;12.6;0;0;6;6;6;13.0;0;10.8;1.4;1.74;Enrolled;657;B;mahasiswa aktif;Tidak dipanggil
MHS4404;1;17;3;9500;1;1;137.0;1;1;1;4;10;124.8;1;0;0;1;1;1;19;0;0;7;11;6;12.4125;0;0;8;12;7;11.2625;0;15.5;2.8;-4.06;Graduate;684;B;data latih;Tidak dipanggil
MHS4405;2;39;1;9130;1;19;133.1;1;2;1;8;8;120.0;1;0;1;0;1;0;28;0;0;6;12;1;11.0;0;0;6;9;2;10.5;0;16.2;0.3;-0.92;Dropout;432;E;data latih;Terhalang biaya
MHS4406;1;1;4;9500;1;1;160.0;1;37;37;7;7;133.0;1;0;0;1;1;1;18;0;0;8;8;7;14.314285714285717;0;0;8;8;7;14.314285714285717;0;12.7;3.7;-1.7;Graduate;735;A;data latih;Tidak dipanggil
MHS4407;1;1;1;9070;1;1;145.0;1;1;38;5;7;127.5;1;0;0;1;1;0;20;0;0;6;6;4;12.0;0;0;6;8;2;11.333333333333334;0;10.8;1.4;1.74;Enrolled;597;D;mahasiswa aktif;Berjuang secara akademik
MHS4408;1;1;1;9773;1;1;138.0;1;1;19;4;4;131.7;1;0;0;1;1;0;18;0;0;6;6;6;12.833333333333334;0;0;6;7;6;13.285714285714286;0;15.5;2.8;-4.06;Graduate;694;B;data uji;Tidak dipanggil
MHS4409;2;39;1;9773;1;1;100.0;1;37;37;9;9;133.0;0;0;0;1;1;0;47;0;0;6;8;5;11.4;0;0;6;10;6;11.666666666666666;0;12.7;3.7;-1.7;Dropout;599;C;data uji;Tidak dipanggil
MHS4410;2;43;1;9991;0;1;140.0;1;37;37;4;1;122.7;0;0;0;1;1;0;38;0;0;5;5;5;14.6;0;0;5;6;5;14.333333333333334;0;13.9;-0.3;0.79;Graduate;611;C;data latih;Tidak dipanggil
MHS4411;1;1;1;9070;1;1;124.0;1;37;19;9;4;121.2;0;0;0;1;1;1;20;0;1;6;7;6;13.5;0;1;6;9;5;12.5;0;10.8;1.4;1.74;Graduate;679;B;data uji;Tidak dipanggil
MHS4412;1;44;1;9130;1;39;150.0;1;37;37;9;3;150.0;1;0;0;1;1;0;21;0;1;6;8;6;12.5;0;0;6;11;3;13.333333333333334;0;13.9;-0.3;0.79;Dropout;631;C;data latih;Tidak dipanggil
MHS4413;1;43;1;9070;1;1;125.0;1;19;19;7;8;133.4;1;0;0;1;1;1;19;0;4;6;6;4;13.0;0;2;6;7;5;12.2;0;13.9;-0.3;0.79;Enrolled;652;C;mahasiswa aktif;Tidak dipanggil
MHS4414;1;43;1;33;1;1;143.0;1;37;1;9;10;121.2;1;0;0;1;1;0;25;0;5;10;13;5;11.6;0;2;8;10;2;13.0;0;12.4;0.5;1.79;Enrolled;599;C;mahasiswa aktif;Tidak dipanggil
MHS4415;1;1;1;9130;1;1;137.0;1;3;38;3;5;129.3;1;0;0;1;0;0;18;0;0;5;6;5;11.8;1;0;5;8;5;11.6;0;9.4;-0.8;-3.12;Graduate;588;D;data latih;Berjuang secara akademik
MHS4416;4;39;1;9500;1;19;133.1;1;37;37;6;6;117.8;0;0;1;0;0;0;46;0;0;7;14;3;12.333333333333334;0;0;7;12;3;11.083333333333334;0;11.1;0.6;2.02;Dropout;473;E;data latih;Terhalang biaya
MHS4417;1;43;2;9500;1;1;136.0;1;38;38;9;5;131.3;0;0;0;1;0;0;23;0;11;14;15;12;12.625;1;11;14;15;12;12.625;1;7.6;2.6;0.32;Graduate;665;B;data latih;Tidak dipanggil
MHS4418;1;1;1;9070;1;1;132.0;1;1;1;9;9;133.8;1;0;0;1;0;1;20;0;0;6;6;6;13.833333333333334;0;0;6;6;6;13.5;0;16.2;0.3;-0.92;Graduate;723;A;data latih;Tidak dipanggil
MHS4419;1;44;1;9070;1;39;120.0;1;3;38;3;9;120.0;0;0;0;1;1;0;20;0;2;7;7;6;12.5;0;5;9;10;7;13.142857142857142;1;16.2;0.3;-0.92;Graduate;679;B;data latih;Tidak dipanggil
MHS4420;1;1;6;9773;1;1;125.0;1;1;1;5;4;122.2;0;0;0;1;1;0;19;0;0;6;7;5;13.6;0;0;6;8;5;12.666666666666666;0;15.5;2.8;-4.06;Graduate;634;C;data latih;Tidak dipanggil
MHS4421;1;1;2;9773;1;1;120.0;105;1;1;9;9;119.0;1;0;1;0;0;0;18;1;0;6;6;6;12.0;0;0;6;6;2;11.0;0;11.1;0.6;2.02;Dropout;512;E;data latih;Terhalang biaya
MHS4422;1;1;1;9500;1;1;154.0;1;37;37;9;9;149.5;1;0;0;1;0;1;30;0;0;7;8;7;14.9125;0;0;8;9;1;13.5;0;13.9;-0.3;0.79;Dropout;680;B;data latih;Tidak dipanggil
MHS4423;1;1;1;9147;1;1;180.0;1;37;37;7;4;153.8;1;0;0;1;0;1;20;0;0;5;5;5;13.8;0;0;5;6;5;12.0;0;9.4;-0.8;-3.12;Graduate;658;B;data latih;Tidak dipanggil
MHS4424;1;10;1;9773;1;1;152.0;22;38;37;5;9;152.0;1;0;0;1;0;0;22;1;0;6;8;6;11.666666666666666;0;0;6;6;6;13.0;0;12.7;3.7;-1.7;Graduate;662;B;data latih;Tidak dipanggil
